Div;Date;HomeTeam;AwayTeam;FTHG;FTAG;FTR;HTHG;HTAG;HTR;HS;AS;HF;AF;HC;AC;HY;AY;HR;AR;B365H;B365D;B365A;BWH;BWD;BWA;GBH;GBD;GBA;IWH;IWD;IWA;LBH;LBD;LBA;SBH;SBD;SBA;WHH;WHD;WHA;GB>2.5;GB<2.5;B365>2.5;B365<2.5;GBAHH;GBAHA;GBAH;LBAHH;LBAHA;LBAH;B365AHH;B365AHA;B365AH
D1;06.08.2004;Werder Bremen;Schalke 04;1;0;H;0;0;D;9;8;22;19;5;2;0;1;0;0;01.wrz;mar.25;03.maj;2;mar.25;03.kwi;02.sty;03.mar;mar.35;02.lut;3;02.wrz;1.909;mar.25;03.kwi;2;03.lut;03.mar;2;03.mar;03.sty;sty.65;02.maj;01.lip;02.sty;01.maj;02.kwi;0;sty.96;sty.88;-0.25;sty.95;sty.95;-0.25
D1;07.08.2004;Dortmund;Wolfsburg;1;2;A;1;1;D;24;9;9;20;7;3;0;3;0;0;sty.57;03.kwi;05.maj;sty.55;03.lip;05.kwi;01.cze;mar.65;05.maj;sty.65;03.mar;04.kwi;1.571;03.maj;5;sty.62;03.kwi;5;sty.61;03.maj;04.maj;sty.65;02.maj;sty.75;02.maj;lut.15;sty.65;-1;01.sie;02.kwi;-0.75;sty.85;02.maj;-0.75
D1;07.08.2004;Freiburg;Hansa Rostock;0;0;D;0;0;D;13;7;16;24;5;5;1;2;0;0;02.sty;mar.25;3;2;mar.25;03.kwi;02.maj;mar.25;03.maj;02.sty;3;03.sty;02.sty;03.lut;3;02.sty;03.lut;03.sty;2;03.mar;03.sty;sty.65;02.maj;sty.65;lut.15;01.maj;02.kwi;0;sty.86;sty.98;-0.25;01.wrz;2;-0.25
D1;07.08.2004;Hamburg;Bayern Munich;0;2;A;0;1;A;13;12;18;24;5;3;3;1;0;0;mar.25;mar.25;2;mar.75;03.kwi;sty.85;mar.65;mar.25;2;03.cze;03.lut;01.wrz;mar.75;03.lut;1.833;03.mar;03.lut;2;03.sty;03.mar;2;sty.65;02.maj;01.sie;2;02.maj;01.lip;0.25;sty.94;01.wrz;0.5;01.wrz;2;0.5
D1;07.08.2004;Hertha;Bochum;2;2;D;2;0;H;21;12;18;14;2;1;1;2;0;0;sty.83;mar.25;mar.75;01.lip;03.maj;04.kwi;sty.85;03.mar;kwi.25;sty.75;03.lut;4;1.833;03.lut;mar.75;01.sie;mar.25;4;01.sie;03.mar;mar.75;sty.71;2;01.cze;02.lut;sty.55;02.mar;-0.25;sty.88;sty.96;-0.5;1.875;2.025;-0.5
D1;07.08.2004;Kaiserslautern;Nurnberg;1;3;A;0;1;A;14;24;24;21;10;8;3;2;0;0;sty.72;mar.25;kwi.33;sty.75;03.kwi;04.lut;01.wrz;03.mar;4;sty.85;03.sty;03.cze;01.sie;mar.25;mar.75;sty.85;mar.25;mar.75;01.sie;03.mar;mar.75;sty.71;2;sty.75;02.maj;sty.65;lut.15;-0.25;sty.92;sty.92;-0.5;01.wrz;2;-0.5
D1;07.08.2004;Leverkusen;Hannover;2;1;H;0;1;A;11;14;21;20;2;2;2;3;0;0;01.maj;03.maj;6;sty.45;4;06.lut;01.cze;03.maj;6;sty.55;03.maj;04.sie;1.533;03.kwi;05.maj;01.maj;03.cze;6;sty.44;mar.75;6;01.cze;lut.15;sty.55;lut.25;02.mar;sty.55;-1.25;02.lut;sty.82;-1;2;01.wrz;-1
D1;08.08.2004;Bielefeld;M'gladbach;0;0;D;0;0;D;14;6;15;17;8;3;0;2;0;1;lut.25;mar.25;lut.75;02.kwi;03.mar;02.cze;lut.35;03.lut;lut.95;02.mar;3;02.lip;lut.25;03.lut;lut.75;lut.38;03.sty;02.lip;02.lut;mar.25;lut.75;sty.71;2;sty.65;lut.15;sty.68;02.sty;0;02.lut;sty.82;-0.25;2.025;1.875;-0.25
D1;08.08.2004;Stuttgart;Mainz;4;2;H;2;0;H;11;7;17;13;3;4;1;2;0;0;01.kwi;mar.75;07.maj;01.kwi;04.lut;06.lip;sty.41;kwi.25;lip.25;01.maj;03.lip;5;01.kwi;mar.75;7;01.kwi;mar.75;07.maj;sty.44;mar.75;6;sty.65;02.maj;01.lip;02.sty;01.lip;02.maj;-1;sty.96;sty.88;-1.25;02.maj;sty.85;-1.25
D1;14.08.2004;Bayern Munich;Hertha;1;1;D;0;1;A;19;9;16;27;6;2;4;5;1;0;01.kwi;4;9;01.mar;04.lip;08.lut;sty.43;4;lip.75;01.kwi;03.wrz;6;sty.36;mar.75;8;01.kwi;4;07.maj;sty.36;4;7;sty.55;lut.25;sty.45;02.kwi;01.lip;02.maj;-1;sty.76;02.sie;-1.25;sty.75;lut.15;-1.25
D1;14.08.2004;Hansa Rostock;Werder Bremen;0;4;A;0;0;D;11;14;18;23;6;4;1;2;0;0;02.sie;mar.25;02.lut;03.kwi;mar.25;2;03.lut;03.mar;lut.15;02.wrz;3;02.lut;lut.75;mar.25;02.lut;3;03.lut;02.lut;02.wrz;03.lut;lut.15;01.cze;lut.15;sty.75;02.maj;sty.95;01.wrz;0.25;sty.94;01.wrz;0.25;1.875;2.025;0.25
D1;14.08.2004;Mainz;Hamburg;2;1;H;0;1;A;14;8;16;30;1;9;1;3;0;0;02.cze;03.lut;02.kwi;02.maj;03.mar;02.maj;lut.65;03.mar;02.maj;02.maj;3;02.maj;02.cze;03.lut;lut.38;02.cze;03.lut;02.maj;02.maj;mar.25;02.kwi;sty.55;lut.25;sty.75;02.maj;02.lut;01.cze;-0.25;sty.98;sty.86;0;2.025;1.875;0
D1;14.08.2004;M'gladbach;Dortmund;2;3;A;2;3;A;18;12;17;24;5;4;4;1;0;0;02.maj;03.lut;02.maj;02.maj;03.mar;02.maj;lut.45;03.mar;02.lip;02.mar;3;02.lip;02.kwi;mar.25;02.maj;02.cze;03.lut;02.maj;02.kwi;03.sty;02.cze;sty.79;01.wrz;01.wrz;01.wrz;02.mar;sty.55;-0.25;sty.96;sty.88;0;sty.95;sty.95;0
D1;14.08.2004;Nurnberg;Stuttgart;1;1;D;1;1;D;16;5;19;16;2;3;2;4;0;1;02.sie;mar.25;02.lut;03.lut;03.mar;02.maj;mar.25;mar.15;02.lut;02.wrz;3;02.lut;02.sie;03.lut;02.lut;lut.88;03.lut;lut.25;lut.62;03.lut;02.mar;sty.79;01.wrz;sty.85;sty.95;sty.95;01.wrz;0.25;2;sty.84;0.25;sty.95;sty.95;0.25
D1;14.08.2004;Schalke 04;Kaiserslautern;2;1;H;1;1;D;21;5;10;16;11;2;1;2;0;1;sty.53;03.maj;05.maj;01.maj;03.lip;6;sty.51;03.sie;cze.45;01.maj;03.lip;5;01.maj;03.kwi;6;sty.53;03.cze;6;01.maj;03.kwi;6;sty.65;02.maj;01.lip;02.sty;02.lut;01.cze;-1.25;01.sie;02.kwi;-1;01.wrz;2;-1
D1;15.08.2004;Bochum;Leverkusen;2;2;D;1;0;H;13;18;25;27;7;5;3;1;0;0;lut.37;03.lut;lut.62;02.maj;03.mar;02.maj;lut.45;03.lut;02.sie;02.lut;3;02.wrz;lut.38;03.lut;02.cze;02.kwi;03.lut;02.lip;02.mar;03.sty;lut.75;01.cze;lut.15;01.sie;2;02.lut;01.cze;-0.25;01.wrz;sty.94;0;sty.85;02.maj;0
D1;15.08.2004;Wolfsburg;Freiburg;0;1;A;0;0;D;14;7;25;13;10;2;1;1;0;0;sty.61;03.kwi;5;sty.65;03.cze;04.lip;sty.65;03.maj;05.mar;sty.65;03.mar;04.kwi;sty.62;03.maj;04.maj;sty.62;03.kwi;05.maj;sty.61;03.mar;5;sty.55;lut.25;01.cze;02.lut;02.sty;sty.65;-1;sty.96;sty.88;-1;1.775;2.125;-0.75
D1;28.08.2004;Bielefeld;Bochum;1;2;A;0;1;A;21;8;18;22;13;2;1;4;0;1;02.mar;03.lut;02.lip;02.kwi;03.mar;02.cze;lut.45;mar.35;02.lip;02.kwi;3;02.cze;02.kwi;mar.25;02.maj;02.kwi;03.lut;02.lip;02.kwi;03.sty;02.cze;sty.85;sty.85;01.sie;2;sty.85;2;0;sty.86;sty.98;0;01.wrz;2;0
D1;28.08.2004;Freiburg;M'gladbach;1;1;D;1;0;H;10;13;15;11;3;3;0;3;0;0;01.wrz;mar.25;03.maj;sty.95;03.mar;03.maj;sty.95;mar.35;03.lip;02.sty;3;03.sty;sty.91;mar.25;03.kwi;2;03.lut;03.maj;2;03.lut;03.lut;sty.71;2;sty.65;02.lut;sty.65;02.sty;-0.25;lut.14;01.lip;-0.5;1.825;2.075;-0.25
D1;28.08.2004;Hamburg;Nurnberg;4;3;H;2;1;H;14;15;20;22;6;5;1;3;0;0;01.sie;mar.25;4;sty.75;03.kwi;04.lut;01.sie;mar.45;kwi.25;sty.75;03.lut;4;01.sie;mar.25;mar.75;01.sie;03.kwi;4;01.wrz;03.lut;03.maj;01.cze;lut.15;sty.66;lut.15;2;sty.85;-0.75;02.lut;sty.82;0.5;02.sty;01.sie;-0.75
D1;28.08.2004;Hertha;Mainz;1;1;D;0;0;D;13;8;20;24;3;4;1;1;0;0;sty.53;03.kwi;6;01.maj;03.sie;05.sie;01.maj;03.wrz;cze.35;01.maj;03.lip;5;sty.53;03.maj;05.maj;01.maj;03.cze;06.maj;01.maj;03.kwi;6;01.cze;lut.15;sty.57;02.mar;sty.75;2;-1;02.kwi;01.sie;-1.25;2;01.wrz;-1.25
D1;28.08.2004;Kaiserslautern;Stuttgart;2;3;A;2;1;H;10;18;26;13;2;5;3;0;0;0;lut.75;mar.25;lut.25;lut.75;03.mar;02.mar;lut.75;mar.35;02.kwi;02.maj;3;02.maj;lut.75;03.lut;lut.25;02.sie;mar.25;02.mar;lut.62;03.lut;02.mar;sty.75;sty.95;01.sie;2;sty.85;2;0.25;sty.92;sty.92;0.25;01.wrz;2;0.25
D1;28.08.2004;Leverkusen;Bayern Munich;4;1;H;1;0;H;17;16;15;21;7;3;2;1;0;0;02.wrz;03.lut;lut.37;03.lut;03.mar;02.maj;mar.15;mar.25;02.lut;02.cze;3;02.kwi;lut.75;03.lut;lut.25;lut.88;03.lut;02.mar;lut.62;03.sty;lut.37;sty.55;lut.25;01.lip;02.sty;01.wrz;sty.95;0.25;sty.94;01.wrz;0.25;1.925;1.975;0.25
D1;28.08.2004;Schalke 04;Hansa Rostock;0;2;A;0;1;A;19;9;18;19;6;4;2;2;1;0;01.maj;03.maj;6;01.kwi;04.lut;06.cze;01.maj;mar.85;06.maj;sty.55;03.maj;04.sie;01.maj;03.kwi;6;sty.44;mar.75;7;sty.44;03.cze;06.maj;01.cze;lut.15;sty.66;lut.15;sty.95;01.wrz;-1.25;sty.94;01.wrz;-1.25;1.975;1.925;-1.25
D1;29.08.2004;Dortmund;Hannover;1;1;D;1;0;H;11;11;11;16;0;7;3;1;0;0;01.maj;03.maj;6;01.kwi;04.lut;06.cze;01.maj;03.wrz;cze.35;sty.45;03.sie;05.kwi;01.maj;03.kwi;6;sty.44;mar.75;7;01.maj;03.kwi;6;01.cze;lut.15;sty.57;02.mar;02.maj;01.sie;-1.25;02.sty;sty.74;-1.25;02.sty;01.sie;-1.25
D1;29.08.2004;Werder Bremen;Wolfsburg;1;2;A;0;0;D;26;7;21;23;7;0;2;1;0;0;sty.44;mar.75;06.maj;sty.45;04.sty;6;01.maj;03.wrz;cze.35;01.cze;03.kwi;04.cze;sty.44;03.cze;06.maj;sty.44;mar.75;7;sty.44;03.cze;06.maj;sty.55;lut.25;sty.61;lut.25;02.maj;01.sie;-1.25;02.kwi;01.sie;-1.25;02.maj;sty.85;-1.25
D1;11.09.2004;Bayern Munich;Bielefeld;1;0;H;1;0;H;14;5;15;19;3;3;1;1;0;0;01.lut;5;12;01.lut;05.cze;11;01.lut;6;13;01.lut;5;10;sty.25;04.maj;10;01.lut;05.maj;12;sty.25;04.sie;08.maj;01.maj;lut.35;sty.53;02.kwi;02.maj;01.lip;-2;sty.82;02.lut;-1.75;01.sie;02.sty;-1.75
D1;11.09.2004;Bochum;Dortmund;2;2;D;1;0;H;11;15;18;24;3;7;1;4;0;0;2.375;03.lut;2.625;02.maj;03.mar;02.maj;02.maj;03.lut;02.lip;02.kwi;3;02.cze;2.375;03.lut;02.cze;02.kwi;03.lut;02.lip;lut.37;3;02.lip;sty.71;2;sty.85;sty.95;02.sty;sty.67;-0.25;sty.78;02.cze;0;1.875;2.025;0
D1;11.09.2004;Mainz;Leverkusen;2;0;H;0;0;D;11;6;10;18;2;4;0;1;0;0;03.maj;mar.25;1.909;mar.95;03.kwi;01.sie;03.wrz;03.kwi;01.wrz;03.lut;03.sty;2;03.maj;03.lut;1.909;03.kwi;mar.25;2;03.mar;03.lut;sty.95;01.cze;lut.15;sty.65;02.lut;lut.15;sty.65;0.25;sty.94;01.wrz;0.5;1.875;2.025;0.5
D1;11.09.2004;M'gladbach;Werder Bremen;3;1;H;1;0;H;13;16;24;18;3;5;3;2;0;0;2.875;03.lut;02.lut;03.lut;03.mar;02.maj;03.sty;03.lut;lut.25;02.lip;3;02.mar;02.sie;03.lut;02.lut;3;03.lut;02.lut;02.sie;03.lut;02.lut;sty.65;02.maj;01.lip;02.sty;01.wrz;sty.95;0.25;sty.92;sty.92;0.25;01.wrz;2;0.25
D1;11.09.2004;Nurnberg;Hertha;0;0;D;0;0;D;21;12;25;14;7;5;0;2;0;0;lut.25;03.lut;02.sie;02.kwi;03.mar;02.cze;02.kwi;03.lut;lut.85;02.kwi;3;02.cze;lut.25;03.lut;lut.75;02.mar;mar.25;02.sie;lut.37;03.sty;lut.62;sty.71;2;sty.75;02.maj;02.sty;sty.67;-0.25;sty.78;02.cze;0;01.sie;02.sty;0
D1;11.09.2004;Stuttgart;Hamburg;2;0;H;1;0;H;11;14;20;20;4;5;1;3;0;0;1.571;03.cze;5;01.maj;03.wrz;05.cze;sty.65;03.kwi;05.cze;01.cze;03.kwi;04.cze;1.571;03.maj;5;sty.61;03.kwi;05.maj;sty.57;03.maj;5;sty.65;02.maj;sty.75;02.maj;02.sty;sty.67;-1;sty.74;02.sty;-0.75;1.775;2.125;-0.75
D1;11.09.2004;Wolfsburg;Schalke 04;3;0;H;2;0;H;20;18;20;20;6;4;3;5;0;0;02.mar;03.lut;02.lip;02.kwi;03.mar;02.cze;02.mar;mar.25;3;02.lut;3;02.wrz;02.lut;mar.25;lut.75;lut.25;03.lut;02.wrz;02.lut;03.lut;02.sie;sty.71;2;01.lip;02.sty;01.lip;02.maj;0;sty.98;sty.86;-0.25;2.025;1.875;-0.25
D1;12.09.2004;Hannover;Freiburg;2;2;D;2;0;H;8;13;22;14;5;7;1;1;0;0;1.833;mar.25;mar.75;01.sie;03.kwi;mar.95;01.wrz;03.kwi;mar.85;sty.85;03.sty;03.cze;1.909;03.lut;03.maj;sty.85;03.mar;03.sie;sty.95;03.mar;mar.25;sty.71;2;01.lip;02.sty;sty.65;lut.15;-0.25;sty.82;02.lut;-0.5;01.wrz;2;-0.5
D1;12.09.2004;Hansa Rostock;Kaiserslautern;2;3;A;0;2;A;20;18;19;20;8;2;2;2;0;0;1.909;mar.25;03.maj;01.wrz;03.mar;03.lip;sty.95;03.mar;03.lip;sty.85;03.sty;03.cze;1.909;03.lut;03.maj;01.wrz;mar.25;mar.75;sty.83;03.mar;03.cze;sty.75;sty.95;01.lip;02.sty;sty.67;02.sty;-0.25;sty.92;sty.92;-0.5;1.975;1.925;-0.5
D1;18.09.2004;Bielefeld;Mainz;1;1;D;0;0;D;15;18;17;20;4;3;2;4;0;1;lut.25;mar.25;lut.75;2;mar.35;03.mar;02.lut;mar.25;mar.15;2;03.sty;03.lut;02.lut;03.lut;02.sie;02.lut;mar.25;3;2;03.lut;03.lut;sty.71;2;01.sie;2;sty.55;02.mar;0;sty.92;sty.92;-0.25;sty.95;sty.95;-0.25
D1;18.09.2004;Dortmund;Bayern Munich;2;2;D;1;0;H;8;18;15;13;1;7;3;2;0;0;lut.75;3;lut.37;02.wrz;03.mar;02.lut;lut.85;03.lut;02.kwi;02.maj;3;02.maj;02.cze;03.lut;lut.38;lut.75;03.lut;lut.38;02.maj;03.sty;02.maj;sty.71;2;01.sie;2;02.gru;sty.75;0;02.sty;sty.74;0;2.125;1.775;0
D1;18.09.2004;Hansa Rostock;Wolfsburg;1;2;A;1;1;D;12;14;19;18;7;6;5;3;1;0;02.mar;03.lut;02.lip;02.lut;03.mar;02.wrz;02.kwi;03.lut;lut.85;02.mar;3;02.lip;lut.38;03.lut;02.cze;lut.38;03.lut;lut.75;02.maj;03.sty;02.maj;sty.65;02.maj;sty.65;02.lut;02.sty;01.lip;-0.25;02.gru;sty.72;-0.25;1.775;2.125;0
D1;18.09.2004;Kaiserslautern;Hamburg;2;1;H;1;0;H;14;16;25;28;4;5;3;5;0;0;02.lut;mar.25;02.sie;02.maj;03.mar;03.lut;lut.15;mar.25;mar.25;sty.85;03.sty;03.cze;02.lut;03.lut;02.sie;lut.25;mar.25;lut.88;2;03.lut;03.lut;sty.71;2;sty.66;lut.15;sty.55;02.mar;0;sty.82;02.lut;-0.25;01.wrz;2;-0.25
D1;18.09.2004;Leverkusen;Nurnberg;2;2;D;0;1;A;13;15;13;28;4;4;2;3;0;0;01.kwi;mar.75;07.maj;sty.45;03.wrz;06.mar;sty.45;03.wrz;07.maj;sty.45;03.sie;05.kwi;sty.44;03.cze;06.maj;01.maj;03.cze;06.maj;sty.44;03.cze;06.maj;01.cze;lut.15;sty.61;lut.25;lut.15;sty.65;-1.25;sty.76;02.sie;-1;01.sie;02.sty;-1
D1;18.09.2004;Schalke 04;M'gladbach;3;2;H;1;1;D;19;11;21;14;11;4;2;1;0;0;sty.66;03.kwi;04.maj;sty.55;03.lip;05.mar;sty.73;03.kwi;kwi.75;sty.65;03.mar;04.kwi;sty.73;03.kwi;4;sty.73;03.kwi;04.maj;sty.61;03.mar;5;sty.75;sty.95;01.sie;2;lut.45;01.maj;-1;02.lut;sty.82;-0.75;2.075;1.825;-0.75
D1;18.09.2004;Werder Bremen;Hannover;3;0;H;1;0;H;20;7;19;13;4;3;2;1;0;1;01.maj;03.maj;6;01.kwi;04.lut;06.cze;sty.53;mar.75;06.lut;sty.65;03.mar;04.kwi;01.maj;03.cze;05.maj;sty.44;mar.75;7;01.maj;03.kwi;6;sty.65;02.maj;sty.61;lut.25;01.sie;02.maj;-0.75;02.sty;sty.74;-1;01.sie;02.sty;-0.75
D1;19.09.2004;Freiburg;Bochum;1;1;D;0;0;D;12;8;10;15;5;4;3;1;0;0;02.mar;03.lut;02.lip;02.mar;03.mar;lut.75;02.mar;mar.25;3;02.lut;3;02.wrz;lut.25;03.lut;lut.75;02.mar;03.lut;lut.88;02.mar;03.lut;lut.62;sty.71;2;sty.66;lut.15;01.lip;02.maj;0;02.cze;sty.78;-0.25;02.sty;01.sie;-0.25
D1;19.09.2004;Hertha;Stuttgart;0;0;D;0;0;D;11;12;13;24;4;3;3;2;1;0;02.cze;03.lut;02.kwi;lut.45;mar.15;lut.65;lut.65;03.lut;lut.55;02.kwi;02.wrz;02.lip;02.maj;03.lut;02.maj;02.cze;03.lut;02.maj;02.kwi;03.sty;02.cze;sty.75;sty.95;01.sie;2;02.mar;sty.55;-0.25;sty.88;sty.96;0;01.wrz;2;0
D1;25.09.2004;Bayern Munich;Freiburg;3;1;H;2;1;H;15;14;19;18;11;4;3;2;0;0;sty.28;04.maj;08.maj;sty.25;5;09.sie;sty.31;kwi.75;09.maj;01.mar;04.lut;8;01.mar;kwi.33;8;01.mar;kwi.75;08.maj;01.mar;kwi.33;8;sty.55;02.lut;sty.61;lut.25;01.cze;02.lut;-1.25;sty.98;sty.86;-1.5;2;01.wrz;-1.5
D1;25.09.2004;Bochum;Werder Bremen;1;4;A;0;0;D;9;22;17;18;3;3;2;2;0;0;lut.62;03.lut;lut.37;02.cze;03.mar;02.kwi;02.lip;03.lut;02.maj;02.cze;3;02.kwi;02.kwi;mar.25;02.maj;lut.75;03.lut;lut.38;02.maj;03.sty;02.maj;01.cze;02.sty;sty.66;lut.15;02.lut;01.cze;-0.25;02.lut;sty.82;0;02.maj;sty.85;0
D1;25.09.2004;Hannover;Schalke 04;1;0;H;0;0;D;15;13;18;19;4;8;1;0;0;0;02.maj;03.lut;02.maj;02.cze;03.mar;02.kwi;02.cze;03.lut;02.cze;02.maj;3;02.maj;02.maj;03.lut;02.maj;02.maj;03.lut;02.cze;02.cze;03.sty;02.kwi;sty.65;2;sty.66;lut.15;02.lut;01.cze;-0.25;sty.92;sty.92;0;01.wrz;2;0
D1;25.09.2004;M'gladbach;Hansa Rostock;2;2;D;2;0;H;19;12;23;29;11;9;4;4;0;0;sty.83;mar.25;mar.75;01.sie;03.kwi;4;sty.83;03.kwi;kwi.25;01.sie;03.sty;03.sie;01.sie;mar.25;mar.75;sty.85;mar.25;4;sty.83;03.lut;mar.75;sty.65;2;01.lip;02.sty;sty.55;02.mar;-0.25;01.sie;02.kwi;-0.5;1.825;2.075;-0.5
D1;25.09.2004;Nurnberg;Bielefeld;1;2;A;0;1;A;12;11;24;18;7;2;4;1;0;0;01.sie;mar.25;4;sty.75;03.kwi;04.mar;sty.83;mar.35;kwi.25;sty.85;03.sty;03.cze;sty.73;03.kwi;4;01.sie;03.kwi;4;sty.83;03.lut;mar.75;sty.79;01.wrz;sty.75;02.maj;sty.83;sty.87;-0.5;02.lut;sty.82;-0.75;2.025;1.875;-0.75
D1;25.09.2004;Stuttgart;Leverkusen;3;0;H;2;0;H;18;9;22;13;5;8;1;2;0;0;02.lut;mar.25;02.sie;lut.15;03.lut;03.sty;02.lut;03.mar;03.sty;02.lut;3;02.wrz;02.sty;03.lut;3;02.sty;mar.25;03.lut;02.sty;03.sty;03.sty;sty.75;sty.95;sty.75;02.maj;sty.55;02.mar;0;sty.92;sty.92;-0.25;2;01.wrz;-0.25
D1;25.09.2004;Wolfsburg;Kaiserslautern;2;1;H;1;0;H;18;16;19;23;6;3;1;5;0;0;sty.61;03.kwi;5;sty.65;03.maj;04.sie;01.lip;03.kwi;5;sty.65;03.mar;04.kwi;sty.62;03.maj;04.maj;sty.67;03.maj;kwi.75;01.lip;03.mar;kwi.33;sty.55;lut.25;sty.65;02.lut;02.maj;01.lip;-1;sty.76;02.sie;-0.75;01.sie;02.sty;-0.75
D1;26.09.2004;Hamburg;Hertha;2;1;H;1;1;D;23;18;18;21;8;5;3;4;0;0;02.sty;mar.25;3;02.lut;03.lut;3;02.lut;03.mar;03.sty;02.sty;3;03.sty;02.sty;03.lut;3;02.lut;03.lut;3;lut.15;03.sty;3;sty.75;sty.95;sty.75;02.maj;sty.55;02.mar;0;sty.88;sty.96;-0.25;1.925;1.975;-0.25
D1;26.09.2004;Mainz;Dortmund;1;1;D;0;1;A;22;15;13;17;8;4;1;2;0;0;lut.62;03.lut;lut.37;02.sie;mar.25;02.mar;lut.85;mar.25;lut.35;02.wrz;3;02.lut;02.cze;03.lut;lut.38;lut.88;03.lut;02.mar;lut.75;03.sty;02.mar;sty.65;2;sty.66;lut.15;01.sie;02.maj;0.25;sty.82;02.lut;0.25;01.sie;02.sty;0.25
D1;28.09.2004;Hannover;Bielefeld;0;1;A;0;0;D;17;10;18;13;4;7;2;2;0;0;sty.83;mar.25;mar.75;01.sie;03.kwi;4;sty.85;03.kwi;4;01.sie;03.sty;03.sie;sty.91;03.kwi;mar.25;sty.91;mar.25;mar.75;01.wrz;03.sty;03.cze;sty.71;2;;;sty.85;sty.84;-0.5;01.sie;02.kwi;-0.5;1.875;2.025;-0.5
D1;02.10.2004;Dortmund;Nurnberg;2;2;D;2;2;D;11;19;17;16;4;7;1;2;0;0;sty.57;03.kwi;05.maj;01.maj;03.wrz;05.cze;sty.55;03.lip;06.sty;01.maj;03.lip;5;sty.53;03.maj;05.maj;01.maj;03.cze;06.maj;sty.53;03.maj;05.maj;sty.65;2;sty.61;lut.25;02.mar;sty.57;-1.25;sty.84;2;-1;1.825;2.075;-1
D1;02.10.2004;Freiburg;Mainz;1;2;A;0;1;A;12;11;18;20;7;10;0;1;0;0;01.wrz;mar.25;03.maj;2;mar.25;03.kwi;2;mar.25;03.lip;01.wrz;03.sty;03.maj;sty.91;mar.25;03.kwi;2;03.lut;03.maj;01.wrz;03.sty;03.cze;sty.85;sty.85;sty.85;sty.95;sty.65;lut.15;-0.25;02.lut;sty.82;-0.5;02.maj;sty.85;-0.5
D1;02.10.2004;Hansa Rostock;Hannover;1;3;A;0;2;A;15;16;24;18;7;6;3;3;0;0;2;mar.25;mar.25;sty.95;03.mar;03.maj;02.maj;mar.25;03.maj;01.wrz;03.sty;03.maj;sty.91;03.lut;03.maj;02.sty;03.lut;mar.25;01.wrz;03.sty;03.cze;01.cze;02.sty;sty.66;lut.15;sty.75;2;-0.25;2;sty.84;-0.5;02.maj;sty.85;-0.5
D1;02.10.2004;Kaiserslautern;Hertha;0;2;A;0;1;A;13;11;21;23;6;5;2;4;0;0;2;mar.25;mar.25;02.sty;03.lut;03.lut;lut.15;03.lut;03.mar;2;03.sty;03.lut;02.sty;03.lut;3;02.sty;03.lut;mar.25;02.sty;03.sty;03.sty;sty.75;sty.95;01.lip;02.sty;01.maj;lut.45;0;sty.96;sty.88;-0.25;1.925;1.975;-0.25
D1;02.10.2004;Leverkusen;Hamburg;3;0;H;1;0;H;14;15;15;18;3;4;2;2;0;0;sty.61;03.kwi;5;01.maj;03.wrz;05.cze;sty.57;03.cze;06.sty;sty.65;03.mar;04.kwi;sty.57;03.maj;5;sty.57;03.cze;05.maj;sty.57;03.mar;05.maj;01.cze;lut.15;sty.61;lut.25;02.mar;sty.55;-1.25;2;sty.84;-1;02.maj;sty.85;-1
D1;02.10.2004;Werder Bremen;Bayern Munich;1;2;A;0;1;A;16;8;15;30;6;6;3;4;0;0;lut.37;03.lut;lut.62;02.kwi;03.mar;02.cze;02.maj;mar.25;02.lip;02.maj;3;02.maj;02.kwi;mar.25;02.maj;02.maj;03.lut;02.cze;02.kwi;03.sty;02.cze;sty.65;2;01.lip;02.sty;02.lut;01.cze;-0.25;;;;01.wrz;2;0
D1;02.10.2004;Wolfsburg;M'gladbach;2;1;H;2;1;H;13;11;22;20;8;3;0;4;0;0;sty.61;03.kwi;5;sty.65;03.maj;04.sie;01.lip;03.kwi;05.sty;sty.65;03.mar;04.kwi;sty.57;03.maj;5;sty.62;03.cze;5;sty.57;03.maj;5;01.cze;lut.15;sty.57;02.mar;sty.85;2;-0.75;sty.86;sty.98;-0.75;1.875;2.025;-0.75
D1;03.10.2004;Bielefeld;Stuttgart;0;2;A;0;1;A;8;12;9;22;6;3;0;0;0;0;mar.25;mar.25;2;03.lip;03.mar;01.wrz;03.maj;mar.25;02.maj;03.maj;03.sty;01.wrz;03.lut;03.lut;2;03.maj;03.lut;2;3;03.sty;lut.15;sty.75;sty.95;01.wrz;01.wrz;02.sty;sty.67;0.25;sty.88;sty.96;0.5;sty.85;02.maj;0.5
D1;03.10.2004;Schalke 04;Bochum;3;2;H;3;0;H;17;19;16;20;4;8;4;3;1;0;01.wrz;mar.25;03.maj;sty.75;03.kwi;04.lut;01.sie;03.mar;04.maj;01.sie;03.sty;03.sie;sty.91;03.lut;03.maj;sty.83;03.mar;4;01.sie;03.sty;4;sty.65;02.maj;sty.61;lut.25;01.maj;lut.45;-0.25;01.sie;02.kwi;-0.5;1.825;2.075;-0.5
D1;16.10.2004;Bayern Munich;Schalke 04;0;1;A;0;0;D;8;9;22;17;8;3;3;3;0;0;sty.57;03.kwi;05.maj;01.maj;03.wrz;05.cze;sty.55;03.sie;maj.85;01.maj;03.lip;5;01.maj;03.kwi;6;01.maj;mar.75;6;sty.53;03.maj;05.maj;sty.55;lut.25;sty.61;lut.25;2;01.sie;-1;02.kwi;01.sie;-1;2.075;1.825;-1
D1;16.10.2004;Bochum;Hansa Rostock;0;1;A;0;0;D;16;16;19;20;7;7;2;3;0;0;01.sie;mar.25;4;01.sie;03.kwi;4;sty.85;mar.35;kwi.15;01.sie;03.sty;03.sie;01.sie;mar.25;mar.75;sty.75;03.kwi;kwi.33;sty.83;03.lut;mar.75;01.cze;lut.15;sty.66;lut.15;sty.85;sty.85;-0.5;02.gru;sty.72;-0.75;lut.15;sty.75;-0.75
D1;16.10.2004;Hamburg;Bielefeld;0;2;A;0;0;D;23;11;19;16;6;4;3;1;0;0;sty.72;mar.25;kwi.33;01.lip;03.maj;04.kwi;sty.73;03.kwi;kwi.85;sty.75;03.lut;4;sty.73;03.kwi;4;sty.75;03.kwi;kwi.33;sty.72;03.lut;kwi.33;01.cze;lut.15;sty.65;02.lut;02.sty;sty.67;-1;sty.88;sty.96;-0.75;1.875;2.025;-0.75
D1;16.10.2004;Hertha;Leverkusen;3;1;H;1;0;H;13;9;19;20;4;0;4;2;0;0;lut.37;03.lut;lut.62;02.mar;03.lut;02.sie;lut.47;03.lut;lut.75;02.kwi;02.wrz;02.lip;02.kwi;mar.25;02.maj;02.kwi;03.lut;02.lip;lut.37;3;02.lip;sty.71;2;sty.65;02.lut;sty.72;2;0;lut.14;01.lip;-0.25;lut.15;sty.75;-0.25
D1;16.10.2004;Mainz;Werder Bremen;2;1;H;0;0;D;14;11;17;21;5;3;1;3;0;0;lut.75;mar.25;lut.25;03.sty;03.mar;02.sty;03.sty;03.mar;02.lut;02.wrz;3;02.lut;lut.75;03.lut;lut.25;02.sie;mar.25;02.mar;02.sie;03.sty;lut.25;01.cze;lut.15;sty.66;lut.15;2;01.sie;0.25;2;sty.84;0.25;2;01.wrz;0.25
D1;16.10.2004;Nurnberg;Freiburg;3;0;H;1;0;H;13;4;20;14;3;4;4;1;0;0;01.wrz;mar.25;03.maj;01.wrz;mar.25;03.lip;sty.95;mar.25;mar.85;01.wrz;03.sty;03.maj;sty.91;03.lut;03.maj;sty.91;mar.25;mar.75;sty.95;03.sty;03.maj;sty.65;02.maj;01.sie;2;sty.95;sty.76;-0.5;;;;1.975;1.925;-0.5
D1;16.10.2004;Stuttgart;Dortmund;2;0;H;0;0;D;18;11;18;23;4;5;2;4;0;0;sty.83;mar.25;mar.75;sty.85;03.mar;mar.85;sty.88;mar.35;4;01.wrz;03.sty;03.maj;01.sie;mar.25;mar.75;sty.91;mar.25;mar.75;01.sie;03.sty;4;sty.71;2;01.sie;2;sty.65;lut.15;-0.25;sty.88;sty.96;-0.5;sty.95;sty.95;-0.5
D1;17.10.2004;Hannover;Wolfsburg;3;0;H;1;0;H;12;12;14;14;5;8;0;3;0;0;02.maj;03.lut;02.maj;02.maj;03.mar;02.maj;lut.68;03.lut;lut.55;02.lip;02.wrz;02.kwi;02.maj;mar.25;02.kwi;02.cze;03.lut;02.maj;02.cze;03.sty;02.kwi;sty.65;02.maj;01.lip;02.sty;sty.95;sty.85;0;2;sty.84;0;2.025;1.875;0
D1;17.10.2004;M'gladbach;Kaiserslautern;2;0;H;0;0;D;13;8;9;27;7;3;1;3;1;1;01.wrz;mar.25;03.maj;01.wrz;mar.25;03.lip;sty.95;mar.25;mar.85;01.wrz;03.sty;03.maj;sty.91;mar.25;03.kwi;sty.95;mar.25;03.cze;2;03.sty;03.mar;01.cze;lut.15;sty.66;lut.15;sty.95;sty.76;-0.5;sty.86;sty.98;-0.5;1.875;2.025;-0.5
D1;23.10.2004;Bielefeld;Hertha;1;0;H;1;0;H;11;13;19;19;6;1;1;1;0;0;lut.37;03.lut;lut.62;lut.55;mar.15;lut.55;02.maj;03.lut;lut.75;02.maj;3;02.maj;02.kwi;mar.25;02.maj;02.maj;03.sty;lut.62;lut.37;03.sty;lut.62;sty.85;sty.85;sty.85;sty.95;01.wrz;01.wrz;0;sty.96;sty.88;0;1.975;1.925;0
D1;23.10.2004;Dortmund;Hamburg;0;2;A;0;1;A;19;8;13;23;4;0;0;5;0;0;sty.61;03.cze;04.maj;sty.65;03.maj;04.sie;sty.65;03.cze;05.sty;01.cze;03.kwi;04.cze;sty.62;03.maj;04.maj;sty.57;03.cze;05.maj;sty.61;03.mar;5;sty.55;lut.25;sty.61;lut.25;02.maj;sty.75;-1;02.cze;sty.78;-1;02.sty;01.sie;-1
D1;23.10.2004;Hansa Rostock;Bayern Munich;0;2;A;0;0;D;8;14;17;24;5;11;1;2;1;1;kwi.33;mar.25;sty.72;04.kwi;03.maj;01.lip;kwi.65;03.kwi;sty.75;4;03.lut;sty.75;4;03.kwi;sty.73;kwi.33;03.kwi;sty.73;04.lut;mar.25;sty.72;sty.65;02.maj;sty.65;02.lut;01.wrz;01.wrz;0.75;sty.92;sty.92;0.75;1.975;1.925;0.75
D1;23.10.2004;Kaiserslautern;Leverkusen;0;0;D;0;0;D;14;16;25;18;7;3;2;0;0;0;02.lip;03.lut;02.mar;02.cze;03.mar;02.kwi;lut.85;03.mar;lut.35;02.wrz;3;02.lut;02.cze;03.lut;lut.38;lut.75;03.lut;lut.38;02.maj;03.sty;02.maj;01.cze;lut.15;sty.61;lut.25;2;01.sie;0;02.kwi;01.sie;0;02.sty;01.sie;0
D1;23.10.2004;M'gladbach;Hannover;0;2;A;0;2;A;14;8;14;20;6;3;1;2;0;0;01.wrz;mar.25;03.maj;sty.95;03.lut;03.cze;2;mar.25;03.lip;01.wrz;03.sty;03.maj;sty.91;03.lut;03.maj;2;03.lut;03.maj;sty.95;03.lut;03.mar;01.cze;lut.15;sty.61;lut.25;2;sty.73;-0.5;sty.74;02.sty;-0.25;2.075;1.825;-0.5
D1;23.10.2004;Werder Bremen;Nurnberg;4;1;H;2;0;H;19;8;24;20;5;1;1;1;0;0;sty.53;mar.75;5;sty.55;03.lip;05.mar;sty.55;mar.65;cze.25;sty.55;03.maj;04.sie;01.maj;03.kwi;6;01.maj;mar.75;6;sty.53;03.maj;05.maj;sty.55;lut.25;sty.61;lut.25;sty.85;sty.95;-1;sty.92;sty.92;-1;1.925;1.975;-1
D1;23.10.2004;Wolfsburg;Bochum;3;0;H;3;0;H;21;15;11;16;6;1;2;1;0;0;sty.66;03.kwi;04.maj;01.lip;03.maj;04.kwi;sty.65;03.maj;maj.25;01.lip;03.lut;04.lut;sty.62;03.maj;04.maj;sty.62;03.maj;5;01.cze;03.kwi;04.sie;sty.55;lut.25;sty.61;lut.25;2;01.sie;-1;02.sie;sty.76;-1;2.075;1.825;-1
D1;24.10.2004;Freiburg;Stuttgart;2;0;H;1;0;H;13;10;23;14;2;4;0;1;0;1;4;mar.25;01.sie;mar.75;mar.25;01.wrz;mar.85;mar.35;01.wrz;03.maj;03.sty;01.wrz;03.cze;mar.25;sty.83;kwi.33;03.kwi;sty.75;mar.75;03.lut;sty.83;sty.75;sty.95;01.sie;2;sty.79;01.wrz;0.5;02.lut;sty.82;0.5;2.075;1.825;0.5
D1;24.10.2004;Schalke 04;Mainz;2;1;H;1;0;H;18;18;26;24;7;4;3;3;0;0;sty.66;03.kwi;04.maj;sty.65;03.maj;04.sie;sty.65;03.cze;05.sty;sty.55;03.maj;04.sie;sty.67;03.kwi;kwi.33;sty.57;03.kwi;6;sty.57;03.maj;5;01.cze;lut.15;01.lip;02.sty;2;01.sie;-1;02.sie;sty.76;-1;2.175;1.725;-1
D1;26.10.2004;Bayern Munich;Wolfsburg;2;0;H;2;0;H;26;11;11;14;6;3;1;1;0;0;sty.57;03.kwi;05.maj;01.maj;03.sie;05.sie;sty.55;03.lip;6;sty.45;03.sie;05.kwi;sty.53;03.maj;05.maj;sty.53;03.cze;6;sty.53;03.maj;05.maj;sty.65;02.maj;;;02.maj;sty.77;-1;02.sie;sty.76;-1;2.075;1.825;-1
D1;26.10.2004;Bochum;M'gladbach;3;0;H;0;0;D;15;16;24;20;3;5;2;6;0;1;2;mar.25;mar.25;sty.95;03.mar;03.maj;sty.95;03.mar;03.sie;2;3;03.mar;2;03.lut;03.lut;2;03.lut;03.maj;2;03.sty;03.mar;sty.65;02.maj;;;sty.95;sty.77;-0.5;sty.96;sty.88;-0.5;1.975;1.925;-0.5
D1;26.10.2004;Hannover;Kaiserslautern;3;1;H;1;1;D;13;9;11;17;6;1;0;4;0;0;01.sie;mar.25;4;01.sie;03.kwi;4;01.sie;03.mar;04.maj;01.sie;03.sty;03.sie;sty.73;03.lut;kwi.33;sty.73;03.kwi;04.maj;01.lip;03.mar;kwi.33;01.cze;lut.15;;;01.sie;01.wrz;-0.5;sty.94;01.wrz;-0.5;1.875;2.025;-0.5
D1;26.10.2004;Hertha;Dortmund;0;1;A;0;1;A;16;18;16;18;9;2;2;1;0;0;02.sty;mar.25;3;2;03.mar;03.kwi;lut.15;03.mar;03.lut;02.sty;3;03.sty;02.sty;03.lut;3;02.sty;03.lut;mar.25;sty.95;03.lut;03.mar;sty.75;sty.95;;;01.wrz;01.wrz;-0.25;sty.98;sty.86;-0.25;1.975;1.925;-0.25
D1;27.10.2004;Hamburg;Freiburg;4;0;H;2;0;H;21;2;16;11;5;1;1;1;0;1;sty.66;03.kwi;04.maj;01.cze;03.lip;04.sie;sty.65;mar.45;maj.25;sty.65;03.mar;04.kwi;sty.67;mar.25;04.maj;sty.67;03.maj;kwi.75;sty.66;03.mar;04.maj;01.cze;lut.15;01.cze;02.lut;sty.85;sty.95;-0.75;sty.78;02.cze;-0.75;01.sie;02.sty;-0.75
D1;27.10.2004;Leverkusen;Bielefeld;3;2;H;0;1;A;18;9;11;11;7;6;2;1;0;0;sty.57;03.kwi;05.maj;01.maj;03.sie;05.sie;sty.55;03.lip;6;sty.55;03.maj;04.sie;sty.53;03.maj;05.maj;sty.57;03.cze;05.maj;sty.57;03.mar;05.maj;01.cze;lut.15;01.cze;02.lut;sty.85;sty.95;-1;sty.86;sty.98;-1;01.wrz;2;-1
D1;27.10.2004;Mainz;Hansa Rostock;3;1;H;0;0;D;22;5;24;32;1;6;1;3;0;0;01.sie;mar.25;4;01.sie;03.kwi;4;01.wrz;03.mar;4;01.wrz;03.sty;03.maj;sty.83;03.lut;mar.75;01.sie;03.mar;04.lut;01.sie;03.mar;mar.75;sty.65;02.maj;01.lip;02.sty;sty.95;sty.76;-0.5;2;sty.84;-0.5;02.maj;sty.85;-0.5
D1;27.10.2004;Nurnberg;Schalke 04;0;2;A;0;2;A;9;11;18;19;5;8;4;3;2;0;02.cze;03.lut;02.kwi;02.maj;03.mar;02.maj;lut.55;mar.35;lut.55;02.sie;02.wrz;02.mar;02.kwi;mar.25;02.maj;02.cze;03.lut;02.maj;02.maj;03.sty;02.maj;sty.71;2;sty.65;lut.15;2;01.sie;0;02.cze;sty.78;0;2.125;1.775;0
D1;27.10.2004;Stuttgart;Werder Bremen;1;2;A;1;0;H;14;10;25;21;7;4;3;5;0;1;sty.83;mar.25;mar.75;sty.85;03.mar;mar.85;2;mar.25;03.lip;01.wrz;03.sty;03.maj;sty.91;mar.25;03.kwi;sty.91;mar.25;mar.75;01.sie;03.mar;mar.75;sty.65;02.maj;;;2;sty.73;-0.5;02.kwi;01.sie;-0.5;2.075;1.825;-0.5
D1;30.10.2004;Dortmund;Leverkusen;1;0;H;1;0;H;14;16;24;12;5;5;1;4;0;1;lut.25;mar.25;lut.75;02.lut;03.mar;02.wrz;lut.25;mar.35;lut.95;02.lut;3;02.wrz;02.sty;03.lut;3;02.lut;mar.25;3;02.lut;03.lut;02.sie;sty.65;02.maj;sty.61;lut.25;sty.95;sty.85;-0.25;sty.92;sty.92;-0.25;1.875;2.025;-0.25
D1;30.10.2004;Freiburg;Hertha;1;3;A;1;1;D;12;26;13;17;6;12;4;5;0;1;lut.37;03.lut;lut.62;02.maj;03.mar;02.maj;02.maj;03.mar;lut.62;02.maj;3;02.maj;02.lut;mar.25;lut.75;02.kwi;03.lut;02.lip;lut.37;03.sty;lut.62;sty.79;01.wrz;01.sie;2;01.wrz;01.wrz;0;sty.96;sty.88;0;2.075;1.825;0
D1;30.10.2004;Hannover;Bochum;3;0;H;1;0;H;22;12;16;15;7;3;0;1;0;0;01.sie;mar.25;4;sty.85;03.mar;mar.85;01.wrz;mar.25;04.sty;sty.85;03.sty;03.cze;01.sie;mar.25;mar.75;sty.85;mar.25;4;sty.83;03.lut;mar.75;01.cze;lut.15;01.cze;02.mar;01.wrz;sty.81;-0.5;sty.94;01.wrz;-0.5;1.925;1.972;-0.5
D1;30.10.2004;M'gladbach;Bayern Munich;2;0;H;0;0;D;12;16;18;13;3;5;2;2;0;1;04.maj;03.kwi;sty.66;04.mar;03.kwi;sty.75;04.maj;03.maj;sty.75;03.sie;03.sty;01.sie;kwi.33;03.kwi;sty.67;04.maj;03.kwi;sty.73;kwi.33;03.mar;01.lip;sty.71;2;01.lip;02.sty;sty.97;sty.75;0.5;02.sie;sty.76;0.5;2.125;1.775;0.5
D1;30.10.2004;Schalke 04;Stuttgart;3;2;H;3;2;H;12;18;26;23;6;6;3;2;0;0;02.sty;mar.25;3;02.lut;03.mar;02.wrz;02.lut;03.mar;03.sty;02.sty;3;03.sty;02.lut;03.lut;02.sie;lut.25;03.sty;3;02.sty;03.lut;3;sty.75;sty.95;sty.75;02.maj;sty.85;sty.95;-0.25;sty.82;02.lut;-0.25;1.825;2.075;-0.25
D1;30.10.2004;Werder Bremen;Hamburg;1;1;D;0;1;A;20;3;16;33;9;2;1;5;0;0;sty.61;03.kwi;5;sty.65;03.maj;04.sie;sty.65;03.maj;maj.25;01.lip;03.lut;04.lut;sty.53;03.maj;05.maj;sty.57;03.cze;05.maj;sty.57;03.mar;05.maj;sty.55;lut.25;sty.57;lut.35;sty.85;sty.95;-0.75;sty.82;02.lut;-0.75;sty.85;02.maj;-0.75
D1;30.10.2004;Wolfsburg;Mainz;4;3;H;2;2;D;19;15;25;22;12;4;2;2;0;1;sty.66;03.kwi;04.maj;01.cze;03.cze;5;sty.63;03.cze;maj.25;sty.65;03.mar;04.kwi;sty.67;03.kwi;kwi.33;sty.62;03.maj;maj.25;01.cze;03.kwi;04.sie;01.cze;lut.15;sty.65;02.lut;01.sie;2;-0.75;02.kwi;01.sie;-1;sty.75;lut.15;-0.75
D1;31.10.2004;Hansa Rostock;Nurnberg;0;2;A;0;0;D;13;22;21;12;11;2;2;2;0;0;2;mar.25;mar.25;02.maj;03.mar;03.lut;2;03.mar;03.cze;2;03.sty;03.lut;2;03.lut;03.lut;2;mar.25;03.kwi;02.maj;03.lut;03.sty;01.cze;lut.15;01.cze;02.mar;2;sty.72;-0.5;sty.96;sty.88;-0.5;sty.95;sty.95;-0.5
D1;31.10.2004;Kaiserslautern;Bielefeld;2;1;H;0;0;D;25;16;28;15;9;3;2;2;0;0;02.sty;mar.25;3;2;03.mar;mar.35;02.sty;mar.35;mar.25;2;03.sty;03.lut;02.sty;03.kwi;lut.88;02.sty;03.lut;mar.25;02.sty;03.lut;3;sty.75;sty.95;sty.75;02.maj;sty.72;2;-0.25;02.sie;sty.76;-0.5;1.875;2.025;-0.25
D1;06.11.2004;Bayern Munich;Hannover;3;0;H;1;0;H;14;7;14;16;2;8;2;2;0;0;01.kwi;mar.75;07.maj;sty.35;04.maj;07.lut;sty.41;kwi.25;07.maj;sty.45;03.sie;05.kwi;01.kwi;mar.75;7;01.kwi;4;07.maj;sty.44;03.cze;06.maj;sty.65;02.maj;sty.65;02.lut;sty.95;sty.85;-1.25;sty.98;sty.86;-1.25;02.maj;sty.85;-1.25
D1;06.11.2004;Bielefeld;Dortmund;1;0;H;1;0;H;16;17;19;19;4;5;2;4;0;1;02.cze;03.lut;02.kwi;02.cze;03.mar;02.kwi;lut.65;03.mar;02.maj;02.lip;02.wrz;02.kwi;02.maj;mar.25;02.kwi;02.lip;03.sty;02.maj;02.cze;03.sty;02.kwi;sty.85;sty.85;01.wrz;01.wrz;02.maj;sty.75;0;02.sie;sty.76;0;2.125;1.775;0
D1;06.11.2004;Bochum;Kaiserslautern;1;1;D;0;1;A;19;17;21;28;5;6;2;2;0;0;01.wrz;mar.25;03.maj;01.wrz;mar.35;03.cze;sty.93;03.mar;mar.85;sty.85;03.sty;03.cze;sty.83;mar.25;03.cze;sty.91;mar.25;mar.75;01.wrz;mar.25;03.kwi;01.cze;lut.15;01.lip;02.sty;sty.93;sty.78;-0.5;sty.98;sty.86;-0.5;2;01.wrz;-0.5
D1;06.11.2004;Hertha;Werder Bremen;1;1;D;0;0;D;10;6;24;19;6;2;2;3;0;0;lut.37;03.lut;lut.62;02.maj;03.mar;02.maj;lut.55;03.mar;02.cze;02.maj;3;02.maj;02.kwi;mar.25;02.maj;02.maj;03.lut;02.cze;02.maj;03.sty;02.maj;sty.65;02.maj;sty.66;lut.15;01.wrz;01.wrz;0;sty.92;sty.92;0;sty.95;sty.95;0
D1;06.11.2004;Leverkusen;Freiburg;4;1;H;0;1;A;29;14;19;20;4;3;2;5;0;1;01.kwi;mar.75;07.maj;sty.35;04.maj;07.lut;sty.41;kwi.25;07.maj;sty.35;4;7;01.kwi;mar.75;7;sty.44;4;06.maj;sty.44;03.cze;06.maj;01.maj;lut.35;01.cze;02.mar;01.sie;2;-1.25;01.sie;02.kwi;-1.25;1.825;2.075;-1.25
D1;06.11.2004;Mainz;M'gladbach;1;1;D;0;1;A;17;5;8;21;7;2;2;1;0;0;01.wrz;mar.25;03.maj;01.wrz;mar.35;03.cze;02.maj;03.mar;03.maj;02.sty;3;03.sty;sty.91;03.lut;03.maj;sty.91;03.kwi;03.cze;sty.83;03.mar;03.cze;01.cze;lut.15;sty.65;02.lut;01.lip;02.maj;-0.25;02.gru;sty.72;-0.5;1.925;1.975;-0.25
D1;06.11.2004;Nurnberg;Wolfsburg;4;0;H;3;0;H;14;6;18;7;6;5;3;1;0;1;lut.62;03.lut;lut.37;02.cze;03.mar;02.kwi;02.cze;03.mar;lut.55;02.lip;02.wrz;02.kwi;02.maj;mar.25;02.kwi;02.lip;mar.25;02.kwi;02.cze;03.sty;02.kwi;01.cze;lut.15;sty.66;lut.15;01.sie;2;0.25;sty.78;02.cze;0.25;1.825;2.075;0.25
D1;07.11.2004;Hamburg;Schalke 04;1;2;A;0;0;D;13;19;26;19;1;5;2;1;0;0;lut.37;03.lut;lut.62;02.kwi;03.mar;02.cze;lut.45;mar.25;lut.75;02.mar;02.wrz;02.sie;02.kwi;mar.25;02.maj;02.maj;03.lut;02.cze;02.maj;03.sty;02.maj;sty.65;02.maj;sty.65;02.lut;01.sie;2;0;01.sie;02.kwi;0;sty.85;02.maj;0
D1;07.11.2004;Stuttgart;Hansa Rostock;4;0;H;2;0;H;15;12;12;19;4;9;1;2;0;0;01.kwi;mar.75;07.maj;sty.35;04.maj;07.lut;sty.41;kwi.25;07.maj;sty.45;03.sie;05.kwi;01.kwi;mar.75;7;01.kwi;4;07.maj;01.kwi;mar.75;7;sty.65;02.maj;sty.66;lut.15;sty.85;sty.95;-1.25;sty.76;02.sie;-1.25;1.775;2.125;-1.25
D1;13.11.2004;Freiburg;Bielefeld;2;3;A;2;2;D;12;9;21;21;5;2;1;2;0;0;lut.25;mar.25;lut.75;lut.15;03.mar;3;02.mar;03.lut;3;02.lut;3;02.wrz;lut.25;03.lut;lut.75;lut.25;mar.25;02.wrz;02.mar;03.sty;lut.75;sty.75;sty.95;01.sie;2;2;01.sie;-0.25;2;sty.84;-0.25;02.maj;sty.85;-0.25
D1;13.11.2004;Hannover;Mainz;2;0;H;1;0;H;14;11;19;11;9;5;2;1;0;0;sty.72;mar.25;kwi.33;sty.75;03.kwi;04.mar;sty.75;03.kwi;04.cze;sty.75;03.lut;4;01.sie;mar.25;mar.75;sty.73;03.mar;04.maj;sty.72;mar.25;04.lut;sty.55;lut.25;sty.61;lut.25;2;01.sie;-0.75;2;sty.84;-0.75;2;01.sie;-0.75
D1;13.11.2004;Kaiserslautern;Dortmund;1;0;H;0;0;D;15;18;14;25;5;7;1;2;0;0;02.cze;03.lut;02.kwi;02.kwi;03.mar;02.cze;02.maj;mar.25;02.lip;02.kwi;02.wrz;02.lip;02.maj;03.lut;02.maj;02.maj;03.lut;02.cze;lut.37;mar.25;02.maj;sty.85;sty.85;01.wrz;01.wrz;01.wrz;01.wrz;0;sty.88;sty.96;0;1.875;2.025;0
D1;13.11.2004;M'gladbach;Nurnberg;2;1;H;1;0;H;8;16;26;15;7;6;2;2;0;0;01.wrz;mar.25;03.maj;01.wrz;mar.35;03.cze;sty.85;mar.35;kwi.15;sty.85;03.sty;03.cze;sty.91;mar.25;03.kwi;sty.91;mar.25;mar.75;sty.95;03.lut;03.mar;01.cze;lut.15;sty.75;02.maj;sty.85;sty.85;-0.5;sty.86;sty.98;-0.5;1.875;2.025;-0.5
D1;13.11.2004;Schalke 04;Hertha;1;3;A;0;1;A;17;13;9;23;7;5;0;2;0;0;sty.66;03.kwi;04.maj;sty.65;03.maj;04.sie;01.lip;03.maj;kwi.85;01.lip;03.lut;04.lut;sty.67;03.kwi;kwi.33;sty.67;03.maj;kwi.75;sty.61;03.mar;5;sty.65;02.maj;sty.75;02.maj;01.wrz;01.wrz;-0.75;sty.92;sty.92;-0.75;sty.95;sty.95;-0.75
D1;13.11.2004;Werder Bremen;Leverkusen;2;2;D;1;0;H;18;10;17;11;11;1;2;1;0;0;01.wrz;mar.25;03.maj;01.sie;03.kwi;4;01.wrz;03.kwi;mar.85;01.wrz;03.sty;03.maj;sty.91;03.lut;03.maj;sty.85;mar.25;4;sty.83;03.lut;mar.75;sty.55;lut.25;sty.65;02.lut;01.wrz;sty.81;-0.5;sty.88;sty.96;-0.5;1.925;1.975;-0.5
D1;13.11.2004;Wolfsburg;Stuttgart;3;0;H;1;0;H;13;10;17;17;3;4;3;3;0;0;lut.37;03.lut;lut.62;02.kwi;03.mar;02.cze;lut.35;03.mar;lut.85;02.maj;3;02.maj;02.kwi;mar.25;02.maj;lut.38;03.lut;lut.75;lut.25;03.lut;lut.75;01.cze;lut.15;01.lip;02.sty;sty.75;2;0;lut.14;01.lip;-0.25;lut.15;sty.75;-0.25
D1;14.11.2004;Bochum;Bayern Munich;1;3;A;0;0;D;6;20;23;19;3;5;3;2;0;0;04.maj;03.kwi;sty.66;04.kwi;03.maj;01.lip;kwi.35;03.kwi;01.sie;03.sie;03.sty;01.sie;4;03.kwi;sty.73;kwi.33;03.kwi;sty.75;04.lut;mar.25;sty.72;sty.65;02.maj;01.lip;02.sty;sty.91;01.sie;0.5;02.sty;sty.74;0.5;2.125;1.775;0.5
D1;14.11.2004;Hansa Rostock;Hamburg;0;6;A;0;3;A;10;12;16;17;1;5;3;2;0;0;02.maj;03.lut;02.maj;02.cze;03.mar;02.kwi;lut.65;03.mar;02.maj;02.kwi;02.wrz;02.lip;02.maj;03.lut;02.maj;02.cze;03.lut;02.maj;02.kwi;mar.25;02.maj;01.cze;lut.15;sty.85;sty.95;01.wrz;01.wrz;0;sty.98;sty.86;0;2;01.wrz;0
D1;20.11.2004;Bayern Munich;Kaiserslautern;3;1;H;2;1;H;28;9;14;23;11;2;2;3;0;0;sty.28;04.maj;08.maj;01.mar;04.lip;08.mar;sty.33;kwi.75;08.maj;01.mar;04.lut;8;sty.33;4;8;01.mar;04.maj;09.maj;sty.28;04.maj;8;01.cze;lut.15;01.cze;02.mar;sty.85;01.lip;-1.5;02.kwi;01.sie;-1.5;2.025;1.875;-1.5
D1;20.11.2004;Bielefeld;Werder Bremen;2;1;H;1;0;H;14;15;13;20;2;9;1;1;0;1;02.sie;03.lut;lut.25;02.wrz;03.mar;02.lut;lut.95;03.lut;lut.35;02.maj;3;02.maj;02.cze;03.lut;lut.38;02.lip;03.lut;02.kwi;lut.62;03.sty;lut.37;sty.65;02.maj;sty.75;02.maj;sty.85;sty.95;0.25;sty.84;2;0.25;1.875;2.025;0.25
D1;20.11.2004;Dortmund;Freiburg;2;0;H;1;0;H;19;15;16;23;5;8;2;3;0;0;01.maj;03.maj;6;01.maj;03.wrz;05.cze;sty.55;mar.85;maj.75;sty.45;03.sie;05.kwi;01.maj;03.kwi;6;sty.53;03.cze;6;sty.53;03.maj;05.maj;sty.71;2;sty.65;02.lut;sty.75;sty.95;-1;02.sie;sty.76;-1.25;2.125;1.775;-1.25
D1;20.11.2004;Hertha;Hansa Rostock;1;1;D;0;1;A;30;8;12;26;8;3;1;4;0;0;01.kwi;mar.75;07.maj;sty.45;04.sty;6;01.maj;4;06.lut;sty.55;03.maj;04.sie;sty.44;03.cze;06.maj;01.maj;03.cze;06.maj;sty.53;03.maj;05.maj;sty.71;2;01.cze;02.mar;01.wrz;01.wrz;-1.25;sty.94;01.wrz;-1.25;sty.95;sty.95;-1.25
D1;20.11.2004;Leverkusen;Schalke 04;0;3;A;0;2;A;15;12;16;18;7;6;0;0;0;0;02.sty;mar.25;3;02.mar;03.mar;lut.75;02.mar;03.lut;3;02.lut;3;02.wrz;02.sty;03.lut;3;02.lut;03.lut;3;lut.15;03.lut;02.wrz;01.cze;lut.15;sty.65;02.lut;01.wrz;01.wrz;-0.25;sty.88;sty.96;-0.25;1.925;1.975;-0.25
D1;20.11.2004;Mainz;Bochum;1;0;H;1;0;H;24;10;14;22;6;3;1;4;0;1;01.wrz;mar.25;03.maj;sty.95;03.mar;03.maj;2;mar.25;03.lip;2;03.sty;03.lut;sty.91;03.lut;03.maj;sty.91;mar.25;mar.75;sty.83;03.mar;03.cze;sty.65;02.maj;01.lip;02.sty;2;sty.73;-0.5;02.cze;sty.78;-0.5;02.sty;01.sie;-0.5
D1;20.11.2004;Stuttgart;M'gladbach;1;0;H;0;0;D;17;9;20;14;2;5;3;4;0;0;01.maj;03.maj;6;sty.55;03.sie;05.lut;sty.58;03.sie;05.maj;sty.55;03.maj;04.sie;01.maj;03.kwi;6;sty.53;03.cze;6;sty.53;03.maj;05.maj;sty.65;02.maj;sty.61;lut.25;sty.85;sty.95;-1;sty.84;2;-1;1.875;2.025;-1
D1;21.11.2004;Hamburg;Wolfsburg;3;1;H;2;1;H;19;6;18;19;7;3;1;3;0;1;02.lut;mar.25;02.sie;02.lut;03.mar;02.wrz;lut.25;03.lut;03.sty;02.lut;3;02.wrz;02.lut;mar.25;lut.75;02.mar;03.lut;lut.88;02.mar;03.lut;lut.62;01.cze;lut.15;sty.61;lut.25;sty.85;sty.95;-0.25;sty.82;02.lut;-0.25;01.wrz;2;-0.25
D1;21.11.2004;Nurnberg;Hannover;1;1;D;0;0;D;14;7;16;13;1;6;1;0;0;0;02.lut;mar.25;02.sie;lut.25;03.mar;02.sie;02.mar;03.lut;3;02.lut;3;02.wrz;02.lut;mar.25;lut.75;lut.25;mar.25;lut.88;lut.25;03.lut;lut.75;sty.65;02.maj;01.lip;02.sty;2;01.sie;-0.25;02.kwi;01.sie;-0.25;2.075;1.825;-0.25
D1;27.11.2004;Bayern Munich;Mainz;4;2;H;3;0;H;15;18;20;13;7;4;1;1;0;0;sty.28;04.maj;08.maj;sty.25;5;10;01.mar;5;9;01.mar;04.lut;8;sty.29;04.maj;8;sty.25;5;10.maj;sty.25;04.maj;10;sty.55;lut.25;sty.61;lut.25;01.cze;02.lut;-1.25;sty.94;01.wrz;-1.5;sty.95;sty.95;-1.5
D1;27.11.2004;Bochum;Nurnberg;3;1;H;2;0;H;13;22;19;24;4;7;2;2;0;0;02.sty;mar.25;3;02.maj;03.mar;03.lut;02.sty;mar.35;03.mar;2;03.sty;03.lut;2;03.lut;03.lut;2;03.lut;03.maj;02.maj;03.lut;03.sty;sty.65;02.maj;01.lip;02.sty;sty.85;sty.95;-0.25;2;sty.84;-0.5;02.maj;sty.85;-0.5
D1;27.11.2004;Hansa Rostock;Leverkusen;0;2;A;0;1;A;14;9;13;13;8;5;2;2;0;0;lut.87;03.lut;02.lut;03.mar;03.kwi;2;03.lut;03.mar;lut.15;02.wrz;3;02.lut;3;03.lut;02.sty;03.lut;mar.25;02.sty;02.wrz;03.lut;lut.15;sty.65;02.maj;sty.65;02.lut;01.wrz;01.wrz;0.25;sty.94;01.wrz;0.25;1.975;1.925;0.25
D1;27.11.2004;Kaiserslautern;Freiburg;3;0;H;1;0;H;16;9;26;23;3;6;0;1;0;0;sty.66;03.kwi;04.maj;sty.65;03.cze;04.cze;sty.75;03.maj;04.maj;sty.65;03.mar;04.kwi;sty.73;03.lut;kwi.33;sty.73;03.kwi;04.maj;sty.72;mar.25;04.lut;sty.71;2;01.sie;2;sty.75;sty.97;-0.5;sty.94;01.wrz;-0.75;1.975;1.925;-0.75
D1;27.11.2004;M'gladbach;Hamburg;1;3;A;0;2;A;21;11;22;25;4;5;4;4;0;1;02.mar;03.lut;02.lip;02.lut;03.mar;02.wrz;lut.35;mar.35;02.sie;02.lut;3;02.wrz;02.lut;mar.25;lut.75;02.mar;mar.25;02.sie;02.lut;03.lut;02.sie;sty.65;02.maj;sty.66;lut.15;sty.75;02.maj;0;sty.96;sty.88;-0.25;2.025;1.875;-0.25
D1;27.11.2004;Werder Bremen;Dortmund;2;0;H;1;0;H;16;13;21;28;8;2;1;2;0;0;01.sie;mar.25;4;sty.75;03.kwi;04.lut;01.sie;03.maj;04.lut;sty.85;03.sty;03.cze;sty.73;03.kwi;4;01.sie;03.kwi;4;sty.83;03.lut;mar.75;sty.65;02.maj;sty.75;02.maj;01.sie;sty.91;-0.5;sty.82;02.lut;-0.5;1.825;2.075;-0.5
D1;27.11.2004;Wolfsburg;Hertha;2;3;A;0;1;A;16;10;15;24;6;1;1;0;0;0;sty.83;mar.25;mar.75;01.wrz;mar.35;03.cze;01.wrz;03.mar;4;01.sie;03.sty;03.sie;01.sie;mar.25;mar.75;sty.83;03.mar;4;sty.72;mar.25;04.lut;01.cze;lut.15;sty.65;02.lut;01.wrz;sty.81;-0.5;sty.92;sty.92;-0.5;1.975;1.925;-0.5
D1;28.11.2004;Hannover;Stuttgart;0;0;D;0;0;D;13;12;13;15;6;2;0;3;0;0;lut.37;03.lut;lut.62;02.mar;03.mar;lut.75;lut.45;mar.35;02.lip;02.maj;3;02.maj;02.kwi;mar.25;02.maj;lut.38;mar.25;02.lip;02.mar;03.lut;lut.62;sty.71;02.maj;sty.75;02.maj;sty.85;sty.95;0;sty.82;02.lut;0;1.875;2.025;0
D1;28.11.2004;Schalke 04;Bielefeld;2;1;H;2;1;H;15;15;23;21;3;3;1;3;0;0;sty.57;03.kwi;05.maj;sty.55;03.sie;05.lut;sty.62;03.lip;maj.25;sty.55;03.maj;04.sie;sty.57;03.maj;5;sty.57;03.cze;05.maj;sty.57;03.maj;5;sty.55;lut.25;01.cze;02.mar;sty.85;sty.95;-1;sty.72;02.gru;-0.75;2.075;1.825;-1
D1;04.12.2004;Bielefeld;Hansa Rostock;1;1;D;0;0;D;23;5;14;38;7;2;1;5;0;0;sty.61;03.kwi;5;01.lip;03.maj;04.kwi;sty.73;03.kwi;04.sie;sty.75;03.lut;4;sty.67;mar.25;04.maj;sty.67;03.kwi;5;sty.61;03.maj;04.maj;sty.71;2;01.sie;2;2;01.sie;-0.75;02.kwi;01.sie;-0.75;02.maj;sty.85;-0.75
D1;04.12.2004;Freiburg;Werder Bremen;0;6;A;0;3;A;9;15;15;19;2;6;1;0;0;0;mar.25;mar.25;2;03.cze;mar.25;sty.95;03.cze;03.mar;2;03.maj;03.sty;01.wrz;03.lut;03.lut;2;03.kwi;03.mar;2;03.kwi;mar.25;01.wrz;01.cze;lut.15;sty.66;lut.15;sty.72;2;0.5;sty.86;sty.98;0.5;sty.85;02.maj;0.5
D1;04.12.2004;Hamburg;Hannover;0;2;A;0;1;A;19;7;12;24;7;2;2;1;0;0;01.sie;mar.25;4;sty.85;03.kwi;03.sie;sty.85;03.mar;kwi.25;sty.85;03.sty;03.cze;sty.83;03.lut;mar.75;01.sie;mar.25;kwi.33;sty.83;03.lut;mar.75;sty.65;02.maj;01.lip;02.sty;sty.85;sty.86;-0.5;sty.82;02.lut;-0.5;sty.85;02.maj;-0.5
D1;04.12.2004;Hertha;M'gladbach;6;0;H;1;0;H;20;17;19;10;7;0;2;1;0;0;sty.66;03.kwi;04.maj;01.lip;03.kwi;04.cze;sty.73;03.kwi;04.sie;01.lip;03.lut;04.lut;sty.73;03.lut;kwi.33;sty.73;03.kwi;04.maj;01.lip;03.lut;04.maj;sty.75;sty.95;sty.75;02.maj;sty.95;sty.85;-0.75;sty.98;sty.86;-0.75;2.025;1.875;-0.75
D1;04.12.2004;Leverkusen;Wolfsburg;2;1;H;0;1;A;14;9;22;23;4;5;0;2;0;0;sty.83;mar.25;mar.75;sty.85;03.kwi;03.sie;sty.83;mar.35;kwi.25;sty.75;03.lut;4;01.sie;mar.25;mar.75;01.sie;mar.25;kwi.33;sty.83;03.lut;mar.75;sty.55;lut.25;01.cze;02.mar;sty.83;sty.87;-0.5;sty.76;02.sie;-0.5;2.025;1.875;-0.75
D1;04.12.2004;Nurnberg;Bayern Munich;2;2;D;1;1;D;9;17;18;14;1;12;4;2;1;0;5;03.kwi;sty.61;04.cze;03.kwi;01.lip;5;03.kwi;01.lip;04.kwi;03.mar;sty.65;04.maj;mar.25;sty.67;5;03.kwi;sty.67;04.maj;03.lut;01.lip;01.cze;lut.15;sty.66;lut.15;2;01.sie;0.75;02.lut;sty.82;0.75;2.075;1.825;0.75
D1;04.12.2004;Stuttgart;Bochum;5;2;H;2;1;H;16;16;22;22;3;6;1;1;0;0;sty.44;mar.75;06.maj;01.kwi;04.sty;7;01.maj;mar.85;06.maj;sty.45;03.sie;05.kwi;sty.44;03.cze;06.maj;sty.44;03.sie;7;sty.44;03.cze;06.maj;sty.65;02.maj;sty.66;lut.15;sty.85;sty.95;-1;sty.88;sty.96;-1;01.wrz;2;-1
D1;05.12.2004;Dortmund;Schalke 04;0;1;A;0;1;A;13;10;22;19;9;4;3;2;0;0;lut.37;03.lut;lut.62;lut.65;03.lut;lut.45;lut.55;03.mar;02.cze;02.maj;3;02.maj;lut.38;03.lut;02.cze;02.maj;03.lut;02.cze;02.maj;02.wrz;lut.62;sty.85;sty.85;01.wrz;01.wrz;sty.85;sty.95;0;sty.82;02.lut;0;01.wrz;2;0
D1;05.12.2004;Kaiserslautern;Mainz;2;0;H;1;0;H;19;19;22;13;4;2;2;4;0;0;01.wrz;mar.25;03.maj;01.wrz;03.mar;03.lip;sty.93;mar.25;4;01.wrz;03.sty;03.maj;sty.91;03.lut;03.maj;sty.85;mar.25;4;01.wrz;03.lut;03.maj;sty.71;2;01.sie;2;sty.93;sty.79;-0.5;01.wrz;sty.94;-0.5;1.925;1.975;-0.5
D1;11.12.2004;Bayern Munich;Stuttgart;2;2;D;0;1;A;10;9;27;25;2;2;4;2;0;0;sty.61;03.kwi;5;sty.65;03.maj;04.sie;sty.65;03.maj;maj.25;sty.65;03.mar;04.kwi;sty.62;03.maj;04.maj;sty.67;03.kwi;5;sty.57;03.maj;5;sty.65;02.maj;sty.61;02.lut;01.sie;2;-0.75;01.sie;02.kwi;-0.75;1.825;2.075;-0.75
D1;11.12.2004;Bochum;Hamburg;1;2;A;0;2;A;13;15;23;18;6;2;3;1;0;0;02.cze;03.lut;02.kwi;lut.55;03.lut;lut.55;02.cze;03.lut;02.cze;02.maj;3;02.maj;02.maj;03.lut;02.maj;02.maj;03.lut;02.cze;lut.37;03.sty;lut.62;01.cze;lut.15;sty.66;02.sty;01.wrz;01.wrz;0;sty.86;sty.98;0;1.875;2.025;0
D1;11.12.2004;Hannover;Hertha;0;1;A;0;0;D;19;8;11;17;6;5;2;1;0;0;lut.25;mar.25;lut.75;02.mar;03.lut;lut.85;02.mar;03.lut;3;02.maj;3;02.maj;lut.25;03.lut;lut.75;lut.25;03.lut;02.wrz;lut.15;03.lut;02.wrz;sty.71;2;sty.66;02.sty;sty.75;2;0;02.sty;sty.74;-0.25;2.175;1.725;-0.25
D1;11.12.2004;Hansa Rostock;Dortmund;1;1;D;1;1;D;15;10;23;19;12;4;1;3;0;0;lut.62;03.lut;lut.37;02.wrz;03.mar;02.lut;3;03.lut;02.mar;02.maj;3;02.maj;lut.75;03.lut;lut.25;02.wrz;03.lut;lut.25;02.sie;03.lut;02.lut;sty.85;sty.85;2;sty.72;01.sie;2;0.25;sty.82;02.lut;0.25;1.875;2.025;0.25
D1;11.12.2004;Mainz;Nurnberg;0;1;A;0;1;A;20;9;14;18;9;3;1;1;0;0;2;mar.25;mar.25;01.wrz;mar.35;03.cze;2;mar.25;mar.75;01.wrz;03.sty;03.maj;sty.91;mar.25;03.kwi;2;03.lut;03.maj;sty.83;03.mar;03.cze;sty.65;02.maj;sty.66;02.sty;2;sty.74;-0.5;sty.78;02.cze;-0.25;02.maj;sty.85;-0.5
D1;11.12.2004;Schalke 04;Freiburg;1;1;D;1;0;H;22;6;14;20;12;5;0;1;0;0;sty.25;04.maj;11;01.mar;04.cze;08.sie;sty.26;5;11;sty.22;04.sie;09.maj;sty.25;04.maj;10;sty.29;04.maj;10;sty.25;04.maj;10;01.maj;lut.35;sty.57;lut.25;01.lip;lut.15;-1.5;sty.78;02.cze;-1.5;1.725;2.175;-1.5
D1;11.12.2004;Werder Bremen;Kaiserslautern;1;1;D;0;0;D;29;8;14;24;14;6;2;2;1;0;01.maj;03.maj;6;sty.45;03.wrz;06.maj;01.maj;mar.75;7;01.maj;03.lip;5;01.maj;03.kwi;6;01.maj;mar.75;6;01.maj;03.cze;05.maj;sty.55;lut.25;sty.57;lut.25;01.sie;2;-1;sty.82;02.lut;-1;01.sie;02.sty;-1
D1;12.12.2004;M'gladbach;Leverkusen;1;1;D;0;0;D;19;7;21;22;5;1;1;2;0;0;02.lip;03.lut;02.mar;lut.65;03.lut;lut.45;02.lip;03.lut;02.maj;02.wrz;3;02.lut;02.cze;03.lut;lut.38;02.cze;03.lut;02.maj;02.maj;03.sty;02.maj;sty.65;02.maj;sty.61;02.lut;2;01.sie;0;02.kwi;01.sie;0;02.maj;sty.85;0
D1;12.12.2004;Wolfsburg;Bielefeld;5;0;H;4;0;H;20;9;22;18;8;4;2;2;0;0;sty.72;mar.25;kwi.33;01.lip;03.maj;04.maj;sty.73;03.mar;5;sty.75;03.lut;4;sty.67;mar.25;04.maj;sty.67;03.kwi;kwi.75;sty.72;03.kwi;4;01.cze;lut.15;sty.61;02.lut;01.sie;2;-0.75;sty.82;02.lut;-0.75;01.sie;02.sty;-0.75
D1;21.01.2005;Bayern Munich;Hamburg;3;0;H;1;0;H;20;9;18;19;6;10;2;2;0;0;01.kwi;4;06.maj;sty.45;04.sty;6;01.maj;mar.75;7;sty.45;03.sie;05.kwi;sty.44;03.cze;06.maj;sty.44;4;06.maj;01.kwi;mar.75;7;sty.55;lut.25;sty.65;02.lut;2;01.sie;-1.25;02.lut;sty.82;-1.25;2.075;1.825;-1.25
D1;22.01.2005;Hansa Rostock;Freiburg;0;0;D;0;0;D;10;15;20;24;9;6;1;3;0;0;01.wrz;mar.25;03.maj;01.sie;03.kwi;4;01.wrz;03.mar;4;01.sie;03.sty;03.sie;sty.91;03.lut;03.maj;sty.91;mar.25;mar.75;2;03.lut;03.lut;sty.71;2;01.lip;02.sty;01.wrz;sty.81;-0.5;sty.88;sty.96;-0.5;01.wrz;2;-0.5
D1;22.01.2005;Mainz;Stuttgart;2;3;A;1;0;H;14;17;19;19;4;5;2;3;0;0;02.sie;mar.25;02.lut;03.sty;03.mar;02.sty;03.lut;mar.25;02.lut;03.sty;3;02.sty;3;03.lut;02.sty;3;03.lut;02.lut;lut.87;03.sty;02.lut;sty.79;01.wrz;01.sie;2;sty.98;sty.82;0.25;02.lut;sty.82;0.25;02.maj;sty.85;0.25
D1;22.01.2005;M'gladbach;Bielefeld;1;0;H;0;0;D;17;12;26;18;7;4;5;2;0;0;01.sie;03.kwi;mar.75;sty.85;03.kwi;mar.75;sty.85;03.kwi;4;01.wrz;03.sty;03.maj;sty.83;03.lut;mar.75;sty.85;mar.25;4;sty.83;03.lut;mar.75;sty.71;2;01.lip;02.sty;sty.85;sty.84;-0.5;01.sie;02.kwi;-0.5;01.sie;02.sty;-0.5
D1;22.01.2005;Nurnberg;Kaiserslautern;1;3;A;0;0;D;18;13;12;17;7;4;1;3;0;0;02.sty;mar.25;3;sty.95;03.mar;03.maj;02.sty;mar.25;03.kwi;02.sty;3;03.sty;2;03.lut;03.lut;02.sty;mar.25;03.lut;2;03.lut;03.lut;01.cze;lut.15;01.lip;02.sty;sty.85;sty.95;-0.25;sty.82;02.lut;-0.25;sty.85;02.maj;-0.25
D1;22.01.2005;Schalke 04;Werder Bremen;2;1;H;0;0;D;16;11;19;15;9;4;4;3;0;0;02.sty;03.lut;03.sty;01.wrz;mar.35;03.cze;02.sty;mar.25;03.kwi;02.sty;3;03.sty;2;03.lut;03.lut;2;03.lut;03.maj;sty.83;03.lut;mar.75;01.cze;lut.15;sty.65;02.lut;sty.85;sty.95;-0.25;sty.86;sty.98;-0.25;1.875;2.025;-0.25
D1;22.01.2005;Wolfsburg;Dortmund;1;2;A;0;0;D;12;11;22;12;8;2;2;1;0;0;sty.83;mar.25;mar.75;sty.85;03.kwi;mar.75;sty.95;03.mar;03.sie;2;03.sty;03.lut;sty.83;03.lut;mar.75;sty.91;03.kwi;03.cze;01.sie;mar.25;03.sie;sty.65;02.maj;sty.65;02.lut;sty.95;sty.77;-0.5;sty.76;02.sie;-0.25;2.025;1.875;-0.5
D1;23.01.2005;Bochum;Hertha;2;2;D;1;2;A;16;13;20;28;8;1;1;2;0;0;02.lip;03.lut;02.mar;02.sie;03.mar;lut.25;lut.85;mar.25;02.kwi;02.lip;02.wrz;02.kwi;lut.75;03.lut;lut.25;lut.88;mar.25;lut.25;lut.62;03.sty;lut.37;sty.71;2;sty.75;02.maj;2;01.sie;0;2;sty.84;0;02.maj;sty.85;0
D1;23.01.2005;Hannover;Leverkusen;0;3;A;0;2;A;8;10;16;19;6;3;0;2;0;0;lut.37;03.lut;lut.62;02.mar;03.mar;lut.75;02.maj;mar.25;02.lip;02.kwi;02.wrz;02.lip;lut.38;03.lut;02.cze;02.mar;mar.25;02.sie;lut.25;03.lut;lut.75;01.cze;lut.15;sty.75;02.maj;01.wrz;01.wrz;0;sty.96;sty.88;0;2;01.wrz;0
D1;29.01.2005;Bielefeld;Hannover;0;1;A;0;1;A;15;8;21;23;12;2;1;1;0;0;02.lut;mar.25;lut.79;lut.25;03.mar;02.sie;02.mar;03.mar;lut.95;02.lut;3;02.wrz;lut.25;03.lut;lut.75;lut.25;mar.25;2.875;02.mar;03.mar;lut.95;;;sty.95;sty.85;;;;lut.14;01.lip;-0.25;lut.15;sty.75;-0.25
D1;29.01.2005;Dortmund;M'gladbach;1;1;D;1;0;H;16;11;16;19;3;7;0;2;0;0;sty.72;mar.25;kwi.33;01.lip;03.maj;04.kwi;sty.75;03.maj;04.maj;01.lip;03.lut;04.lut;1.727;03.lut;4.333;1.727;03.kwi;04.maj;sty.75;03.maj;04.maj;;;sty.75;02.maj;;;;lut.14;01.lip;-0.75;01.wrz;2;-0.5
D1;29.01.2005;Freiburg;Wolfsburg;1;0;H;0;0;D;13;19;14;32;9;2;1;2;0;1;02.maj;03.lut;02.maj;02.sie;03.mar;lut.25;02.sie;03.kwi;lut.35;02.sie;03.sty;02.lut;lut.75;03.lut;lut.25;02.sie;mar.25;02.mar;02.sie;03.kwi;lut.35;;;01.lip;02.sty;;;;sty.74;02.sty;0;1.825;2.075;0
D1;29.01.2005;Hamburg;Mainz;2;1;H;1;1;D;20;11;22;23;3;3;2;1;0;0;01.maj;03.maj;6;01.cze;03.cze;5;sty.57;mar.75;maj.75;01.cze;03.kwi;04.cze;1.571;03.maj;5;1.571;03.cze;05.maj;sty.57;mar.75;maj.75;;;sty.65;02.lut;;;;sty.92;sty.92;-1;sty.85;02.maj;-1
D1;29.01.2005;Kaiserslautern;Schalke 04;2;0;H;0;0;D;4;14;24;18;0;8;4;4;0;0;3;mar.25;02.sty;02.wrz;03.mar;02.lut;02.sie;03.maj;02.mar;02.lip;3;02.mar;2.875;mar.25;02.sty;03.sty;mar.25;02.sty;02.sie;03.maj;02.mar;;;01.sie;2;;;;lut.18;01.lip;0.25;2.125;1.775;0.25
D1;29.01.2005;Leverkusen;Bochum;4;0;H;2;0;H;16;10;23;17;2;7;0;1;0;0;sty.39;mar.79;7;sty.45;04.sty;6;sty.47;04.sty;06.maj;01.maj;03.lip;5;1.444;03.cze;06.maj;1.444;mar.75;7;sty.47;04.sty;06.maj;;;sty.55;lut.37;;;;02.lut;sty.82;-1.25;2.025;1.875;-1.25
D1;29.01.2005;Stuttgart;Nurnberg;2;4;A;0;2;A;20;11;27;22;9;2;4;3;0;0;sty.44;mar.75;06.maj;sty.45;04.sty;6;sty.47;04.sty;06.maj;sty.45;03.sie;05.kwi;1.444;03.cze;06.maj;1.444;mar.75;7;sty.47;04.sty;06.maj;;;sty.65;02.lut;;;;sty.76;02.sie;-1.25;01.sie;02.sty;-1.25
D1;30.01.2005;Hertha;Bayern Munich;0;0;D;0;0;D;9;13;27;23;2;3;3;2;0;0;3;mar.25;02.sty;02.wrz;03.mar;02.lut;lut.95;03.mar;02.mar;02.lip;3;02.mar;02.sie;03.lut;02.lut;03.lut;mar.25;02.sty;lut.95;03.mar;02.mar;;;01.sie;2;;;;02.gru;sty.72;0.25;2.075;1.825;0.25
D1;30.01.2005;Werder Bremen;Hansa Rostock;3;2;H;2;1;H;21;9;31;27;5;5;1;1;0;0;sty.36;4;07.maj;01.kwi;04.lut;06.cze;01.kwi;04.mar;07.maj;sty.45;03.sie;05.kwi;1.364;4;7;01.kwi;4;07.maj;01.kwi;04.mar;07.maj;;;sty.61;lut.25;;;;sty.72;02.gru;-1.25;sty.75;02.sty;-1.25
D1;05.02.2005;Bayern Munich;Leverkusen;2;0;H;1;0;H;17;10;26;27;4;3;1;4;0;0;sty.61;03.kwi;5;sty.55;03.wrz;5;01.cze;03.lip;05.maj;01.cze;03.kwi;04.cze;sty.57;03.maj;5;sty.62;03.kwi;05.maj;sty.57;03.maj;5;01.cze;lut.15;sty.75;02.maj;sty.85;sty.95;-0.75;sty.88;sty.96;-0.75;1.875;2.025;-0.75
D1;05.02.2005;Bochum;Bielefeld;1;1;D;1;1;D;17;12;35;25;6;4;4;1;0;0;02.sty;mar.25;3;02.maj;03.mar;03.lut;02.sty;03.mar;mar.35;02.sty;3;03.sty;02.sty;03.lut;3;02.sty;03.lut;03.lut;02.lut;03.lut;02.sie;sty.65;02.maj;01.sie;2;01.sie;2;-0.25;01.sie;02.kwi;-0.25;1.825;2.075;-0.25
D1;05.02.2005;Hannover;Dortmund;1;3;A;0;2;A;13;11;10;27;6;2;0;3;0;0;02.mar;03.lut;02.lip;lut.35;mar.25;02.lip;lut.35;mar.25;02.wrz;02.lut;3;02.wrz;lut.25;03.lut;lut.75;02.mar;mar.25;02.sie;lut.15;mar.25;lut.87;sty.79;01.wrz;01.wrz;01.wrz;02.maj;sty.75;-0.25;02.sie;sty.76;-0.25;02.sty;01.sie;-0.25
D1;05.02.2005;Hansa Rostock;Schalke 04;2;2;D;0;1;A;11;18;20;14;7;6;2;0;1;0;4;mar.25;01.sie;04.lut;03.cze;01.lip;04.maj;03.kwi;sty.78;03.maj;03.sty;01.wrz;mar.75;mar.25;01.sie;04.lut;mar.25;01.sie;04.lut;mar.25;sty.72;sty.75;sty.95;sty.75;02.maj;sty.94;sty.78;0.5;sty.72;02.gru;0.75;sty.95;sty.95;0.5
D1;05.02.2005;Mainz;Hertha;0;3;A;0;1;A;17;5;18;21;5;0;2;1;0;0;lut.63;03.lut;lut.38;02.wrz;03.mar;02.lut;lut.85;03.mar;lut.35;02.wrz;3;02.lut;lut.75;03.lut;lut.25;02.wrz;03.sty;02.mar;02.maj;mar.25;02.kwi;sty.71;2;01.sie;2;02.maj;sty.75;0;02.gru;sty.72;0;lut.15;sty.75;0
D1;05.02.2005;Nurnberg;Hamburg;1;3;A;0;1;A;25;9;19;21;7;5;1;1;0;0;02.kwi;03.lut;02.cze;02.mar;mar.35;02.lip;02.maj;03.mar;lut.65;02.kwi;3;02.cze;lut.25;03.lut;lut.75;02.mar;mar.25;02.sie;02.lut;03.lut;02.sie;sty.65;02.maj;01.lip;02.sty;01.sie;2;0;01.sie;02.kwi;0;sty.85;02.maj;0
D1;05.02.2005;Stuttgart;Kaiserslautern;1;1;D;1;0;H;15;5;25;18;5;5;4;4;0;1;01.maj;03.maj;6;01.maj;03.wrz;05.cze;01.cze;03.lip;05.maj;01.cze;03.kwi;04.cze;sty.57;03.maj;5;sty.53;03.cze;6;sty.53;03.maj;05.maj;sty.65;02.maj;01.cze;02.mar;sty.85;sty.95;-1;sty.84;2;-1;sty.85;02.maj;-1
D1;06.02.2005;M'gladbach;Freiburg;3;2;H;2;1;H;20;11;17;17;6;0;1;4;0;0;sty.57;03.kwi;05.maj;01.cze;03.cze;5;01.cze;03.lip;05.maj;01.cze;03.kwi;04.cze;sty.57;03.maj;5;sty.62;03.maj;5;01.lip;03.mar;kwi.33;sty.75;sty.95;01.sie;2;sty.75;02.maj;-0.75;sty.76;02.sie;-0.75;sty.75;02.sty;-0.75
D1;06.02.2005;Wolfsburg;Werder Bremen;2;3;A;1;0;H;6;13;19;24;2;12;2;1;0;0;lut.38;03.lut;lut.63;lut.35;mar.35;lut.65;lut.55;03.mar;02.cze;02.kwi;03.sty;02.maj;lut.38;03.lut;02.cze;02.kwi;03.mar;lut.62;02.mar;03.lut;lut.62;01.maj;lut.35;sty.55;lut.38;01.sie;2;0;lut.14;01.lip;-0.25;sty.95;sty.95;0
D1;12.02.2005;Dortmund;Bochum;1;0;H;1;0;H;20;13;19;19;11;6;0;2;0;0;sty.57;03.kwi;05.maj;sty.55;03.lip;05.kwi;01.cze;mar.65;05.maj;01.cze;03.kwi;04.cze;sty.57;03.maj;5;sty.57;03.maj;05.maj;01.cze;03.kwi;04.sie;sty.71;2;01.lip;02.sty;01.wrz;01.wrz;-1;01.lip;lut.14;-0.75;01.lip;02.lut;-0.75
D1;12.02.2005;Freiburg;Hannover;0;0;D;0;0;D;14;2;13;18;2;3;1;1;0;0;02.mar;mar.25;02.lip;02.kwi;03.mar;02.cze;lut.38;03.lut;lut.85;02.maj;3;02.maj;lut.38;03.lut;02.cze;lut.38;03.lut;lut.75;02.maj;mar.25;02.kwi;sty.71;2;01.lip;02.sty;sty.75;02.sty;0;sty.72;02.gru;0;lut.15;sty.75;-0.25
D1;12.02.2005;Hamburg;Stuttgart;2;1;H;1;1;D;13;5;29;27;5;4;2;5;0;1;02.lut;03.lut;lut.87;02.mar;03.mar;lut.75;02.mar;mar.25;lut.95;02.lut;3;02.wrz;lut.25;03.lut;lut.75;02.mar;mar.25;02.sie;lut.25;03.lut;lut.75;01.cze;lut.15;01.lip;02.lut;2;01.sie;-0.25;2;sty.84;-0.25;02.maj;sty.85;-0.25
D1;12.02.2005;Hertha;Nurnberg;2;1;H;1;0;H;13;8;22;26;6;4;5;4;1;0;sty.53;03.maj;05.maj;sty.55;03.sie;05.lut;01.cze;mar.65;05.maj;sty.55;03.maj;04.sie;sty.57;03.maj;5;sty.57;03.maj;05.maj;sty.66;03.mar;04.maj;sty.65;02.maj;sty.61;lut.25;2;01.sie;-1;01.lip;lut.14;-0.75;2.025;1.875;-1
D1;12.02.2005;Kaiserslautern;Hansa Rostock;2;1;H;1;0;H;11;12;24;18;3;1;0;3;0;1;01.maj;03.cze;05.maj;sty.55;03.sie;05.lut;sty.57;03.lip;maj.75;sty.55;03.maj;04.sie;01.maj;03.kwi;6;01.maj;03.cze;06.maj;sty.44;mar.75;6;sty.71;2;sty.61;lut.25;sty.95;sty.85;-1;sty.88;sty.96;-1;2;01.wrz;-1
D1;12.02.2005;Schalke 04;Wolfsburg;3;0;H;2;0;H;18;11;16;20;8;2;1;4;0;1;sty.61;03.kwi;5;01.cze;03.cze;5;01.cze;mar.65;05.maj;sty.55;03.maj;04.sie;sty.57;03.maj;5;sty.57;03.cze;05.maj;01.maj;03.cze;05.maj;sty.55;lut.25;sty.65;02.lut;2;01.sie;-1;01.lip;lut.14;-0.75;sty.75;lut.15;-0.75
D1;12.02.2005;Werder Bremen;M'gladbach;2;0;H;1;0;H;21;6;14;22;6;5;0;5;0;0;sty.61;03.kwi;5;sty.55;03.sie;05.lut;01.cze;mar.65;05.maj;sty.55;03.maj;04.sie;sty.57;03.maj;5;sty.57;03.maj;05.maj;01.cze;03.kwi;04.sie;01.cze;lut.15;sty.65;02.lut;2;01.sie;-1;02.kwi;01.sie;-1;2.075;1.825;-1
D1;13.02.2005;Bielefeld;Bayern Munich;3;1;H;1;0;H;10;17;16;20;1;9;2;2;0;0;5;03.kwi;sty.61;5;03.cze;01.cze;5;mar.65;sty.65;4;03.lut;sty.75;5;mar.25;sty.62;05.maj;03.kwi;sty.62;04.maj;03.lut;01.lip;sty.71;2;01.lip;02.sty;02.maj;sty.77;0.75;02.cze;sty.78;0.75;02.sty;01.sie;0.75
D1;13.02.2005;Leverkusen;Mainz;2;0;H;0;0;D;17;9;18;26;7;5;2;2;0;0;sty.33;kwi.33;07.maj;sty.35;04.kwi;07.kwi;sty.37;04.maj;8;sty.35;4;7;sty.33;4;8;sty.33;kwi.33;08.maj;sty.33;4;8;01.maj;lut.35;sty.55;lut.37;sty.91;sty.65;-1.5;2;sty.84;-1.5;2;01.wrz;-1.5
D1;19.02.2005;Bayern Munich;Dortmund;5;0;H;4;0;H;17;7;10;25;4;3;0;2;0;0;sty.44;mar.75;06.maj;01.maj;03.wrz;05.cze;01.maj;03.wrz;06.maj;sty.55;03.maj;04.sie;sty.44;03.cze;06.maj;01.maj;4;05.maj;01.maj;03.kwi;6;sty.71;2;01.sie;2;2;01.sie;-1;sty.96;sty.88;-1;sty.95;sty.95;-1
D1;19.02.2005;Bochum;Freiburg;3;1;H;1;0;H;21;12;20;26;3;3;1;5;0;1;01.sie;03.kwi;mar.75;sty.85;mar.35;03.sie;01.sie;mar.35;kwi.45;01.sie;03.sty;03.sie;01.sie;mar.25;mar.75;01.sie;03.kwi;4;01.sie;03.mar;mar.75;sty.65;02.maj;01.lip;02.sty;sty.95;sty.85;-0.75;sty.72;02.gru;-0.5;sty.75;lut.15;-0.5
D1;19.02.2005;Hamburg;Kaiserslautern;2;1;H;2;0;H;14;14;18;22;8;8;2;2;0;0;sty.66;03.kwi;04.maj;01.lip;03.maj;04.kwi;01.lip;mar.55;kwi.85;sty.75;03.lut;4;sty.67;03.kwi;kwi.33;sty.67;03.cze;04.maj;01.lip;03.kwi;04.lut;sty.65;02.maj;sty.65;02.lut;01.wrz;01.wrz;-0.75;sty.88;sty.96;-0.75;1.925;1.975;-0.75
D1;19.02.2005;Hannover;Werder Bremen;1;4;A;1;2;A;15;13;10;22;6;5;1;2;0;0;lut.75;mar.25;lut.25;3;03.mar;lut.15;03.lut;03.lut;02.lut;02.lip;3;02.mar;02.sie;03.lut;02.lut;03.sty;03.lut;02.lut;lut.62;03.lut;02.mar;01.cze;lut.15;01.lip;02.sty;01.wrz;01.wrz;0.25;sty.88;sty.96;0.25;01.wrz;2;0.25
D1;19.02.2005;Mainz;Bielefeld;0;0;D;0;0;D;18;9;23;19;4;2;1;2;0;0;02.lut;mar.25;02.sie;lut.15;03.mar;3;02.mar;03.lut;3;02.kwi;3;02.cze;lut.25;03.lut;lut.75;lut.25;03.lut;3;lut.37;03.sty;lut.62;sty.75;sty.95;01.sie;2;2;01.sie;-0.25;sty.94;01.wrz;-0.25;2;01.wrz;-0.25
D1;19.02.2005;Nurnberg;Leverkusen;2;4;A;1;2;A;18;10;14;19;9;3;1;1;0;0;02.lip;03.lut;02.mar;lut.75;03.mar;02.mar;lut.95;03.mar;02.mar;02.lip;3;02.mar;lut.75;03.lut;lut.25;02.wrz;03.lut;02.mar;lut.62;03.sty;lut.37;01.cze;lut.15;01.lip;02.sty;sty.85;sty.95;0.25;;;;01.wrz;2;0.25
D1;19.02.2005;Wolfsburg;Hansa Rostock;4;0;H;2;0;H;12;6;19;24;3;4;0;2;0;0;sty.53;03.kwi;6;sty.55;03.sie;05.lut;01.cze;mar.65;05.maj;sty.65;03.mar;04.kwi;sty.57;03.maj;5;01.cze;mar.75;5;sty.57;03.maj;5;01.cze;lut.15;sty.55;lut.37;2;01.sie;-1;sty.96;sty.88;-1;2;01.sie;-1
D1;20.02.2005;M'gladbach;Schalke 04;1;3;A;1;1;D;12;12;21;17;4;3;2;0;0;0;02.cze;03.lut;02.kwi;02.cze;03.mar;02.kwi;02.lip;03.mar;lut.45;02.lip;3;02.mar;02.cze;03.lut;lut.38;02.cze;03.lut;02.maj;02.cze;03.sty;02.kwi;sty.75;sty.95;01.sie;2;01.lip;02.maj;0.25;;;;1.775;2.125;0.25
D1;20.02.2005;Stuttgart;Hertha;1;0;H;1;0;H;8;12;26;20;2;4;1;3;0;0;2;mar.25;mar.25;sty.95;03.mar;03.maj;02.sty;mar.25;03.kwi;02.sty;3;03.sty;2;03.lut;03.lut;2;03.mar;03.kwi;2;03.lut;03.lut;sty.75;sty.95;01.lip;02.sty;02.sty;sty.66;-0.5;2;sty.84;-0.5;02.maj;sty.85;-0.5
D1;26.02.2005;Bielefeld;Nurnberg;3;1;H;2;1;H;12;20;5;22;3;2;0;1;0;0;01.wrz;mar.25;03.maj;sty.95;03.mar;03.maj;02.maj;mar.25;mar.55;01.wrz;03.sty;03.maj;sty.91;mar.25;03.kwi;2;mar.25;03.kwi;sty.83;03.mar;03.cze;sty.65;02.maj;01.sie;2;02.maj;01.lip;-0.5;02.cze;sty.78;-0.5;02.sty;01.sie;-0.5
D1;26.02.2005;Dortmund;Mainz;3;0;H;1;0;H;30;14;15;18;4;4;1;0;0;0;01.maj;03.maj;6;01.maj;04.sty;05.lut;sty.55;03.maj;cze.75;sty.55;03.maj;04.sie;sty.44;03.cze;06.maj;01.maj;mar.75;6;01.maj;03.cze;05.maj;sty.71;2;01.sie;2;sty.98;sty.83;-1;02.lut;sty.82;-1;2.075;1.825;-1
D1;26.02.2005;Freiburg;Bayern Munich;0;1;A;0;0;D;11;14;19;15;10;3;0;2;0;0;6;03.maj;01.maj;05.cze;03.wrz;01.maj;cze.75;03.cze;sty.53;5;03.lip;01.maj;6;03.kwi;01.maj;6;03.cze;sty.53;05.maj;03.maj;sty.53;01.cze;lut.15;sty.75;02.maj;01.wrz;01.wrz;1;02.kwi;01.sie;1;1.975;1.925;1
D1;26.02.2005;Hansa Rostock;M'gladbach;0;0;D;0;0;D;12;5;15;23;8;5;1;3;0;0;02.maj;03.lut;02.maj;02.kwi;03.mar;02.cze;02.maj;mar.25;02.lip;02.kwi;3;02.cze;lut.38;03.lut;02.cze;02.maj;03.lut;02.cze;02.kwi;mar.25;02.maj;sty.65;02.maj;01.sie;2;01.wrz;01.wrz;0;sty.88;sty.96;0;sty.95;sty.95;0
D1;26.02.2005;Hertha;Hamburg;4;1;H;3;0;H;12;25;24;21;1;10;2;4;1;0;01.wrz;mar.25;03.maj;01.wrz;mar.35;03.cze;2;mar.25;03.cze;01.wrz;03.sty;03.maj;sty.91;mar.25;03.kwi;sty.91;mar.25;mar.75;02.maj;03.lut;03.sty;sty.65;02.maj;sty.75;02.maj;2;sty.71;-0.5;sty.94;01.wrz;-0.5;sty.95;sty.95;-0.5
D1;26.02.2005;Kaiserslautern;Wolfsburg;0;0;D;0;0;D;15;13;23;17;6;4;4;5;0;1;2;mar.25;mar.25;01.wrz;mar.35;03.cze;2;mar.25;03.cze;01.wrz;03.sty;03.maj;sty.83;mar.25;03.cze;sty.91;mar.25;mar.75;sty.83;03.kwi;03.maj;01.cze;lut.15;sty.65;02.lut;sty.72;2;-0.25;02.sty;sty.74;-0.5;2.075;1.825;-0.5
D1;26.02.2005;Werder Bremen;Bochum;4;0;H;1;0;H;17;10;15;18;6;3;0;1;0;0;01.kwi;mar.75;07.maj;01.kwi;04.lut;06.cze;sty.41;kwi.25;lip.25;01.kwi;03.wrz;6;01.kwi;mar.75;7;01.kwi;4;07.maj;01.kwi;mar.75;7;01.maj;lut.35;01.cze;02.mar;01.wrz;01.wrz;-1.25;sty.96;sty.88;-1.25;sty.95;sty.95;-1.25
D1;27.02.2005;Leverkusen;Stuttgart;1;1;D;0;0;D;14;9;20;25;6;2;4;4;0;0;01.wrz;mar.25;03.maj;sty.85;03.kwi;mar.75;sty.95;mar.25;mar.85;01.wrz;03.sty;03.maj;sty.91;mar.25;03.kwi;sty.95;03.mar;03.maj;sty.83;03.mar;03.cze;sty.55;lut.25;01.lip;02.sty;sty.95;sty.76;-0.5;sty.92;sty.92;-0.5;sty.95;sty.95;-0.5
D1;27.02.2005;Schalke 04;Hannover;1;0;H;0;0;D;17;16;17;12;8;8;1;4;0;0;sty.44;mar.75;06.maj;sty.45;04.sty;6;sty.47;mar.85;07.lut;sty.45;03.sie;05.kwi;sty.44;03.cze;06.maj;sty.44;mar.75;7;sty.44;03.cze;06.maj;01.cze;lut.15;sty.75;02.maj;sty.78;02.lut;-1;sty.78;02.cze;-1;01.sie;02.sty;-1
D1;05.03.2005;Bayern Munich;Werder Bremen;1;0;H;1;0;H;6;13;17;27;5;8;2;4;0;0;sty.66;03.kwi;04.maj;01.lip;03.maj;04.kwi;sty.75;03.maj;04.maj;sty.75;03.lut;4;sty.73;03.lut;kwi.33;sty.73;03.kwi;04.maj;sty.66;03.mar;04.maj;lut.15;01.cze;01.sie;2;lut.15;sty.65;-1;sty.92;sty.92;-0.75;2;01.wrz;-0.75
D1;05.03.2005;Bochum;Schalke 04;0;2;A;0;1;A;10;19;25;20;3;9;2;1;0;0;03.maj;mar.25;01.wrz;03.maj;mar.25;sty.95;mar.45;mar.35;02.maj;03.lut;03.sty;2;03.kwi;mar.25;sty.91;03.kwi;mar.25;2;03.mar;mar.25;sty.95;02.maj;sty.65;sty.65;02.lut;sty.17;mar.65;01.maj;sty.86;sty.98;0.5;1.875;2.025;0.5
D1;05.03.2005;Hamburg;Leverkusen;1;0;H;1;0;H;9;12;29;23;4;3;5;3;0;0;lut.25;mar.25;lut.75;02.lut;03.mar;02.wrz;02.lut;mar.25;mar.15;02.sty;3;03.sty;02.lut;03.lut;02.sie;lut.25;mar.25;lut.88;02.sty;03.mar;lut.87;lut.25;sty.55;sty.65;02.lut;sty.55;02.mar;0;sty.92;sty.92;-0.25;sty.95;sty.95;-0.25
D1;05.03.2005;Hannover;Hansa Rostock;0;1;A;0;1;A;11;12;21;23;7;4;0;3;0;0;sty.66;03.kwi;04.maj;sty.55;03.wrz;5;sty.65;mar.55;maj.25;01.cze;03.kwi;04.cze;sty.62;03.maj;04.maj;sty.62;03.maj;5;sty.61;03.mar;5;02.maj;sty.65;01.lip;02.sty;02.maj;01.lip;-1;sty.88;sty.96;-0.75;sty.85;02.maj;-0.75
D1;05.03.2005;Mainz;Freiburg;5;0;H;3;0;H;17;12;21;14;6;13;1;3;0;0;01.wrz;mar.25;03.maj;01.sie;03.kwi;4;01.wrz;mar.35;03.wrz;01.sie;03.sty;03.sie;sty.91;mar.25;03.kwi;sty.91;03.lut;mar.75;2;03.mar;03.sty;01.wrz;sty.79;01.lip;02.sty;sty.65;lut.15;-0.25;sty.88;sty.96;-0.5;1.975;1.925;-0.5
D1;05.03.2005;M'gladbach;Wolfsburg;1;0;H;0;0;D;15;7;12;20;5;3;2;1;0;0;01.wrz;mar.25;03.maj;02.maj;03.lut;03.mar;02.sty;mar.25;mar.35;02.sty;3;03.sty;2;03.lut;03.lut;2;mar.25;03.kwi;02.maj;03.mar;3;02.maj;sty.65;01.sie;2;sty.75;2;-0.25;sty.98;sty.86;-0.5;02.maj;sty.85;-0.5
D1;05.03.2005;Stuttgart;Bielefeld;2;1;H;0;0;D;19;5;23;23;9;2;0;1;0;0;01.maj;03.maj;6;sty.45;04.lut;05.lip;sty.55;mar.75;6;01.maj;03.lip;5;sty.53;03.maj;05.maj;sty.53;03.cze;6;01.maj;03.cze;05.maj;2;sty.71;01.sie;2;sty.95;01.sie;-1.25;sty.86;sty.98;-1;sty.85;02.maj;-1
D1;06.03.2005;Hertha;Kaiserslautern;1;1;D;0;0;D;24;11;14;21;6;6;3;2;0;0;sty.66;03.kwi;04.maj;01.cze;03.lip;04.wrz;sty.67;03.cze;04.wrz;01.lip;03.lut;04.lut;sty.67;03.kwi;kwi.33;sty.67;03.maj;kwi.75;01.lip;03.mar;kwi.33;02.maj;sty.65;01.lip;02.sty;02.maj;01.lip;-1;sty.82;02.lut;-0.75;1.825;2.075;-0.75
D1;06.03.2005;Nurnberg;Dortmund;2;2;D;0;0;D;17;16;19;16;4;7;5;3;1;0;lut.62;03.lut;lut.37;02.maj;03.mar;02.maj;lut.55;03.mar;02.cze;02.maj;3;02.maj;02.maj;03.lut;02.maj;02.cze;03.lut;02.cze;02.maj;mar.25;02.kwi;2;sty.71;01.sie;2;02.lut;01.cze;-0.25;sty.86;sty.98;0;01.wrz;2;0
D1;12.03.2005;Bielefeld;Hamburg;3;4;A;2;3;A;19;10;21;33;5;3;3;3;0;1;02.kwi;03.lut;02.cze;02.maj;03.mar;02.maj;lut.62;mar.25;lut.55;02.maj;3;02.maj;02.maj;03.lut;02.maj;02.maj;03.lut;02.cze;lut.37;03.sty;lut.62;sty.71;2;01.sie;2;01.wrz;sty.82;0;02.lut;sty.82;0;2;01.wrz;0
D1;12.03.2005;Freiburg;Nurnberg;2;3;A;1;1;D;15;20;14;18;8;7;1;3;0;0;02.kwi;03.lut;02.cze;lut.35;mar.35;lut.65;lut.35;03.mar;lut.85;02.maj;3;02.maj;lut.38;03.lut;02.cze;lut.38;03.lut;lut.75;02.mar;03.lut;lut.62;sty.65;02.maj;01.sie;2;02.maj;01.lip;-0.25;02.cze;sty.78;-0.25;02.maj;sty.85;-0.25
D1;12.03.2005;Hansa Rostock;Bochum;3;1;H;1;0;H;14;19;23;25;3;5;1;2;0;0;2;mar.25;mar.25;2;mar.45;03.lut;02.maj;03.mar;mar.45;2;03.sty;03.lut;2;03.lut;03.lut;02.sty;mar.25;03.lut;2;03.lut;03.lut;sty.75;sty.95;01.sie;2;sty.73;2;-0.25;sty.78;02.cze;-0.25;01.sie;02.sty;-0.25
D1;12.03.2005;Kaiserslautern;M'gladbach;1;0;H;1;0;H;17;17;23;19;3;5;1;1;0;0;01.wrz;mar.25;03.maj;01.sie;03.kwi;mar.95;02.sty;mar.15;03.kwi;01.sie;03.sty;03.sie;sty.91;mar.25;03.kwi;2;mar.25;03.kwi;sty.72;03.kwi;4;01.sie;01.sie;01.sie;2;sty.73;2;-0.25;sty.78;02.cze;-0.25;01.sie;02.sty;-0.25
D1;12.03.2005;Leverkusen;Hertha;3;3;D;2;2;D;22;9;18;17;11;2;2;0;0;1;2;mar.25;mar.25;sty.95;03.mar;03.maj;2;03.mar;mar.65;02.sty;3;03.sty;2;03.lut;03.lut;2;mar.25;03.kwi;sty.95;mar.25;03.mar;sty.65;02.maj;sty.65;02.lut;2;sty.73;-0.5;02.kwi;01.sie;-0.5;lut.15;sty.75;-0.5
D1;12.03.2005;Werder Bremen;Mainz;0;0;D;0;0;D;20;8;14;18;6;8;2;3;0;0;sty.33;kwi.33;07.maj;sty.25;05.lut;09.lut;01.mar;kwi.75;10;sty.27;04.mar;08.maj;sty.33;4;8;sty.33;kwi.33;08.maj;01.mar;kwi.33;8;sty.45;02.maj;sty.55;lut.37;;;;sty.88;sty.96;-1.5;1.925;1.975;-1.5
D1;12.03.2005;Wolfsburg;Hannover;1;0;H;1;0;H;13;17;28;15;3;8;3;3;0;0;sty.61;03.kwi;5;01.lip;03.cze;04.mar;sty.75;03.kwi;kwi.75;01.lip;03.lut;04.lut;sty.62;03.maj;04.maj;sty.62;03.maj;5;sty.61;03.maj;04.maj;sty.66;02.maj;01.lip;02.sty;sty.82;01.wrz;-0.75;sty.78;02.cze;-0.75;01.sie;02.sty;-0.75
D1;13.03.2005;Dortmund;Stuttgart;0;2;A;0;1;A;18;13;20;16;8;1;3;4;1;1;02.mar;03.lut;02.lip;02.lut;mar.35;lut.85;lut.25;03.mar;3;02.mar;3;02.lip;lut.25;03.lut;lut.75;02.mar;03.lut;lut.88;02.mar;03.sty;lut.75;sty.79;01.wrz;01.sie;2;2;sty.73;-0.25;02.sie;sty.76;-0.25;lut.15;sty.75;-0.25
D1;13.03.2005;Schalke 04;Bayern Munich;1;0;H;0;0;D;11;17;23;26;1;4;2;2;0;0;02.maj;3;lut.62;lut.35;mar.25;02.lip;lut.45;03.lut;02.sie;02.mar;3;02.lip;02.maj;lut.88;lut.62;02.maj;03.lut;02.lip;02.mar;03.sty;lut.75;sty.79;01.wrz;sty.85;sty.95;sty.73;2;0;02.gru;sty.72;-0.25;01.sie;02.sty;0
D1;19.03.2005;Bayern Munich;Hansa Rostock;3;1;H;1;1;D;25;6;16;22;9;5;3;5;0;0;sty.22;5;10;01.lut;maj.75;10.maj;sty.25;05.maj;10.maj;sty.25;04.maj;9;sty.22;5;9;sty.25;5;10;sty.22;5;09.maj;sty.55;lut.25;01.cze;02.mar;sty.75;02.sie;-1.5;01.lip;lut.14;-1.5;1.775;2.125;-1.5
D1;19.03.2005;Bochum;Wolfsburg;5;1;H;4;0;H;12;19;13;21;5;9;1;2;0;0;02.kwi;03.lut;02.cze;02.mar;mar.35;02.lip;02.kwi;mar.35;lut.75;02.kwi;03.sty;02.maj;lut.38;03.lut;02.cze;lut.38;mar.25;02.lip;02.kwi;mar.25;02.maj;sty.71;2;01.lip;02.sty;sty.77;02.maj;0;sty.76;02.sie;0;1.775;2.125;0
D1;19.03.2005;Hamburg;Dortmund;2;3;A;1;1;D;10;17;20;19;3;3;2;3;0;0;01.sie;mar.25;4;01.sie;03.maj;mar.85;sty.83;03.kwi;04.lut;sty.85;03.sty;03.cze;sty.73;03.kwi;4;01.sie;03.kwi;4;sty.72;mar.25;04.lut;01.cze;lut.15;sty.65;02.lut;sty.83;sty.88;-0.5;sty.76;02.sie;-0.5;1.825;2.075;-0.5
D1;19.03.2005;Hannover;M'gladbach;2;1;H;0;1;A;9;11;13;21;4;2;1;3;0;0;02.sty;mar.25;3;sty.95;03.mar;03.maj;02.sty;mar.25;03.kwi;2;03.sty;03.lut;02.sty;03.lut;3;02.sty;03.lut;03.lut;2;03.mar;03.sty;sty.85;sty.85;01.wrz;01.wrz;sty.85;sty.95;-0.25;sty.82;02.lut;-0.25;sty.85;02.maj;-0.25
D1;19.03.2005;Hertha;Bielefeld;3;0;H;1;0;H;12;15;23;18;3;4;0;3;0;0;01.maj;03.maj;6;01.maj;03.wrz;05.cze;sty.55;mar.75;6;sty.55;03.maj;04.sie;01.maj;03.kwi;6;sty.53;03.cze;6;sty.53;03.maj;05.maj;sty.71;2;01.sie;2;sty.85;sty.95;-1;sty.86;sty.98;-1;sty.85;02.maj;-1
D1;19.03.2005;Leverkusen;Kaiserslautern;2;0;H;1;0;H;16;13;13;21;5;9;2;2;0;0;sty.66;03.kwi;04.maj;sty.55;03.sie;05.lut;sty.65;03.cze;05.lut;01.lip;03.lut;04.lut;sty.62;03.maj;04.maj;sty.62;03.maj;5;sty.66;03.mar;04.maj;01.cze;lut.15;01.cze;02.mar;sty.75;02.sie;-0.75;sty.76;02.sie;-0.75;1.825;2.075;-0.75
D1;19.03.2005;Nurnberg;Werder Bremen;1;2;A;0;2;A;12;18;17;23;2;10;3;2;0;0;mar.75;03.mar;01.sie;03.kwi;03.maj;01.wrz;04.sty;03.kwi;sty.85;03.lut;03.sty;2;mar.75;03.lut;sty.83;kwi.33;mar.25;01.sie;03.cze;03.mar;sty.83;sty.55;lut.25;sty.53;02.kwi;sty.86;sty.85;0.5;02.cze;sty.78;0.5;2.075;1.825;0.5
D1;20.03.2005;Mainz;Schalke 04;2;1;H;1;0;H;15;17;18;27;4;5;1;3;0;0;04.lut;03.kwi;sty.83;04.sty;03.maj;sty.75;kwi.25;03.kwi;sty.83;03.sie;03.sty;01.sie;4;03.lut;01.sie;4;03.kwi;sty.85;mar.75;03.mar;01.sie;sty.75;sty.95;sty.85;sty.95;sty.89;sty.83;0.5;sty.98;sty.86;0.5;02.maj;sty.85;0.5
D1;20.03.2005;Stuttgart;Freiburg;1;0;H;1;0;H;16;6;16;23;7;5;1;2;0;0;sty.28;04.maj;08.maj;sty.25;05.lut;09.lut;sty.28;maj.25;09.maj;01.mar;04.lut;8;sty.22;5;9;sty.29;kwi.75;9;sty.25;5;8;01.maj;lut.35;sty.55;lut.37;sty.73;02.sty;-1.5;sty.74;02.sty;-1.5;02.maj;sty.85;-1.75
D1;02.04.2005;Bielefeld;Leverkusen;1;0;H;0;0;D;12;12;17;24;8;5;1;2;0;0;3;mar.25;02.sty;02.wrz;03.mar;02.lut;3;03.lut;lut.25;02.wrz;3;02.lut;lut.75;03.lut;lut.25;3;03.lut;02.lut;lut.62;03.mar;lut.25;01.cze;lut.15;sty.61;lut.25;2;01.sie;0.25;02.kwi;01.sie;0.25;2.025;1.875;0.25
D1;02.04.2005;Freiburg;Hamburg;1;1;D;1;1;D;12;18;22;25;2;3;3;3;0;1;03.maj;mar.25;01.wrz;04.sty;03.maj;sty.75;04.sty;03.mar;sty.85;4;03.lut;sty.75;mar.75;mar.25;01.sie;4;03.kwi;01.sie;03.cze;03.kwi;01.sie;sty.55;lut.25;01.cze;02.mar;sty.85;01.sie;0.5;;;;2;01.wrz;0.5
D1;02.04.2005;Hansa Rostock;Mainz;2;0;H;1;0;H;8;15;21;16;2;6;2;1;0;0;01.sie;03.mar;mar.75;sty.95;03.mar;03.maj;sty.85;03.kwi;03.wrz;01.wrz;03.sty;03.maj;01.sie;03.lut;4;01.sie;03.lut;kwi.33;sty.95;03.mar;mar.25;sty.71;2;sty.75;02.maj;01.wrz;sty.76;-0.5;01.sie;02.kwi;-0.5;sty.85;02.maj;-0.5
D1;02.04.2005;Kaiserslautern;Hannover;0;2;A;0;0;D;18;8;21;19;8;1;2;2;0;0;01.sie;mar.25;4;01.sie;03.kwi;4;01.sie;03.mar;04.mar;01.sie;03.sty;03.sie;01.sie;mar.25;mar.75;01.sie;03.kwi;4;sty.72;03.kwi;4;sty.79;01.wrz;01.sie;2;01.sie;sty.87;-0.5;sty.84;2;-0.5;1.825;02.maj;-0.5
D1;02.04.2005;Schalke 04;Nurnberg;4;1;H;3;0;H;19;9;9;16;7;4;1;2;0;0;sty.36;4;07.maj;01.kwi;04.sty;7;sty.37;kwi.25;8;01.kwi;03.wrz;6;sty.36;4;7;sty.36;04.lut;8;sty.36;mar.75;8;sty.55;lut.25;sty.53;02.kwi;01.sie;2;-1.25;sty.74;02.sty;-1.25;01.sie;02.sty;-1.25
D1;02.04.2005;Werder Bremen;Stuttgart;1;2;A;0;0;D;13;6;19;26;6;3;3;4;1;0;01.wrz;03.sty;mar.75;01.wrz;mar.35;03.cze;01.wrz;mar.25;mar.85;01.wrz;03.sty;03.maj;sty.91;mar.25;03.kwi;sty.95;mar.25;03.cze;01.wrz;mar.25;03.kwi;sty.65;02.maj;sty.61;lut.25;01.wrz;sty.76;-0.5;sty.92;sty.92;-0.5;01.wrz;2;-0.5
D1;02.04.2005;Wolfsburg;Bayern Munich;0;3;A;0;2;A;8;10;19;16;8;2;2;1;0;0;mar.75;03.kwi;01.sie;04.sty;03.maj;sty.75;4;03.kwi;sty.85;03.cze;03.sty;sty.85;mar.75;mar.25;01.sie;mar.75;03.kwi;sty.85;03.cze;03.mar;sty.83;01.cze;lut.15;01.cze;02.mar;sty.84;sty.85;0.5;2;sty.84;0.5;2.075;1.825;0.5
D1;03.04.2005;Dortmund;Hertha;2;1;H;2;0;H;16;16;12;14;4;7;1;0;0;0;02.mar;03.lut;02.lip;02.kwi;mar.35;02.cze;02.mar;03.lut;02.wrz;02.kwi;3;02.cze;lut.25;03.lut;lut.75;02.mar;03.lut;02.sie;02.mar;03.lut;lut.62;sty.75;sty.95;sty.75;02.maj;01.sie;2;0;sty.78;02.cze;0;01.sie;02.sty;0
D1;03.04.2005;M'gladbach;Bochum;2;2;D;1;0;H;14;22;21;28;10;6;2;4;0;0;01.sie;mar.25;4;01.sie;03.kwi;4;01.sie;03.mar;04.mar;01.sie;03.sty;03.sie;sty.67;03.kwi;kwi.33;sty.83;03.mar;kwi.33;sty.72;03.kwi;4;sty.71;2;sty.65;02.lut;01.sie;sty.87;-0.5;sty.78;02.cze;-0.5;sty.85;02.maj;-0.5
D1;09.04.2005;Bayern Munich;M'gladbach;2;1;H;0;0;D;22;6;17;15;4;2;2;3;0;1;sty.28;04.maj;08.maj;sty.25;5;10;sty.25;5;11;01.mar;04.lut;8;sty.25;04.maj;10;sty.25;05.maj;08.maj;sty.25;04.maj;10;sty.55;lut.25;01.cze;02.mar;01.wrz;01.wrz;-1.5;sty.98;sty.86;-1.5;2;01.wrz;-1.5
D1;09.04.2005;Bochum;Hannover;1;0;H;0;0;D;15;6;26;16;1;2;1;1;0;0;2;mar.25;mar.25;2;mar.35;03.mar;2;03.mar;03.maj;2;03.sty;03.lut;2;03.lut;03.lut;2;03.mar;03.kwi;02.sty;03.mar;lut.87;sty.65;02.maj;sty.75;02.maj;sty.75;02.maj;-0.25;sty.98;sty.86;-0.5;sty.95;sty.95;-0.5
D1;09.04.2005;Hamburg;Werder Bremen;1;2;A;0;1;A;14;16;23;29;8;3;4;3;0;0;lut.37;03.lut;lut.62;lut.35;mar.35;lut.65;02.kwi;mar.25;lut.75;02.mar;3;02.lip;lut.38;03.lut;02.cze;lut.62;03.sty;lut.62;lut.37;03.sty;lut.62;01.cze;lut.15;sty.55;lut.37;sty.85;sty.95;0;sty.92;sty.92;0;2;01.wrz;0
D1;09.04.2005;Hertha;Freiburg;3;1;H;2;0;H;13;15;12;17;8;3;1;1;0;0;sty.33;kwi.33;07.maj;sty.25;5;10;sty.25;5;11;sty.27;04.mar;08.maj;sty.25;04.maj;10;sty.25;maj.25;09.maj;sty.25;04.maj;10;sty.55;lut.25;sty.55;lut.37;01.sie;2;-1.5;sty.82;02.lut;-1.5;1.875;2.025;-1.5
D1;09.04.2005;Leverkusen;Dortmund;0;1;A;0;0;D;14;15;19;17;4;5;2;1;0;0;01.sie;mar.25;4;sty.75;03.maj;04.sty;sty.83;03.mar;04.lut;01.wrz;03.sty;03.maj;sty.73;03.kwi;4;01.sie;03.kwi;4;01.sie;mar.25;03.sie;01.cze;lut.15;sty.55;lut.37;sty.83;sty.85;-0.5;01.sie;02.kwi;-0.5;01.sie;02.sty;-0.5
D1;09.04.2005;Mainz;Wolfsburg;0;2;A;0;0;D;19;12;18;18;7;8;2;2;0;0;01.wrz;mar.25;03.maj;02.maj;mar.25;mar.25;sty.97;03.mar;mar.75;2;03.sty;03.lut;2;03.lut;03.lut;2;03.mar;03.kwi;sty.95;03.kwi;03.sty;sty.65;02.maj;01.lip;02.sty;sty.97;sty.76;-0.5;sty.84;2;-0.5;sty.95;sty.95;-0.5
D1;09.04.2005;Stuttgart;Schalke 04;3;0;H;1;0;H;7;9;11;17;3;4;1;5;0;1;lut.25;3;3;lut.25;mar.35;02.sie;02.mar;03.lut;02.wrz;02.mar;3;02.lip;02.lut;03.lut;02.sie;02.sty;03.lut;mar.25;lut.15;mar.25;lut.87;sty.71;2;01.sie;2;2;01.sie;-0.25;02.kwi;01.sie;-0.25;02.maj;sty.85;-0.25
D1;10.04.2005;Bielefeld;Kaiserslautern;0;2;A;0;2;A;19;16;15;31;7;7;2;2;0;0;02.sty;mar.25;3;lut.15;03.mar;3;02.maj;mar.25;03.kwi;02.sty;3;03.sty;02.sty;03.lut;3;01.wrz;03.mar;mar.75;02.maj;03.mar;3;sty.75;sty.95;01.sie;2;01.sie;2;-0.25;sty.82;02.lut;-0.25;sty.85;02.maj;-0.25
D1;10.04.2005;Nurnberg;Hansa Rostock;3;0;H;0;0;D;17;14;26;23;4;4;5;0;0;0;2;mar.25;mar.25;2;mar.35;03.mar;02.maj;03.lut;03.kwi;02.lut;3;02.wrz;2;03.lut;03.lut;2;03.mar;03.kwi;2;03.mar;03.sty;sty.65;02.maj;01.lip;02.sty;sty.85;sty.95;-0.25;sty.88;sty.96;-0.25;01.wrz;2;-0.25
D1;16.04.2005;Dortmund;Bielefeld;1;1;D;1;0;H;14;9;22;12;4;7;3;4;0;0;sty.53;03.kwi;6;01.maj;03.wrz;05.cze;sty.55;03.cze;6;01.maj;03.lip;5;01.maj;03.kwi;6;01.maj;mar.75;6;01.maj;03.cze;05.maj;sty.65;02.maj;01.sie;2;01.wrz;01.wrz;-1;sty.88;sty.96;-1;01.wrz;2;-1
D1;16.04.2005;Freiburg;Leverkusen;1;3;A;1;1;D;16;14;17;17;3;4;3;3;0;0;4;03.maj;sty.72;04.lut;03.cze;01.lip;04.lut;03.kwi;01.sie;4;03.lut;sty.75;4;03.kwi;sty.73;04.lut;03.maj;sty.73;4;03.kwi;sty.72;sty.65;02.maj;01.lip;02.sty;sty.88;01.sie;0.5;02.gru;sty.72;0.5;lut.15;sty.75;0.5
D1;16.04.2005;Hannover;Bayern Munich;0;1;A;0;0;D;8;17;12;9;2;8;1;1;0;0;5;03.kwi;sty.61;kwi.75;03.maj;sty.65;5;03.maj;sty.67;04.cze;03.kwi;01.cze;kwi.33;03.kwi;sty.67;kwi.75;03.maj;sty.67;04.maj;03.maj;sty.61;sty.71;2;01.sie;2;sty.95;sty.85;0.75;02.cze;sty.78;0.75;02.sty;01.sie;0.75
D1;16.04.2005;Hansa Rostock;Stuttgart;2;1;H;1;0;H;10;6;23;20;5;4;4;5;0;0;4;mar.25;01.sie;03.maj;mar.45;01.wrz;mar.95;03.kwi;sty.85;03.maj;03.sty;01.wrz;mar.75;mar.25;01.sie;mar.75;03.kwi;sty.85;mar.75;03.mar;01.sie;sty.71;2;01.sie;2;sty.83;sty.85;0.5;sty.98;sty.86;0.5;02.sty;01.sie;0.5
D1;16.04.2005;M'gladbach;Mainz;1;1;D;0;0;D;8;16;20;21;4;2;2;0;0;0;sty.72;03.maj;4;sty.75;03.kwi;04.lut;01.lip;03.kwi;kwi.75;sty.75;03.lut;4;sty.73;03.kwi;4;sty.73;03.kwi;04.maj;01.lip;03.kwi;04.lut;sty.71;2;01.sie;2;01.wrz;01.wrz;-0.75;sty.86;sty.98;-0.75;01.wrz;2;-0.75
D1;16.04.2005;Schalke 04;Hamburg;1;2;A;1;0;H;13;12;27;28;2;3;6;2;0;0;sty.57;03.cze;5;01.cze;03.cze;5;sty.65;03.cze;04.wrz;sty.65;03.mar;04.kwi;sty.67;03.kwi;kwi.33;sty.67;03.kwi;kwi.75;sty.66;03.kwi;kwi.33;01.cze;lut.15;sty.65;02.lut;sty.85;sty.95;-0.75;sty.84;2;-0.75;1.925;1.975;-0.75
D1;16.04.2005;Werder Bremen;Hertha;0;1;A;0;1;A;19;9;18;20;11;2;0;1;0;0;01.sie;mar.25;4;01.wrz;mar.35;03.cze;01.wrz;03.mar;03.wrz;01.wrz;03.sty;03.maj;01.sie;mar.25;mar.75;sty.85;mar.25;4;sty.83;03.mar;03.cze;sty.55;lut.25;sty.61;lut.25;01.wrz;sty.79;-0.5;sty.86;sty.98;-0.5;01.wrz;2;-0.5
D1;17.04.2005;Kaiserslautern;Bochum;1;2;A;0;1;A;24;15;20;18;9;9;2;4;0;0;01.wrz;mar.25;4;01.wrz;mar.45;03.maj;sty.95;mar.25;mar.75;01.sie;03.sty;03.sie;sty.83;03.kwi;03.maj;sty.91;03.kwi;mar.75;01.sie;03.kwi;03.cze;sty.75;sty.95;01.sie;2;sty.95;sty.74;-0.5;02.sty;sty.74;-0.5;2.125;1.775;-0.5
D1;17.04.2005;Wolfsburg;Nurnberg;0;1;A;0;0;D;14;11;18;22;6;5;2;3;0;0;sty.72;03.maj;4;01.sie;03.maj;03.sie;01.sie;03.kwi;04.lut;sty.75;03.lut;4;sty.73;03.kwi;4;01.sie;03.kwi;4;01.lip;03.kwi;04.lut;sty.55;lut.25;01.maj;02.maj;01.sie;sty.88;-0.5;sty.76;02.sie;-0.5;01.sie;02.sty;-0.5
D1;23.04.2005;Bayern Munich;Bochum;3;1;H;2;0;H;22;9;13;9;7;4;1;1;0;1;sty.25;5;08.maj;sty.25;05.lut;9;sty.25;maj.25;10;sty.27;04.mar;08.maj;sty.25;5;8;sty.25;5;10;sty.25;5;8;sty.55;lut.25;sty.57;lut.35;sty.95;sty.85;-1.5;sty.96;sty.88;-1.5;sty.95;sty.95;-1.5
D1;23.04.2005;Bielefeld;Freiburg;3;1;H;1;1;D;18;11;13;15;2;7;0;1;0;0;01.maj;03.maj;6;sty.45;04.lut;05.sie;sty.52;mar.75;6;01.kwi;03.wrz;6;01.maj;03.cze;05.maj;01.maj;03.cze;06.maj;sty.44;mar.75;6;sty.65;02.maj;01.lip;02.sty;sty.95;sty.85;-1;;;;2.075;1.825;-1
D1;23.04.2005;Dortmund;Kaiserslautern;4;2;H;2;2;D;17;7;17;20;3;2;2;0;0;0;sty.53;03.cze;05.maj;sty.55;03.lip;05.mar;01.cze;03.maj;05.maj;sty.55;03.maj;04.sie;sty.57;03.maj;5;sty.62;03.maj;5;01.cze;03.kwi;04.sie;sty.71;2;sty.85;sty.95;01.wrz;01.wrz;-1;sty.96;sty.88;-1;sty.95;sty.95;-1
D1;23.04.2005;Hamburg;Hansa Rostock;3;0;H;0;0;D;15;11;22;22;4;5;0;5;0;0;sty.57;03.kwi;05.maj;sty.55;03.lip;05.mar;sty.57;mar.65;05.cze;01.cze;03.kwi;04.cze;sty.53;03.maj;05.maj;sty.57;03.cze;05.maj;01.maj;03.cze;05.maj;sty.55;lut.25;sty.65;02.lut;01.sie;2;-0.75;sty.88;sty.96;-0.75;01.wrz;2;-0.75
D1;23.04.2005;Hertha;Schalke 04;4;1;H;2;1;H;18;6;23;19;4;2;2;3;0;1;02.mar;03.lut;02.lip;02.mar;03.sty;02.wrz;02.lut;03.mar;02.wrz;02.lut;3;02.wrz;02.lut;03.lut;02.sie;02.lut;03.lut;3;lut.25;03.lut;lut.75;sty.65;02.maj;01.lip;02.sty;01.sie;2;-0.25;sty.86;sty.98;-0.25;1.875;2.025;-0.25
D1;23.04.2005;Mainz;Hannover;2;0;H;1;0;H;14;7;16;10;3;2;1;0;0;0;01.sie;mar.25;4;01.wrz;mar.25;03.lip;sty.83;03.kwi;4;01.sie;03.sty;03.sie;sty.83;03.lut;mar.75;sty.85;03.kwi;mar.75;01.wrz;03.mar;03.mar;sty.79;01.wrz;sty.95;sty.85;sty.83;sty.84;-0.5;sty.82;02.lut;-0.5;sty.85;2;-0.5
D1;23.04.2005;Stuttgart;Wolfsburg;0;0;D;0;0;D;20;8;15;18;8;5;2;4;0;0;sty.44;mar.75;06.maj;sty.45;04.lut;05.sie;sty.45;03.wrz;7;01.maj;03.lip;5;sty.44;03.cze;06.maj;sty.44;mar.75;7;01.kwi;mar.75;7;01.cze;lut.15;01.cze;02.mar;2;01.sie;-1.25;01.wrz;sty.94;-1.25;sty.95;sty.95;-1.25
D1;24.04.2005;Leverkusen;Werder Bremen;2;1;H;2;1;H;7;17;18;17;6;2;3;1;0;0;02.lut;mar.25;02.sie;lut.25;03.lut;02.wrz;lut.25;mar.25;lut.95;02.lut;03.sty;02.sie;02.lut;03.lut;02.sie;02.lut;03.lut;3;02.lut;mar.25;lut.75;sty.55;lut.25;sty.57;lut.35;01.wrz;01.wrz;-0.25;sty.96;sty.88;-0.25;sty.95;sty.95;-0.25
D1;24.04.2005;Nurnberg;M'gladbach;0;0;D;0;0;D;18;12;26;24;6;4;2;2;0;0;02.sty;mar.25;3;02.sty;03.sty;03.mar;02.sty;mar.25;mar.25;2;03.lut;03.sty;02.sty;03.lut;3;02.sty;03.lut;03.kwi;2;03.kwi;3;sty.71;2;sty.75;02.maj;01.wrz;01.wrz;-0.25;sty.94;01.wrz;-0.25;2;01.wrz;-0.25
D1;30.04.2005;Bochum;Mainz;2;6;A;1;1;D;13;25;19;20;3;1;5;2;0;0;sty.66;03.mar;04.maj;sty.75;mar.45;kwi.25;sty.75;03.mar;kwi.25;sty.75;03.lut;4;sty.67;03.kwi;kwi.33;01.lip;03.kwi;04.maj;01.lip;03.kwi;04.lut;sty.71;2;01.sie;2;sty.75;sty.86;-0.5;sty.86;sty.98;-0.75;01.wrz;2;-0.75
D1;30.04.2005;Freiburg;Dortmund;2;2;D;1;2;A;14;14;19;14;7;4;3;1;0;0;5;03.maj;sty.57;04.sie;03.lip;01.cze;5;03.maj;01.cze;04.sie;03.maj;sty.55;5;03.maj;sty.57;5;03.maj;sty.62;5;03.maj;sty.57;01.cze;lut.15;01.sie;2;02.sty;sty.72;0.75;;;;lut.15;sty.75;0.75
D1;30.04.2005;Hansa Rostock;Hertha;2;1;H;1;0;H;12;13;17;13;6;5;4;3;0;0;03.kwi;mar.25;01.wrz;mar.45;mar.35;sty.95;03.kwi;03.mar;sty.95;03.kwi;03.lut;01.wrz;03.kwi;mar.25;sty.91;03.kwi;mar.25;2;mar.25;03.kwi;01.wrz;sty.75;sty.95;01.sie;2;sty.67;sty.95;0.5;;;;sty.95;sty.95;-0.25
D1;30.04.2005;Kaiserslautern;Bayern Munich;0;4;A;0;2;A;9;19;19;15;3;11;4;1;0;0;04.maj;03.mar;sty.66;04.lut;03.kwi;sty.75;04.maj;mar.35;01.lip;4;03.lut;sty.75;kwi.33;03.kwi;sty.67;04.maj;03.kwi;01.lip;kwi.33;03.kwi;sty.66;sty.79;01.wrz;sty.95;sty.85;sty.95;sty.85;0.75;2;sty.84;0.75;02.maj;sty.85;0.75
D1;30.04.2005;M'gladbach;Stuttgart;2;0;H;2;0;H;19;6;27;19;5;1;3;5;0;1;lut.75;03.lut;lut.25;02.wrz;03.mar;02.lut;lut.75;03.lut;02.mar;02.lip;3;02.mar;02.cze;03.lut;lut.38;02.lip;03.lut;02.kwi;lut.62;03.lut;02.mar;sty.75;sty.95;sty.85;sty.95;sty.95;sty.85;0;01.lip;lut.14;0.25;2.025;1.875;0
D1;30.04.2005;Schalke 04;Leverkusen;3;3;D;3;1;H;23;10;18;22;5;2;3;2;0;1;sty.83;03.lut;mar.75;sty.85;mar.45;03.lip;sty.85;03.mar;03.sie;2;03.sty;03.lut;sty.91;mar.25;03.kwi;sty.91;mar.25;mar.75;01.sie;03.mar;mar.75;sty.62;02.sty;sty.65;02.lut;sty.85;sty.77;-0.5;sty.96;sty.88;-0.5;2;01.wrz;-0.5
D1;30.04.2005;Werder Bremen;Bielefeld;3;0;H;1;0;H;23;3;13;23;13;4;0;1;0;0;sty.25;04.maj;10;sty.35;04.maj;07.lut;sty.33;04.maj;9;sty.35;4;7;sty.29;kwi.33;9;sty.33;04.maj;8;sty.36;4;7;sty.55;lut.25;01.cze;02.mar;01.sie;2;-1.5;sty.74;02.sty;-1.5;01.sie;02.sty;-1.5
D1;01.05.2005;Hannover;Nurnberg;1;0;H;0;0;D;20;10;14;16;5;6;1;4;0;0;02.sty;03.lut;3;02.lut;03.sty;03.sty;02.lut;3;mar.15;02.sty;02.wrz;03.lut;02.sty;03.lut;3;02.lut;03.sty;03.sty;lut.25;03.sty;02.sie;sty.85;sty.85;sty.85;sty.95;01.wrz;01.wrz;-0.25;sty.94;01.wrz;-0.25;sty.85;02.maj;0.5
D1;01.05.2005;Wolfsburg;Hamburg;1;0;H;1;0;H;13;17;17;22;5;8;3;4;0;1;lut.75;03.lut;02.maj;02.maj;03.mar;02.maj;lut.52;03.lut;lut.52;02.maj;3;02.maj;02.maj;mar.25;02.kwi;02.cze;03.lut;02.cze;02.maj;mar.25;02.kwi;01.cze;lut.15;01.cze;02.mar;sty.92;sty.88;0;sty.96;sty.88;0;02.maj;sty.85;0
D1;07.05.2005;Bielefeld;Schalke 04;0;2;A;0;1;A;18;17;19;23;6;5;1;6;0;0;4;03.maj;sty.72;kwi.15;mar.45;sty.75;04.sty;mar.45;sty.75;04.kwi;03.mar;sty.65;4;03.kwi;sty.73;04.maj;03.kwi;sty.73;03.sie;03.maj;sty.72;sty.65;02.maj;01.lip;02.sty;sty.95;sty.85;0.75;;;;2;01.wrz;0.75
D1;07.05.2005;Freiburg;Kaiserslautern;1;2;A;0;2;A;11;13;15;21;1;5;2;1;0;0;lut.62;03.lut;lut.37;02.lip;mar.25;lut.35;02.lip;mar.25;lut.35;02.kwi;03.lut;02.kwi;02.cze;03.lut;lut.38;lut.75;03.lut;lut.38;02.cze;03.mar;02.mar;01.cze;lut.15;sty.66;lut.15;sty.85;sty.95;0.25;;;;1.875;2.025;0.25
D1;07.05.2005;Hertha;Wolfsburg;3;1;H;0;1;A;22;4;7;19;10;1;1;1;0;0;01.maj;03.maj;6;sty.45;04.sty;05.wrz;sty.47;03.lip;06.maj;01.maj;03.lip;5;sty.44;mar.75;6;01.maj;mar.75;6;01.maj;03.cze;05.maj;01.cze;lut.15;sty.65;02.lut;sty.75;02.maj;-1;sty.78;02.cze;-1;1.775;2.125;-1
D1;07.05.2005;Leverkusen;Hansa Rostock;3;0;H;1;0;H;18;7;11;20;4;3;2;3;0;0;sty.44;mar.75;06.maj;sty.45;kwi.25;maj.75;sty.45;kwi.15;maj.75;01.kwi;03.wrz;6;sty.44;mar.75;6;sty.44;04.lut;6;sty.44;mar.75;6;sty.55;lut.25;sty.57;lut.35;2;01.sie;-1;;;;02.maj;sty.85;-1
D1;07.05.2005;Mainz;Bayern Munich;2;4;A;1;2;A;8;12;9;17;1;5;1;0;0;0;3;03.maj;2;mar.75;03.kwi;sty.85;03.maj;03.kwi;sty.92;03.kwi;02.wrz;2;03.lut;03.lut;2;03.kwi;mar.25;2;mar.25;03.mar;sty.95;01.cze;lut.15;01.lip;02.sty;sty.72;sty.92;0.5;;;;sty.85;02.maj;0.5
D1;07.05.2005;Nurnberg;Bochum;2;1;H;1;0;H;13;11;13;23;5;3;1;2;0;0;02.sty;mar.25;3;2;mar.35;03.mar;02.maj;03.mar;03.lut;01.wrz;03.mar;03.mar;2;03.lut;03.lut;2;mar.25;03.kwi;2;03.lut;03.lut;sty.65;02.maj;sty.65;02.lut;01.sie;01.wrz;-0.25;;;;2.125;1.775;-0.5
D1;07.05.2005;Stuttgart;Hannover;1;0;H;0;0;D;18;10;14;11;4;2;2;1;0;0;01.kwi;4;06.maj;01.mar;04.lip;08.mar;sty.35;kwi.35;07.maj;sty.35;4;7;sty.33;4;8;sty.33;04.maj;8;sty.36;4;7;sty.75;sty.95;sty.65;02.lut;;;;;;;1.725;2.175;-1.25
D1;08.05.2005;Dortmund;Werder Bremen;1;0;H;1;0;H;12;21;18;20;8;9;1;1;0;0;02.cze;mar.25;02.cze;02.kwi;mar.35;02.cze;02.kwi;mar.15;02.lip;02.kwi;3;02.cze;lut.38;03.lut;02.cze;02.maj;03.mar;lut.62;02.mar;03.lut;lut.62;01.cze;lut.15;sty.65;02.lut;sty.95;sty.85;0;sty.98;sty.86;0;2;01.wrz;0
D1;08.05.2005;Hamburg;M'gladbach;0;0;D;0;0;D;15;1;20;17;10;0;3;2;0;0;sty.66;03.maj;kwi.33;01.cze;03.lip;04.sie;sty.57;03.cze;05.kwi;sty.65;03.mar;04.kwi;sty.62;03.maj;04.maj;sty.62;03.maj;5;01.cze;03.kwi;04.sie;sty.71;2;01.sie;2;sty.95;sty.85;-0.75;01.wrz;sty.94;-0.75;1.975;1.925;-0.75
D1;14.05.2005;Bayern Munich;Nurnberg;6;3;H;5;0;H;22;7;14;17;5;2;1;2;0;0;sty.28;kwi.33;08.maj;01.mar;04.lip;08.mar;01.mar;04.maj;9;sty.25;04.maj;9;sty.33;4;8;01.mar;04.maj;9;sty.28;04.maj;8;01.maj;02.mar;01.maj;02.maj;;;;;;;01.sie;02.sty;-1.25
D1;14.05.2005;Bochum;Stuttgart;2;0;H;0;0;D;18;15;22;18;5;6;1;2;0;0;kwi.33;03.lut;sty.72;04.maj;mar.65;sty.65;kwi.35;03.kwi;sty.75;04.lut;03.kwi;sty.65;kwi.33;03.lut;sty.72;04.maj;03.kwi;01.lip;03.sie;03.maj;sty.72;01.cze;02.sty;sty.65;02.lut;sty.91;sty.75;0.5;;;;2.125;1.775;0.5
D1;14.05.2005;Hannover;Hamburg;2;1;H;1;1;D;11;11;15;19;5;2;1;2;0;0;3;03.lut;02.sty;02.sie;03.lut;02.mar;03.lut;03.mar;02.sty;02.wrz;3;02.lut;3;03.lut;02.sty;3;03.lut;02.lut;lut.75;mar.25;02.lut;sty.65;2;01.sie;2;sty.62;02.sty;0.5;;;;2.075;1.825;0.25
D1;14.05.2005;Hansa Rostock;Bielefeld;1;1;D;1;1;D;14;9;25;21;6;4;3;1;0;0;01.wrz;03.lut;03.maj;sty.95;03.mar;03.maj;01.wrz;mar.35;mar.75;2;03.lut;03.sty;01.wrz;03.lut;03.maj;01.sie;mar.25;04.lut;sty.95;03.mar;mar.25;01.cze;02.sty;sty.65;02.lut;sty.85;01.sie;-0.5;;;;sty.85;02.maj;-0.5
D1;14.05.2005;Mainz;Kaiserslautern;3;2;H;1;1;D;20;13;21;21;7;2;1;4;0;0;02.sty;3;03.lut;lut.15;mar.25;03.maj;02.lut;03.mar;3;02.lut;03.sty;02.sie;02.sty;03.lut;3;02.lut;03.lut;3;02.sty;03.lut;3;01.cze;02.sty;01.lip;02.sty;01.sie;2;-0.25;;;;sty.85;02.maj;-0.25
D1;14.05.2005;M'gladbach;Hertha;0;0;D;0;0;D;18;13;15;15;3;5;1;1;0;0;03.maj;03.lut;01.wrz;03.lut;03.mar;02.maj;mar.25;mar.35;02.maj;03.lut;03.sty;2;mar.25;03.kwi;01.wrz;mar.25;03.kwi;2;03.lut;03.lut;2;sty.65;2;sty.75;02.maj;sty.65;02.maj;0.5;;;;01.sie;02.sty;0.5
D1;14.05.2005;Schalke 04;Dortmund;1;2;A;1;2;A;20;9;9;27;12;4;2;2;0;0;sty.66;mar.25;04.maj;sty.75;03.maj;04.sty;sty.75;mar.35;04.maj;01.wrz;03.sty;03.maj;sty.66;03.kwi;kwi.33;sty.75;03.kwi;04.lut;sty.72;mar.25;04.lut;sty.65;2;01.lip;02.sty;sty.95;sty.85;-0.75;;;;1.975;1.925;-0.75
D1;14.05.2005;Werder Bremen;Freiburg;4;1;H;0;1;A;25;10;21;18;12;2;1;2;0;1;01.lut;5;11;sty.15;06.lip;12;01.lut;05.maj;12;sty.15;6;12;sty.16;05.maj;12;01.lut;05.maj;12;sty.14;6;12;sty.45;lut.45;01.maj;02.maj;;;;;;;sty.75;lut.15;-1.75
D1;14.05.2005;Wolfsburg;Leverkusen;2;2;D;2;0;H;14;22;21;12;4;6;1;2;0;0;lut.75;mar.25;02.lut;lut.85;03.mar;lut.25;lut.95;mar.35;02.lut;02.sie;03.sty;02.lut;02.sie;03.lut;02.lut;3;03.kwi;02.sty;02.wrz;3;lut.25;sty.55;02.lut;sty.55;lut.37;sty.57;02.lut;0.5;;;;01.sie;02.sty;0.5
D1;21.05.2005;Bielefeld;Wolfsburg;1;2;A;1;1;D;16;15;13;19;7;9;1;1;0;0;lut.37;03.lut;02.cze;lut.25;03.kwi;lut.75;lut.35;03.mar;02.lip;02.kwi;03.sty;02.maj;lut.25;03.lut;lut.75;02.mar;03.lut;02.sie;02.mar;03.mar;02.cze;sty.61;2;;;lut.35;sty.49;-0.5;;;;02.sty;01.sie;-0.25
D1;21.05.2005;Dortmund;Hansa Rostock;2;1;H;0;1;A;22;12;13;22;6;4;0;2;0;0;sty.36;4;7;sty.25;05.lut;09.lut;sty.25;5;10;01.lut;5;10;sty.25;5;8;01.mar;04.maj;9;sty.25;5;8;sty.45;lut.45;;;;;;;;;sty.95;sty.95;-1.5
D1;21.05.2005;Freiburg;Schalke 04;2;3;A;1;1;D;13;17;16;21;6;1;2;2;0;0;7;4;sty.36;07.sie;04.wrz;01.mar;8;04.lut;sty.36;7;4;sty.35;7;4;sty.36;7;4;01.kwi;07.maj;03.sie;sty.36;;;;;;;;;;;01.wrz;2;01.maj
D1;21.05.2005;Hamburg;Bochum;0;1;A;0;1;A;17;12;19;25;7;4;4;3;0;1;sty.53;03.kwi;05.maj;01.maj;03.wrz;05.cze;01.maj;mar.75;6;sty.55;03.maj;04.sie;01.maj;03.kwi;6;01.maj;mar.75;6;sty.57;03.maj;5;sty.51;02.lut;;;01.maj;lut.31;-0.5;;;;sty.95;sty.95;-1
D1;21.05.2005;Hertha;Hannover;0;0;D;0;0;D;21;9;10;11;9;4;2;0;0;0;sty.22;5;9;sty.25;05.lut;09.lut;sty.25;5;10;01.mar;04.lut;8;sty.25;5;8;01.mar;04.maj;9;01.mar;04.maj;07.maj;sty.51;02.lut;;;;;;;;;02.maj;sty.85;-1.75
D1;21.05.2005;Kaiserslautern;Werder Bremen;1;2;A;1;2;A;5;22;24;19;4;6;0;2;0;0;04.maj;03.maj;sty.61;4;03.cze;sty.75;04.maj;03.maj;sty.68;03.sie;03.sty;01.sie;kwi.33;03.kwi;sty.67;04.maj;03.kwi;01.lip;4;03.maj;01.lip;sty.46;02.mar;;;sty.97;sty.68;0.5;;;;2.025;1.875;0.75
D1;21.05.2005;Leverkusen;M'gladbach;5;1;H;1;1;D;30;6;6;19;16;2;0;2;0;0;sty.25;04.maj;10;01.mar;04.wrz;07.sie;sty.36;04.lut;8;01.kwi;03.wrz;6;sty.33;4;8;sty.36;kwi.33;07.maj;01.kwi;03.maj;8;sty.51;02.lut;;;;;;;;;02.sty;01.sie;-1.5
D1;21.05.2005;Nurnberg;Mainz;1;2;A;1;1;D;13;21;19;16;1;7;1;3;0;0;01.wrz;03.lut;03.maj;sty.95;03.sty;mar.75;2;03.lut;03.maj;2;03.lut;03.sty;sty.91;mar.25;03.kwi;2;mar.25;03.kwi;2;03.mar;03.sty;sty.51;02.lut;;;2;sty.67;-0.5;;;;02.sty;01.sie;-0.5
D1;21.05.2005;Stuttgart;Bayern Munich;1;3;A;0;2;A;12;14;17;22;6;4;2;2;0;0;2;03.lut;03.lut;02.mar;mar.55;02.cze;lut.15;03.mar;3;02.lut;03.mar;02.cze;02.sty;03.lut;3;02.sty;03.kwi;3;02.lut;03.mar;02.lip;;;;;lut.15;sty.57;-0.5;;;;1.975;1.925;-0.25
