Div;Date;HomeTeam;AwayTeam;FTHG;FTAG;FTR;HTHG;HTAG;HTR;B365H;B365D;B365A;GBH;GBD;GBA;IWH;IWD;IWA;LBH;LBD;LBA;SOH;SOD;SOA;SBH;SBD;SBA;WHH;WHD;WHA;GB>2.5;GB<2.5;GBAHH;GBAHA;GBAH;B365AHH;B365AHA;B365AH
F1;01.08.2003;Lille;Lyon;1;0;H;1;0;H;2.875;3;lut.25;lut.95;03.sty;lut.27;02.lip;02.wrz;02.kwi;2.875;3;lut.25;;;;3;3;lut.25;3;3;02.lut;02.maj;01.cze;sty.85;sty.95;0.25;;;
F1;02.08.2003;Auxerre;Nice;1;2;A;0;1;A;1.727;03.sty;04.maj;01.lip;03.sty;04.wrz;01.lip;03.sty;04.kwi;1.615;mar.25;5;;;;sty.72;03.sty;kwi.75;sty.66;03.sty;5;lut.15;sty.55;2;01.sie;-0.75;02.maj;sty.85;-0.75
F1;02.08.2003;Guingamp;Marseille;0;1;A;0;0;D;02.maj;2.875;2.625;lut.55;3;lut.65;02.lip;02.wrz;02.kwi;02.maj;03.lut;02.maj;;;;02.cze;3;02.maj;02.cze;03.sty;02.kwi;02.maj;01.cze;01.wrz;01.wrz;0;1.925;1.975;0
F1;02.08.2003;Lens;Le Mans;0;0;D;0;0;D;1.571;mar.25;05.maj;sty.67;mar.35;kwi.85;01.cze;03.mar;04.sie;1.571;mar.25;05.maj;;;;sty.61;mar.25;maj.25;sty.66;03.mar;04.maj;01.wrz;01.lip;sty.85;sty.95;-0.75;01.wrz;2;-0.75
F1;02.08.2003;Metz;Ajaccio;0;1;A;0;1;A;2;3;03.kwi;sty.93;03.sty;03.sie;01.sie;03.sty;03.sie;2;3;03.kwi;;;;sty.95;03.sty;03.cze;01.sie;mar.25;03.sie;02.maj;01.cze;01.wrz;01.wrz;-0.5;2;01.wrz;-0.5
F1;02.08.2003;Monaco;Bordeaux;2;0;H;1;0;H;1.909;3;mar.75;sty.93;03.sty;mar.75;01.wrz;03.sty;03.maj;2;03.lut;03.lut;;;;01.wrz;03.sty;mar.75;sty.83;3;4;02.maj;01.cze;01.wrz;01.wrz;-0.5;1.925;1.975;-0.5
F1;02.08.2003;Montpellier;Rennes;1;1;D;0;1;A;1.909;3;mar.75;sty.95;mar.15;03.lip;2;02.wrz;03.kwi;2;03.lut;03.lut;;;;sty.95;03.sty;03.cze;sty.83;03.lut;mar.75;02.maj;01.cze;sty.95;sty.85;-0.5;02.maj;sty.85;-0.5
F1;02.08.2003;Paris SG;Bastia;0;0;D;0;0;D;1.533;03.kwi;05.maj;01.cze;mar.33;05.maj;sty.45;03.cze;05.sie;01.maj;mar.25;06.maj;;;;sty.53;03.kwi;6;sty.53;mar.25;6;01.wrz;01.lip;01.wrz;01.wrz;-1;01.sie;02.sty;-0.75
F1;02.08.2003;Sochaux;Nantes;2;1;H;1;1;D;1.909;3;mar.75;sty.91;mar.15;mar.75;sty.85;03.sty;03.cze;2;03.lut;03.lut;;;;01.wrz;03.sty;mar.75;2;3;03.kwi;lut.15;sty.55;01.wrz;01.wrz;-0.5;1.975;1.925;-0.5
F1;02.08.2003;Toulouse;Strasbourg;1;1;D;0;0;D;02.sty;3;03.lut;2;03.sty;03.maj;sty.85;03.sty;03.cze;02.sty;3;03.lut;;;;sty.95;3;mar.75;01.wrz;3;mar.75;lut.15;sty.55;sty.75;02.maj;-0.25;01.sie;02.sty;-0.25
F1;08.08.2003;Marseille;Auxerre;1;0;H;0;0;D;01.sie;03.sty;4;01.sie;03.sty;04.mar;01.lip;03.sty;04.kwi;01.sie;03.lut;4;;;;sty.75;03.sty;04.maj;;;;02.maj;01.cze;sty.75;02.maj;-0.5;1.875;2.025;-0.5
F1;09.08.2003;Bastia;Metz;0;2;A;0;1;A;1.667;03.sty;5;01.lip;03.lut;5;01.lip;03.sty;04.kwi;1.727;03.lut;4.333;;;;sty.72;03.sty;kwi.75;sty.66;03.mar;04.maj;02.maj;01.cze;sty.95;sty.85;-0.75;1.975;1.925;-0.75
F1;09.08.2003;Bordeaux;Montpellier;0;1;A;0;0;D;1.571;mar.25;05.maj;01.cze;03.mar;maj.75;sty.45;03.cze;05.sie;1.667;03.lut;5;;;;sty.57;03.kwi;05.maj;sty.53;mar.25;6;sty.95;sty.65;02.gru;01.lip;-1;01.sie;02.sty;-0.75
F1;09.08.2003;Le Mans;Ajaccio;0;1;A;0;1;A;1.909;3;mar.75;sty.95;mar.15;03.cze;01.wrz;3;03.cze;02.sty;03.lut;3;;;;2;3;03.cze;sty.83;3;4;lut.15;sty.55;01.lip;02.gru;-0.25;2.075;1.825;-0.5
F1;09.08.2003;Lille;Paris SG;1;0;H;1;0;H;02.maj;2.875;2.625;02.cze;03.sty;lut.55;02.kwi;02.wrz;02.lip;02.maj;2.875;2.625;;;;02.cze;3;02.maj;02.maj;02.wrz;lut.62;lut.15;sty.55;01.wrz;01.wrz;0;sty.85;02.maj;0
F1;09.08.2003;Lyon;Monaco;3;1;H;3;0;H;1.909;3;mar.75;sty.97;3;mar.65;01.wrz;3;03.cze;02.sty;3;03.lut;;;;2;3;03.cze;sty.83;3;4;sty.85;sty.75;sty.95;sty.85;-0.5;2;01.wrz;-0.5
F1;09.08.2003;Nantes;Lens;2;0;H;0;0;D;1.909;3;mar.75;2;3;mar.65;2;02.wrz;03.kwi;2;3;03.kwi;;;;2;3;03.cze;01.wrz;3;mar.75;lut.15;sty.55;01.sie;2;-0.25;sty.75;lut.15;-0.25
F1;09.08.2003;Nice;Sochaux;1;0;H;0;0;D;2;3;03.kwi;2;03.sty;03.cze;01.wrz;3;03.cze;02.sty;3;03.lut;;;;2;3;03.cze;01.wrz;3;mar.75;02.lut;01.maj;01.sie;2;-0.25;02.sty;01.sie;-0.5
F1;09.08.2003;Rennes;Toulouse;1;0;H;1;0;H;1.909;3;mar.75;sty.91;03.lut;mar.75;01.sie;3;4;01.sie;03.lut;4;;;;01.wrz;03.sty;mar.75;01.wrz;3;mar.75;01.wrz;01.lip;01.wrz;01.wrz;-0.5;;;
F1;09.08.2003;Strasbourg;Guingamp;2;0;H;1;0;H;02.sty;3;03.lut;02.sty;3;03.kwi;2;02.wrz;03.kwi;02.sty;03.lut;3;;;;02.sty;3;03.mar;2;03.lut;03.lut;sty.95;sty.65;01.sie;2;-0.25;;;
F1;16.08.2003;Ajaccio;Nantes;1;3;A;0;2;A;02.mar;3;2.875;lut.25;03.maj;3;02.kwi;02.wrz;02.lip;lut.25;3;2.875;;;;lut.25;3;3;02.mar;02.sie;3;lut.35;sty.45;2;01.sie;-0.25;02.sty;01.sie;-0.25
F1;16.08.2003;Auxerre;Strasbourg;3;2;H;2;1;H;1.727;3;5;01.lip;03.lut;04.sie;sty.65;03.lut;04.cze;1.667;mar.25;04.maj;;;;sty.66;03.lut;5;sty.66;03.sty;5;lut.15;sty.55;lut.15;01.lip;-1;02.sty;01.sie;-0.75
F1;16.08.2003;Guingamp;Bordeaux;1;3;A;1;2;A;2.375;3;lut.75;02.mar;3;lut.95;02.mar;02.wrz;02.sie;lut.25;3;2.875;;;;lut.37;3;lut.75;lut.37;3;02.lip;02.maj;01.cze;01.sie;2;0;1.825;2.075;0
F1;16.08.2003;Le Mans;Nice;1;1;D;1;1;D;02.maj;3;2.625;02.maj;lut.95;lut.75;02.cze;02.lip;02.lip;02.maj;3;02.cze;;;;02.kwi;lut.87;lut.87;02.kwi;02.wrz;lut.75;lut.35;sty.45;01.wrz;01.wrz;0;1.875;2.025;0
F1;16.08.2003;Metz;Paris SG;0;1;A;0;0;D;02.maj;3;2.625;02.lip;3;02.maj;02.sie;02.wrz;02.mar;02.cze;3;02.maj;;;;02.cze;3;02.maj;02.cze;02.sie;02.cze;lut.15;sty.55;sty.95;sty.85;0;2;01.wrz;0
F1;16.08.2003;Monaco;Bastia;2;0;H;2;0;H;01.maj;03.kwi;06.maj;sty.55;03.maj;maj.75;sty.45;03.cze;05.sie;01.maj;03.kwi;6;;;;sty.53;03.kwi;6;01.maj;03.mar;06.maj;01.wrz;01.lip;2;01.sie;-1;02.maj;sty.85;-1
F1;16.08.2003;Montpellier;Lyon;0;2;A;0;2;A;lut.75;3;2.375;lut.85;3;02.kwi;02.sie;02.sie;02.kwi;lut.75;3;2.375;;;;lut.87;3;02.mar;02.sie;02.wrz;lut.37;sty.95;sty.65;2;01.sie;0;sty.85;02.maj;0.25
F1;16.08.2003;Sochaux;Rennes;1;1;D;0;0;D;1.727;3;5;sty.75;03.lut;04.cze;sty.75;03.sty;04.lut;01.sie;03.lut;4;;;;sty.75;03.lut;kwi.33;sty.72;03.sty;04.maj;02.maj;01.cze;02.maj;sty.75;-0.75;2;01.wrz;-0.75
F1;16.08.2003;Toulouse;Lille;0;3;A;0;1;A;02.mar;3;2.875;lut.25;3;03.maj;02.mar;02.sie;02.wrz;lut.25;3;2.875;;;;02.mar;3;lut.87;02.lut;3;3;lut.25;01.maj;2;01.sie;-0.25;01.sie;02.sty;0
F1;17.08.2003;Lens;Marseille;2;1;H;1;1;D;02.maj;3;2.625;lut.65;3;02.cze;02.kwi;02.wrz;02.lip;02.maj;3;02.cze;;;;02.maj;3;02.cze;02.maj;02.wrz;lut.62;lut.25;01.maj;01.wrz;01.wrz;0;1.875;2.025;0
F1;23.08.2003;Bastia;Montpellier;1;0;H;0;0;D;1.909;3;mar.75;01.wrz;03.sty;mar.75;sty.85;3;03.sie;2;03.lut;03.lut;;;;2;3;03.maj;2;3;03.kwi;sty.95;sty.66;01.wrz;sty.88;-0.5;2.025;1.875;-0.5
F1;23.08.2003;Bordeaux;Auxerre;2;0;H;2;0;H;1.909;3;mar.75;sty.95;03.sty;03.cze;01.wrz;3;03.cze;2;3;03.kwi;;;;01.wrz;03.sty;mar.75;sty.83;3;4;02.sty;sty.56;sty.95;01.sie;-0.5;02.maj;sty.85;-0.5
F1;23.08.2003;Lille;Metz;1;1;D;0;1;A;1.667;03.sty;5;sty.65;mar.25;5;01.lip;03.sty;04.kwi;1.727;03.lut;4.333;;;;01.lip;03.lut;kwi.75;sty.61;03.sty;05.maj;2;sty.61;01.sie;sty.98;-0.75;01.wrz;2;-0.75
F1;23.08.2003;Lyon;Toulouse;0;0;D;0;0;D;1.286;04.maj;8;01.mar;04.kwi;08.maj;01.mar;04.lut;8;1.333;4;8;;;;sty.33;04.lut;8;sty.36;mar.75;8;sty.66;sty.95;01.wrz;sty.88;-1.5;sty.95;sty.95;-1.5
F1;23.08.2003;Marseille;Sochaux;2;0;H;1;0;H;1.667;03.sty;5;sty.65;mar.25;5;01.lip;03.sty;04.kwi;1.615;mar.25;5;;;;sty.66;03.lut;5;sty.57;03.mar;05.maj;sty.95;sty.66;01.sie;sty.98;-0.75;1.925;1.975;-0.75
F1;23.08.2003;Nantes;Le Mans;1;0;H;0;0;D;1.615;mar.25;5;sty.65;mar.25;5;sty.65;03.lut;04.cze;1.615;mar.25;5;;;;sty.61;mar.25;maj.25;sty.61;03.sty;05.maj;2;sty.61;01.sie;sty.98;-0.75;01.wrz;2;-0.75
F1;23.08.2003;Nice;Ajaccio;2;2;D;1;1;D;1.667;03.sty;5;01.lip;03.lut;kwi.75;01.lip;03.sty;04.kwi;1.727;03.lut;4.333;;;;sty.66;03.lut;5;sty.66;03.sty;5;2;sty.61;sty.95;sty.82;-0.75;02.maj;sty.85;-0.75
F1;23.08.2003;Rennes;Guingamp;0;0;D;0;0;D;01.sie;03.sty;4;sty.85;03.sty;4;sty.85;3;03.sie;1.909;03.lut;03.maj;;;;01.wrz;03.sty;mar.75;01.wrz;03.sty;03.cze;2;sty.61;sty.85;sty.92;-0.5;sty.95;sty.95;-0.5
F1;23.08.2003;Strasbourg;Lens;0;1;A;0;1;A;lut.25;2.875;3;lut.25;02.wrz;03.sty;01.wrz;3;03.cze;02.sty;3;03.lut;;;;02.mar;lut.87;3;lut.25;lut.87;3;02.sty;sty.56;sty.98;01.sie;-0.25;02.sty;01.sie;-0.25
F1;24.08.2003;Paris SG;Monaco;2;4;A;1;2;A;02.sty;3;03.lut;02.lut;3;03.sty;02.mar;02.wrz;02.sie;02.sty;3;03.lut;;;;02.lut;lut.87;03.lut;02.sty;lut.87;03.mar;sty.95;sty.66;sty.92;sty.85;-0.25;2.025;1.875;-0.25
F1;30.08.2003;Auxerre;Rennes;2;1;H;1;0;H;1.667;03.lut;5;01.lip;03.sty;5;sty.75;03.lut;4;1.667;mar.25;04.maj;;;;sty.72;03.lut;04.maj;sty.72;03.sty;04.maj;2;sty.61;02.sty;01.lip;-1;1.925;1.975;-0.75
F1;30.08.2003;Guingamp;Lyon;2;0;H;2;0;H;mar.25;3;02.sty;mar.25;03.maj;02.sty;03.lut;02.wrz;02.sty;03.lut;3;02.sty;;;;03.lut;lut.87;02.lut;03.mar;03.sty;2;01.wrz;01.lip;02.sty;01.lip;0.25;1.975;1.925;0.25
F1;30.08.2003;Le Mans;Strasbourg;0;3;A;0;1;A;02.sty;3;mar.25;lut.15;3;03.lut;02.lut;02.lip;03.lut;lut.25;3;2.875;;;;02.lut;lut.87;03.lut;02.sty;lut.87;03.mar;02.lut;sty.51;01.wrz;01.wrz;-0.25;2;01.wrz;-0.25
F1;30.08.2003;Montpellier;Paris SG;3;2;H;0;1;A;02.maj;3;2.625;lut.65;3;02.maj;02.wrz;02.sie;02.mar;2.625;2.875;02.maj;;;;02.cze;lut.87;02.cze;lut.62;02.wrz;02.maj;02.sty;sty.56;2;01.sie;0;02.maj;sty.85;0
F1;30.08.2003;Nantes;Bordeaux;0;0;D;0;0;D;02.sty;3;mar.25;02.sty;03.maj;mar.25;01.wrz;03.sty;03.maj;2;3;03.kwi;;;;02.lut;lut.87;03.lut;02.sty;lut.87;03.mar;02.sty;sty.56;01.sie;2;-0.25;1.825;2.075;-0.25
F1;30.08.2003;Sochaux;Lille;2;1;H;2;1;H;02.sty;3;mar.25;02.maj;03.sty;mar.35;2;02.sie;03.cze;02.sty;3;03.lut;;;;02.sty;3;mar.25;02.sty;lut.87;03.mar;02.lut;sty.51;sty.85;sty.95;-0.25;1.825;2.075;-0.25
F1;30.08.2003;Toulouse;Bastia;0;2;A;0;2;A;2;3;03.maj;02.sty;3;03.mar;02.sty;02.lip;03.maj;1.727;03.lut;4.333;;;;2;3;03.maj;2;3;03.kwi;02.lut;sty.51;sty.85;sty.95;-0.25;01.sie;02.sty;-0.25
F1;31.08.2003;Ajaccio;Marseille;0;1;A;0;0;D;2.875;3;02.mar;lut.95;3;02.mar;02.wrz;02.sie;02.mar;lut.75;3;2.375;;;;lut.87;lut.87;lut.37;02.sie;3;02.mar;02.lut;sty.51;01.sie;2;0.25;sty.85;02.maj;0.25
F1;31.08.2003;Lens;Nice;1;0;H;0;0;D;1.909;3;03.sie;2;3;03.cze;2;02.sie;03.cze;1.909;3;mar.75;;;;2;3;03.maj;01.wrz;3;mar.75;02.sty;sty.56;sty.95;sty.85;-0.5;2;01.wrz;-0.5
F1;31.08.2003;Monaco;Metz;1;0;H;1;0;H;1.364;mar.75;9;sty.45;mar.65;cze.75;01.maj;03.kwi;05.cze;01.kwi;mar.75;7;;;;sty.44;03.cze;7;01.kwi;03.maj;8;sty.95;sty.66;01.wrz;01.wrz;-1.25;2;01.wrz;-1.25
F1;13.09.2003;Bastia;Guingamp;4;2;H;2;0;H;sty.83;3;kwi.33;sty.85;03.sty;kwi.15;sty.85;03.sty;03.cze;1.909;03.lut;03.maj;;;;sty.85;03.sty;4;01.wrz;03.sty;03.cze;02.sty;sty.56;sty.85;sty.95;-0.5;sty.95;sty.95;-0.5
F1;13.09.2003;Bordeaux;Sochaux;1;3;A;1;1;D;sty.72;03.lut;04.maj;01.sie;mar.15;kwi.35;01.lip;03.lut;04.lut;1.727;03.lut;4.333;;;;sty.72;03.lut;04.maj;sty.66;03.mar;04.maj;02.sty;sty.56;01.sie;2;-0.5;2.075;1.825;-0.75
F1;13.09.2003;Lille;Monaco;1;1;D;0;1;A;02.cze;lut.87;02.cze;02.maj;3;02.lip;02.sie;02.sie;02.kwi;02.maj;03.lut;02.maj;;;;02.maj;3;lut.62;lut.62;02.wrz;02.maj;02.sty;sty.56;01.wrz;01.wrz;0;1.925;1.975;-0.75
F1;13.09.2003;Lyon;Auxerre;1;1;D;1;1;D;sty.66;03.lut;5;01.lip;mar.15;05.sty;01.cze;03.mar;04.sie;1.667;mar.25;04.maj;;;;sty.66;03.lut;5;sty.66;03.sty;5;01.wrz;01.lip;sty.95;sty.85;-0.75;sty.95;sty.95;-0.75
F1;13.09.2003;Marseille;Le Mans;5;0;H;2;0;H;sty.36;mar.75;08.maj;01.kwi;03.sie;8;01.kwi;03.lip;06.maj;01.kwi;03.cze;07.maj;;;;01.kwi;mar.75;07.maj;sty.33;4;8;2;sty.61;01.sie;2;-1.25;02.maj;sty.85;-1.5
F1;13.09.2003;Metz;Montpellier;2;1;H;1;0;H;02.lut;3;03.sty;02.sty;3;03.kwi;02.sty;02.wrz;03.lut;02.sty;3;03.lut;;;;02.sty;3;mar.25;02.sty;lut.87;03.mar;02.lut;sty.55;01.wrz;01.wrz;-0.25;sty.95;sty.95;-0.25
F1;13.09.2003;Nice;Nantes;1;0;H;1;0;H;02.sty;3;mar.25;02.sty;3;03.kwi;02.lut;02.wrz;3;lut.25;3;2.875;;;;02.sty;3;mar.25;02.lut;3;3;02.sty;sty.56;01.wrz;01.wrz;-0.25;sty.85;02.maj;-0.25
F1;13.09.2003;Rennes;Lens;2;0;H;1;0;H;lut.37;3;lut.75;02.mar;02.wrz;3;02.mar;02.sie;02.wrz;2.375;3;lut.75;;;;02.mar;lut.87;3;lut.37;3;02.lip;02.lut;sty.55;01.sie;2;0;1.825;2.075;-0.25
F1;13.09.2003;Strasbourg;Ajaccio;3;2;H;3;2;H;01.sie;3;kwi.33;01.wrz;03.lut;03.sie;01.wrz;02.wrz;03.sie;01.sie;03.lut;4;;;;01.wrz;03.sty;mar.75;sty.83;3;4;02.lut;sty.55;01.wrz;01.wrz;-0.5;sty.95;sty.95;-0.5
F1;14.09.2003;Paris SG;Toulouse;2;1;H;1;0;H;sty.44;03.kwi;07.maj;01.maj;03.maj;06.lip;sty.55;03.kwi;5;1.444;03.kwi;07.maj;;;;sty.53;03.kwi;6;sty.57;03.mar;05.maj;2;sty.61;01.wrz;01.wrz;-1;1.825;2.075;-1
F1;20.09.2003;Ajaccio;Rennes;1;0;H;1;0;H;02.sty;3;mar.25;02.gru;3;mar.35;02.sty;02.wrz;03.lut;02.lut;3;3;;;;02.sty;3;mar.25;02.sty;3;03.lut;02.mar;sty.46;01.sie;2;-0.75;02.sty;01.sie;-0.5
F1;20.09.2003;Auxerre;Bastia;4;1;H;3;1;H;sty.72;03.lut;04.maj;sty.72;mar.25;kwi.65;sty.65;03.lut;04.cze;1.667;mar.25;04.maj;;;;sty.72;03.lut;04.maj;sty.66;03.mar;04.maj;02.lut;sty.51;01.wrz;01.wrz;0;1.925;1.975;-0.75
F1;20.09.2003;Guingamp;Paris SG;0;2;A;0;0;D;02.maj;3;lut.62;02.cze;lut.92;lut.65;02.kwi;02.wrz;02.lip;02.maj;2.875;2.625;;;;02.maj;3;02.cze;02.maj;03.sty;02.maj;2;sty.61;sty.88;sty.92;0.5;01.wrz;2;0
F1;20.09.2003;Lens;Bordeaux;1;0;H;1;0;H;02.sty;3;mar.25;02.maj;03.maj;mar.52;02.lut;02.lip;03.lut;1.909;03.lut;03.maj;;;;2;3;03.maj;01.wrz;03.sty;03.cze;2;sty.61;01.sie;2;-0.25;01.wrz;2;-0.25
F1;20.09.2003;Nice;Lille;2;0;H;2;0;H;01.wrz;3;03.sie;sty.98;3;03.sie;sty.85;3;03.sie;2;3;03.kwi;;;;01.wrz;03.sty;mar.75;01.wrz;03.sty;03.cze;02.lut;sty.51;sty.85;sty.95;0.25;sty.95;sty.95;-0.5
F1;20.09.2003;Sochaux;Strasbourg;3;0;H;2;0;H;01.sie;3;kwi.33;01.sie;03.lut;kwi.25;sty.75;03.lut;4;01.sie;03.lut;4;;;;01.sie;3;kwi.33;01.sie;03.sty;4;2;sty.61;01.wrz;01.wrz;-0.25;1.875;2.025;-0.5
F1;20.09.2003;Toulouse;Metz;1;0;H;0;0;D;02.lut;lut.87;03.lut;02.sty;03.sty;03.mar;2;02.wrz;03.kwi;2;3;03.kwi;;;;02.sty;3;mar.25;02.sty;3;03.lut;02.lut;sty.51;sty.85;sty.95;0;01.sie;02.sty;-0.25
F1;21.09.2003;Le Mans;Lyon;0;2;A;0;1;A;mar.25;3;02.sty;mar.75;mar.15;sty.92;03.maj;03.sty;01.wrz;03.kwi;3;2;;;;03.maj;3;2;03.kwi;3;2;sty.95;sty.66;sty.98;sty.81;-0.5;1.875;2.025;0.5
F1;21.09.2003;Montpellier;Monaco;1;2;A;1;1;D;lut.75;3;lut.37;lut.92;3;lut.35;3;02.wrz;02.lut;3;03.lut;02.sty;;;;lut.75;3;lut.37;02.sie;3;02.mar;sty.95;sty.66;01.sie;2;-0.5;sty.95;sty.95;0.25
F1;21.09.2003;Nantes;Marseille;1;0;H;1;0;H;lut.37;3;lut.75;02.maj;lut.93;lut.75;02.mar;02.wrz;02.sie;2.375;3;lut.75;;;;02.maj;lut.87;02.lip;lut.37;3;02.lip;2;sty.61;sty.85;sty.95;-0.25;01.wrz;2;0
F1;27.09.2003;Bastia;Sochaux;2;0;H;2;0;H;02.lut;lut.87;03.lut;02.lut;3;03.sty;2;3;03.mar;02.sty;03.lut;3;;;;02.lut;3;03.sty;02.lut;3;3;02.sty;sty.56;01.wrz;01.wrz;-0.25;sty.95;sty.95;-0.25
F1;27.09.2003;Lille;Montpellier;1;1;D;1;0;H;sty.72;03.lut;04.maj;01.lip;mar.15;kwi.85;01.lip;03.lut;04.lut;1.727;03.lut;4.333;;;;01.lip;03.sty;5;sty.66;03.sty;5;2;sty.61;sty.95;sty.85;-0.75;2.075;1.825;-0.75
F1;27.09.2003;Lyon;Lens;4;0;H;3;0;H;sty.72;03.lut;04.maj;01.lip;mar.15;kwi.85;sty.65;03.lut;04.cze;1.667;mar.25;04.maj;;;;sty.66;03.lut;5;sty.66;03.sty;5;sty.95;sty.66;sty.85;sty.95;-0.75;1.875;2.025;-0.75
F1;27.09.2003;Marseille;Nice;2;1;H;0;1;A;sty.66;03.lut;5;sty.65;mar.15;05.mar;01.cze;03.mar;04.sie;1.667;mar.25;04.maj;;;;sty.61;03.lut;05.maj;sty.66;03.sty;5;02.lut;sty.51;sty.85;sty.95;-0.75;01.wrz;2;-0.75
F1;27.09.2003;Metz;Guingamp;1;1;D;0;1;A;01.wrz;3;03.sie;sty.88;03.maj;4;sty.85;03.sty;03.cze;2;3;03.kwi;;;;01.wrz;03.sty;mar.75;sty.83;3;4;sty.95;sty.66;01.wrz;01.wrz;-0.5;2;01.wrz;-0.5
F1;27.09.2003;Monaco;Toulouse;3;0;H;2;0;H;sty.33;4;08.maj;sty.35;4;08.maj;sty.35;4;7;sty.25;04.maj;10;;;;sty.36;4;07.maj;sty.36;mar.75;8;01.lip;01.wrz;02.mar;sty.77;-1.5;2.075;1.825;-1.5
F1;27.09.2003;Paris SG;Auxerre;1;0;H;1;0;H;01.wrz;3;03.sie;sty.95;03.maj;03.lip;01.wrz;03.sty;03.maj;01.sie;03.lut;4;;;;01.wrz;03.sty;mar.75;sty.83;3;4;sty.95;sty.66;sty.93;sty.87;-0.5;1.925;1.975;-0.5
F1;27.09.2003;Rennes;Le Mans;2;0;H;1;0;H;sty.66;03.lut;5;sty.65;mar.15;05.mar;sty.65;03.lut;04.cze;1.667;mar.25;04.maj;;;;sty.61;mar.25;05.lut;sty.72;03.sty;04.maj;02.sty;sty.56;sty.85;sty.95;-0.75;sty.85;02.maj;-0.75
F1;28.09.2003;Bordeaux;Ajaccio;1;0;H;0;0;D;sty.66;03.lut;5;01.lip;mar.15;kwi.85;01.cze;03.mar;04.sie;1.667;mar.25;04.maj;;;;sty.66;03.lut;5;sty.66;03.sty;5;2;sty.61;01.wrz;01.wrz;-0.75;sty.85;02.maj;-0.75
F1;28.09.2003;Strasbourg;Nantes;1;0;H;0;0;D;02.mar;lut.87;3;02.mar;3;02.wrz;02.mar;02.wrz;02.sie;02.sty;03.lut;3;;;;02.mar;lut.87;3;lut.37;3;02.lip;2;sty.61;02.mar;sty.77;-0.25;02.sty;01.sie;-0.25
F1;04.10.2003;Ajaccio;Lyon;2;4;A;1;1;D;lut.87;03.lut;02.lut;03.sty;03.sty;02.lut;03.sty;3;02.sty;;;;;;;3;03.sty;02.lut;03.kwi;3;2;sty.95;sty.66;sty.95;sty.85;0.25;02.maj;sty.85;0.25
F1;04.10.2003;Auxerre;Lille;3;0;H;2;0;H;sty.72;03.lut;04.maj;sty.75;03.lut;kwi.65;sty.65;03.lut;04.cze;;;;;;;sty.75;03.sty;04.maj;sty.66;03.mar;04.maj;01.wrz;01.lip;01.lip;02.maj;-0.5;1.825;2.075;-0.5
F1;04.10.2003;Guingamp;Monaco;1;2;A;0;2;A;mar.25;3;02.sty;mar.35;03.sty;02.sty;03.lut;02.wrz;02.sty;;;;;;;mar.25;3;02.sty;03.mar;03.sty;2;01.wrz;01.lip;2;01.sie;0.25;01.sie;02.sty;0.5
F1;04.10.2003;Le Mans;Bordeaux;0;0;D;0;0;D;3;3;lut.25;3;3;02.mar;3;03.sty;02.sty;;;;;;;3;3;lut.25;02.sie;03.sty;lut.25;02.lut;sty.51;01.wrz;01.wrz;0.25;2;01.wrz;0.25
F1;04.10.2003;Lens;Metz;0;2;A;0;0;D;sty.66;03.lut;5;sty.67;mar.25;05.lut;01.cze;03.mar;04.sie;;;;;;;sty.61;03.lut;05.maj;sty.57;03.mar;05.maj;02.sty;sty.56;sty.85;sty.95;-0.75;sty.85;02.maj;-0.75
F1;04.10.2003;Nantes;Rennes;1;0;H;1;0;H;sty.66;03.lut;5;01.lip;mar.25;kwi.95;sty.65;03.lut;04.cze;;;;;;;01.lip;03.lut;kwi.75;sty.61;03.mar;5;02.lut;sty.51;01.wrz;01.wrz;-0.75;1.925;1.975;-0.75
F1;04.10.2003;Nice;Strasbourg;0;0;D;0;0;D;01.sie;3;kwi.33;sty.85;3;04.maj;sty.75;03.sty;04.lut;;;;;;;01.sie;03.lut;4;sty.72;03.lut;kwi.33;2;sty.61;01.sie;2;-0.5;01.wrz;2;-0.5
F1;04.10.2003;Sochaux;Paris SG;0;1;A;0;1;A;lut.25;3;3;02.mar;3;3;02.kwi;02.wrz;02.lip;;;;;;;lut.25;03.sty;lut.87;02.lut;03.sty;lut.87;01.wrz;01.lip;2;01.sie;-0.25;2;01.wrz;-0.25
F1;04.10.2003;Toulouse;Montpellier;2;2;D;1;1;D;02.sty;3;mar.25;lut.15;3;mar.35;02.lut;02.wrz;3;;;;;;;02.sty;3;03.mar;01.wrz;03.lut;03.maj;02.sty;sty.56;02.sty;sty.67;-0.5;02.sty;01.sie;-0.5
F1;05.10.2003;Marseille;Bastia;3;1;H;2;0;H;sty.44;mar.75;06.maj;01.maj;03.maj;7;01.kwi;03.lip;06.maj;;;;;;;sty.44;03.cze;7;sty.36;4;7;01.sie;01.sie;01.wrz;01.wrz;-1;1.975;1.925;-1
F1;17.10.2003;Strasbourg;Marseille;4;1;H;3;1;H;02.maj;3;lut.62;02.maj;lut.95;02.cze;02.cze;02.sie;02.cze;02.maj;03.lut;02.maj;;;;02.cze;3;02.maj;02.lip;3;lut.37;02.sty;sty.56;01.wrz;01.wrz;0;2.025;1.875;0
F1;18.10.2003;Bastia;Lens;3;1;H;2;0;H;2;3;03.maj;sty.95;03.maj;mar.55;01.wrz;03.sty;03.maj;;;;;;;2;3;03.maj;01.wrz;03.sty;03.cze;2;sty.61;sty.95;sty.85;-0.5;02.maj;sty.85;-0.5
F1;18.10.2003;Bordeaux;Toulouse;1;2;A;0;1;A;sty.57;03.kwi;05.maj;01.cze;mar.35;5;sty.55;03.mar;05.lut;;;;;;;sty.61;mar.25;maj.25;sty.61;03.sty;05.maj;sty.95;sty.66;2;01.sie;-1;02.sty;01.sie;-1
F1;18.10.2003;Lille;Ajaccio;0;0;D;0;0;D;sty.83;3;04.lut;sty.85;03.sty;mar.85;sty.75;03.sty;04.lut;;;;;;;sty.83;3;04.lut;01.sie;03.sty;4;02.sty;sty.56;sty.83;sty.97;-0.5;01.wrz;2;-0.5
F1;18.10.2003;Lyon;Sochaux;1;1;D;0;0;D;sty.57;03.kwi;05.maj;sty.65;03.mar;kwi.65;sty.55;03.mar;05.lut;;;;;;;sty.61;mar.25;maj.25;sty.53;03.kwi;05.maj;01.sie;01.sie;2;01.sie;-1;02.sty;01.sie;-1
F1;18.10.2003;Metz;Nantes;1;3;A;1;1;D;lut.37;3;lut.75;lut.37;lut.95;lut.72;02.mar;3;02.lip;;;;;;;02.kwi;02.wrz;02.sie;lut.37;3;02.lip;02.lut;sty.51;sty.75;02.maj;0;01.sie;02.sty;0
F1;18.10.2003;Monaco;Auxerre;1;1;D;0;1;A;sty.72;mar.25;kwi.33;sty.65;mar.25;kwi.75;sty.65;03.lut;04.cze;1.615;mar.25;5;;;;sty.61;03.kwi;5;sty.61;03.mar;5;01.sie;01.sie;01.wrz;01.wrz;-0.75;1.975;1.925;-0.75
F1;18.10.2003;Montpellier;Guingamp;2;0;H;1;0;H;01.wrz;03.lut;03.cze;01.wrz;03.sty;mar.65;01.wrz;03.sty;03.maj;;;;;;;01.wrz;03.sty;mar.75;sty.83;3;4;sty.95;sty.66;01.wrz;01.wrz;-0.5;02.maj;sty.85;-0.5
F1;18.10.2003;Paris SG;Le Mans;5;1;H;2;1;H;sty.33;4;9;sty.33;4;8;sty.35;4;7;;;;;;;sty.33;4;08.maj;sty.36;mar.75;8;sty.74;sty.85;2;01.sie;-1.5;02.sty;01.sie;-1.5
F1;18.10.2003;Rennes;Nice;0;0;D;0;0;D;02.lut;3;03.sty;02.sty;3;03.lut;2;02.wrz;03.kwi;;;;;;;02.lut;lut.87;03.lut;2;3;03.kwi;2;sty.61;sty.85;sty.95;-0.25;sty.95;sty.95;-0.25
F1;25.10.2003;Ajaccio;Paris SG;0;0;D;0;0;D;mar.25;3;02.sty;03.mar;03.sty;2;03.mar;3;2;lut.75;03.lut;lut.25;;;;03.lut;3;02.sty;03.lut;3;02.sty;02.sty;sty.56;01.sie;2;0.5;2;01.wrz;0.25
F1;25.10.2003;Auxerre;Montpellier;0;1;A;0;1;A;sty.61;mar.25;5;01.cze;03.lut;05.kwi;sty.55;03.kwi;5;1.615;mar.25;5;;;;sty.57;mar.25;05.maj;sty.53;03.kwi;05.maj;sty.85;sty.74;2;01.sie;-1;sty.75;lut.15;-0.75
F1;25.10.2003;Guingamp;Toulouse;1;0;H;0;0;D;02.sty;3;mar.25;01.wrz;03.sty;mar.65;02.sty;02.sie;03.mar;02.sty;03.lut;3;;;;2;3;03.kwi;01.wrz;03.sty;03.cze;2;sty.61;01.wrz;01.wrz;-0.5;02.sty;01.sie;-0.5
F1;25.10.2003;Le Mans;Bastia;1;1;D;1;1;D;02.maj;3;lut.62;lut.55;3;02.maj;02.maj;3;02.maj;02.maj;mar.25;02.kwi;;;;02.maj;03.sty;02.maj;02.maj;03.sty;02.maj;02.lut;sty.51;01.wrz;01.wrz;0;sty.95;sty.95;0
F1;25.10.2003;Lens;Lille;2;1;H;0;1;A;01.wrz;03.lut;03.cze;sty.85;03.sty;mar.85;sty.85;02.wrz;03.sie;01.sie;3;4.333;;;;01.wrz;3;mar.75;2;lut.87;03.cze;;;sty.85;sty.95;-0.5;2;01.wrz;-0.5
F1;25.10.2003;Marseille;Rennes;2;0;H;1;0;H;01.kwi;mar.75;07.maj;sty.45;mar.45;7;sty.45;03.maj;6;1.444;03.cze;06.maj;;;;01.kwi;03.cze;07.maj;01.kwi;03.cze;07.maj;sty.95;sty.66;01.wrz;01.wrz;-1.25;2.025;1.875;-1.25
F1;25.10.2003;Nantes;Lyon;0;1;A;0;0;D;lut.37;3;lut.75;02.mar;3;02.sie;02.mar;02.wrz;02.sie;lut.25;03.lut;lut.75;;;;02.mar;3;02.sie;02.mar;03.sty;lut.75;02.lut;sty.51;01.sie;2;0;sty.85;02.maj;0
F1;25.10.2003;Nice;Bordeaux;0;0;D;0;0;D;2;3;03.maj;sty.95;03.sty;03.maj;01.wrz;3;03.cze;1.833;03.lut;mar.75;;;;2;3;03.kwi;2;3;03.kwi;02.lut;sty.51;sty.95;sty.85;-0.5;sty.85;02.maj;-0.25
F1;25.10.2003;Strasbourg;Metz;0;2;A;0;1;A;sty.66;03.lut;5;sty.75;03.lut;04.lut;sty.85;3;03.sie;01.sie;03.lut;4;;;;01.lip;mar.25;kwi.33;sty.66;03.sty;5;02.sty;sty.56;2;01.sie;-0.75;sty.75;lut.15;-0.5
F1;26.10.2003;Sochaux;Monaco;1;1;D;0;1;A;02.maj;3;lut.62;lut.55;3;02.maj;02.lip;02.wrz;02.kwi;02.maj;2.875;2.625;;;;02.cze;lut.87;02.cze;02.cze;02.sie;02.cze;01.wrz;01.lip;01.wrz;01.wrz;0;sty.85;02.maj;0
F1;01.11.2003;Bastia;Ajaccio;1;1;D;1;0;H;sty.72;03.lut;04.maj;01.sie;03.sty;4;01.sie;03.sty;03.sie;01.sie;03.lut;4;;;;sty.75;03.lut;04.lut;01.sie;03.sty;4;02.sty;sty.56;01.sie;2;-0.5;sty.85;02.maj;-0.5
F1;01.11.2003;Bordeaux;Marseille;1;0;H;1;0;H;02.maj;03.lut;02.maj;lut.45;3;02.cze;02.mar;02.sie;02.wrz;02.maj;2.875;2.625;;;;02.maj;03.sty;02.maj;02.maj;03.sty;02.maj;02.lut;sty.51;01.sie;2;0;sty.85;02.maj;0
F1;01.11.2003;Lille;Guingamp;1;3;A;0;0;D;sty.83;3;kwi.33;sty.75;03.sty;kwi.25;01.sie;3;4;01.sie;03.lut;4;;;;01.sie;03.sty;4;sty.83;3;4;02.lut;sty.51;sty.75;02.maj;-0.5;1.925;1.975;-0.5
F1;01.11.2003;Lyon;Nice;5;0;H;4;0;H;sty.57;03.kwi;05.maj;sty.57;mar.33;maj.25;sty.65;03.sty;04.sie;1.615;mar.25;5;;;;sty.62;mar.25;5;sty.57;03.mar;05.maj;2;sty.61;01.sie;2;-0.75;01.sie;02.sty;-0.75
F1;01.11.2003;Metz;Sochaux;0;1;A;0;1;A;02.mar;3;lut.87;lut.25;3;lut.85;02.sty;02.wrz;03.lut;lut.25;03.lut;lut.75;;;;lut.25;3;lut.88;lut.25;03.sty;02.sie;02.lut;sty.51;2;01.sie;-0.25;2.075;1.825;-0.25
F1;01.11.2003;Monaco;Le Mans;4;2;H;2;2;D;sty.25;04.maj;11;sty.23;04.maj;11;sty.25;04.lut;10;01.lut;5;11;;;;sty.25;04.maj;09.maj;sty.22;5;09.maj;01.sie;01.sie;01.lip;02.maj;-1.5;01.sie;02.sty;-1.5
F1;01.11.2003;Montpellier;Nantes;4;1;H;3;0;H;02.mar;3;lut.87;02.kwi;3;lut.65;02.mar;02.wrz;02.sie;02.kwi;mar.25;02.maj;;;;02.mar;3;02.sie;lut.25;03.sty;02.sie;02.sty;sty.56;01.sie;2;0;1.775;2.125;0
F1;01.11.2003;Rennes;Strasbourg;1;1;D;1;0;H;02.sty;3;mar.25;02.sty;03.maj;03.sty;02.sty;02.wrz;03.lut;02.sty;03.lut;3;;;;02.sty;3;mar.25;02.sty;3;03.lut;02.lut;sty.51;sty.85;sty.95;-0.25;1.875;2.025;-0.25
F1;01.11.2003;Toulouse;Auxerre;0;3;A;0;2;A;02.maj;3;lut.62;lut.45;3;02.cze;02.lip;02.sie;02.maj;02.maj;2.875;2.625;;;;02.maj;3;02.cze;02.mar;03.sty;lut.75;2;sty.61;sty.85;sty.95;0;sty.95;sty.95;0
F1;02.11.2003;Paris SG;Lens;0;1;A;0;0;D;sty.61;03.lut;05.maj;sty.55;mar.33;05.maj;01.cze;03.lut;5;1.571;mar.25;05.maj;;;;sty.57;mar.25;05.maj;sty.53;03.kwi;05.maj;2;sty.61;01.sie;2;-0.75;sty.85;02.maj;-0.75
F1;08.11.2003;Le Mans;Metz;2;0;H;1;0;H;02.cze;lut.87;02.cze;lut.55;3;lut.65;02.mar;02.wrz;02.sie;02.maj;03.lut;02.maj;;;;02.maj;3;02.cze;02.maj;03.sty;02.maj;02.lut;sty.51;01.sie;2;0;01.sie;02.sty;0
F1;08.11.2003;Nantes;Paris SG;0;1;A;0;0;D;02.mar;3;lut.87;02.kwi;3;lut.85;02.mar;02.wrz;02.sie;lut.25;03.lut;lut.75;;;;02.mar;3;lut.87;02.mar;3;02.sie;02.lut;sty.51;sty.75;02.sie;0;2.125;1.775;-0.25
F1;08.11.2003;Nice;Bastia;2;0;H;1;0;H;01.wrz;02.wrz;4;01.wrz;03.sty;4;01.wrz;02.sie;4;1.909;03.lut;03.maj;;;;01.wrz;02.wrz;4;;;;02.sty;sty.56;01.wrz;01.wrz;-0.5;01.wrz;2;-0.5
F1;08.11.2003;Rennes;Lille;2;2;D;0;1;A;01.wrz;02.wrz;4;01.wrz;03.sty;4;sty.75;03.sty;04.lut;01.sie;03.lut;4;;;;sty.85;03.sty;4;01.wrz;3;mar.75;02.sty;sty.56;01.wrz;01.wrz;-0.5;1.975;1.925;-0.5
F1;09.11.2003;Ajaccio;Monaco;0;1;A;0;0;D;mar.25;3;02.sty;mar.15;3;lut.15;03.mar;3;2;03.maj;03.lut;1.909;;;;mar.25;3;02.sty;03.cze;03.sty;01.wrz;sty.85;sty.74;sty.75;02.sty;0.5;1.875;2.025;0.5
F1;09.11.2003;Auxerre;Guingamp;3;0;H;2;0;H;sty.61;03.lut;05.maj;sty.62;03.mar;05.maj;01.cze;03.mar;04.sie;1.571;mar.25;05.maj;;;;sty.61;03.kwi;5;sty.57;03.mar;05.maj;01.sie;01.sie;01.sie;2;-0.75;1.875;2.025;-0.75
F1;09.11.2003;Lens;Montpellier;3;2;H;1;2;A;01.sie;03.sty;04.lut;01.sie;03.sty;04.maj;sty.75;03.sty;04.lut;1.909;03.lut;03.maj;;;;sty.85;03.sty;4;01.sie;03.sty;4;2;sty.61;2;01.sie;-0.75;02.sty;01.sie;-0.75
F1;09.11.2003;Marseille;Lyon;1;4;A;1;2;A;02.lut;3;03.sty;lut.25;3;03.sty;02.mar;02.sie;02.wrz;lut.25;03.lut;lut.75;;;;lut.25;3;3;02.lut;3;3;sty.95;sty.66;01.sie;2;0;02.maj;sty.85;-0.25
F1;09.11.2003;Sochaux;Toulouse;3;1;H;1;0;H;sty.57;03.lut;6;01.cze;03.mar;maj.75;01.cze;03.mar;04.sie;1.571;mar.25;05.maj;;;;sty.57;03.kwi;05.maj;sty.57;03.mar;05.maj;2;sty.61;2;01.sie;-1;02.sty;01.sie;-1
F1;09.11.2003;Strasbourg;Bordeaux;1;1;D;0;1;A;02.sty;3;mar.25;02.lut;03.sty;03.sty;02.mar;02.wrz;02.sie;2;03.lut;03.lut;;;;02.lut;3;03.sty;02.sty;3;03.lut;02.sty;sty.56;01.wrz;01.wrz;-0.25;2.025;1.875;-0.25
F1;21.11.2003;Lyon;Strasbourg;1;0;H;0;0;D;sty.53;mar.25;06.maj;sty.47;03.maj;06.lip;01.maj;03.maj;05.kwi;01.maj;03.kwi;6;;;;01.maj;03.maj;6;01.maj;03.kwi;6;sty.71;01.wrz;01.sie;2;-1;01.sie;02.sty;-1
F1;22.11.2003;Bastia;Nantes;1;3;A;1;1;D;2;3;03.maj;02.maj;mar.15;mar.25;2;3;03.mar;02.sty;03.lut;3;;;;02.sty;3;mar.25;2;03.sty;03.mar;sty.95;sty.66;2;01.sie;-0.5;2.025;1.875;-0.5
F1;22.11.2003;Bordeaux;Rennes;2;1;H;1;1;D;sty.72;03.lut;04.maj;sty.75;mar.15;04.maj;sty.65;03.sty;04.sie;01.sie;03.lut;4;;;;sty.67;03.lut;5;sty.66;03.mar;04.maj;02.sty;sty.56;sty.85;sty.95;-0.75;1.825;2.075;-0.75
F1;22.11.2003;Guingamp;Sochaux;1;2;A;0;1;A;lut.37;3;lut.75;02.kwi;3;lut.75;02.maj;02.wrz;02.cze;02.kwi;mar.25;02.maj;;;;02.kwi;3;lut.75;02.kwi;03.sty;02.cze;02.lut;sty.51;sty.75;02.maj;0;01.sie;02.sty;0
F1;22.11.2003;Lille;Marseille;0;2;A;0;1;A;lut.62;3;02.maj;lut.75;3;02.kwi;02.maj;02.wrz;02.cze;02.maj;03.lut;02.maj;;;;02.cze;3;02.maj;02.maj;03.sty;02.maj;02.sty;sty.56;02.maj;sty.75;0;02.maj;sty.85;0
F1;22.11.2003;Metz;Auxerre;0;2;A;0;0;D;02.maj;3;lut.62;02.maj;3;lut.65;02.maj;02.wrz;02.cze;02.maj;03.lut;02.maj;;;;02.maj;3;02.cze;02.maj;03.sty;02.maj;02.lut;sty.51;01.wrz;01.wrz;0;1.925;1.975;0
F1;22.11.2003;Monaco;Lens;2;0;H;0;0;D;sty.57;mar.25;6;sty.57;03.mar;maj.75;01.cze;03.mar;04.sie;01.maj;03.kwi;6;;;;sty.57;03.kwi;05.maj;sty.61;03.mar;5;sty.74;sty.85;sty.95;sty.85;-1;02.maj;sty.85;-1
F1;22.11.2003;Montpellier;Ajaccio;3;1;H;1;1;D;sty.72;03.lut;04.maj;sty.75;mar.15;04.maj;01.lip;03.sty;04.kwi;01.sie;03.lut;4;;;;sty.75;03.lut;kwi.33;sty.72;03.lut;kwi.33;2;sty.61;sty.75;02.maj;-0.5;01.wrz;2;-0.5
F1;22.11.2003;Toulouse;Le Mans;1;1;D;0;1;A;01.wrz;03.sty;mar.75;sty.85;3;04.sty;01.wrz;02.lip;04.lut;01.sie;03.lut;4;;;;sty.83;03.sty;4;01.wrz;03.sty;03.cze;2;sty.61;sty.85;sty.95;-0.5;2.025;1.875;-0.5
F1;23.11.2003;Paris SG;Nice;0;0;D;0;0;D;sty.66;03.lut;5;sty.65;03.lut;maj.25;sty.65;03.sty;04.sie;1.667;03.lut;5;;;;sty.62;mar.25;05.lut;sty.66;03.sty;5;sty.95;sty.66;01.sie;2;-0.75;sty.85;02.maj;-0.75
F1;29.11.2003;Ajaccio;Toulouse;2;1;H;1;0;H;sty.83;03.sty;4;01.wrz;03.sty;03.cze;sty.85;03.sty;03.cze;1.833;03.lut;mar.75;;;;sty.91;03.sty;mar.75;01.sie;03.sty;4;02.lut;sty.51;01.wrz;01.wrz;-0.5;1.975;1.925;-0.5
F1;29.11.2003;Le Mans;Montpellier;4;0;H;3;0;H;02.maj;3;lut.62;lut.55;02.wrz;lut.55;02.cze;02.sie;02.cze;2.375;3;lut.75;;;;02.cze;lut.88;02.cze;02.maj;03.sty;02.maj;2;sty.61;01.wrz;01.wrz;0;sty.95;sty.95;0
F1;29.11.2003;Nantes;Monaco;0;1;A;0;0;D;lut.62;3;02.maj;02.cze;02.wrz;02.maj;02.lip;3;02.mar;2.625;2.875;02.maj;;;;02.cze;lut.88;02.cze;02.maj;03.sty;02.maj;2;sty.61;sty.95;sty.85;0;2;01.wrz;0
F1;29.11.2003;Nice;Metz;1;1;D;1;1;D;sty.72;03.lut;04.maj;sty.75;03.sty;kwi.25;sty.75;03.sty;04.lut;1.727;03.lut;4.333;;;;sty.75;03.lut;kwi.33;sty.72;03.lut;kwi.33;02.lut;sty.51;01.wrz;01.wrz;-0.75;02.sty;01.sie;-0.75
F1;29.11.2003;Rennes;Lyon;3;1;H;2;1;H;3;3;lut.25;mar.15;3;02.gru;03.mar;3;2;03.lut;03.lut;2;;;;3;3;lut.25;03.sty;03.sty;02.sty;sty.95;sty.66;2;01.sie;0.25;02.sty;01.sie;0.25
F1;29.11.2003;Strasbourg;Lille;2;2;D;0;1;A;sty.72;03.lut;04.maj;sty.75;03.lut;04.sty;sty.65;03.lut;04.cze;1.727;03.lut;4.333;;;;sty.75;03.lut;kwi.33;01.sie;03.sty;4;2;sty.61;sty.75;02.maj;-0.5;sty.95;sty.95;-0.75
F1;30.11.2003;Bordeaux;Bastia;1;1;D;1;0;H;sty.72;03.lut;04.maj;sty.73;03.lut;04.kwi;01.cze;03.mar;04.sie;1.727;2.875;5;;;;sty.67;mar.25;kwi.75;sty.72;03.lut;kwi.33;2;sty.61;01.wrz;01.wrz;-0.75;02.maj;sty.85;-0.75
F1;30.11.2003;Lens;Guingamp;2;1;H;1;0;H;sty.61;03.kwi;5;sty.62;03.mar;5;sty.55;03.kwi;5;1.615;mar.25;5;;;;sty.62;mar.25;05.maj;sty.61;03.mar;5;01.wrz;01.lip;01.sie;2;-0.75;01.sie;02.sty;-0.75
F1;30.11.2003;Marseille;Paris SG;0;1;A;0;0;D;2;3;03.maj;2;3;03.kwi;2;3;03.mar;2;03.lut;03.lut;;;;02.sty;3;mar.25;02.sty;lut.87;03.mar;sty.95;sty.66;01.sie;2;-0.25;01.wrz;2;-0.25
F1;30.11.2003;Sochaux;Auxerre;3;2;H;3;0;H;02.lut;3;03.sty;lut.15;lut.95;03.sty;02.mar;02.wrz;02.sie;2;03.lut;03.lut;;;;02.sty;3;mar.25;2;03.sty;03.mar;2;sty.61;01.wrz;01.wrz;-0.25;1.875;1.975;-0.25
F1;03.12.2003;Auxerre;Le Mans;1;0;H;1;0;H;01.kwi;mar.75;07.maj;sty.41;03.cze;8;sty.35;03.sie;07.maj;sty.44;03.cze;06.maj;;;;01.kwi;mar.75;07.maj;sty.36;mar.75;8;sty.85;sty.74;01.sie;2;-1;sty.85;02.maj;-1
F1;03.12.2003;Bastia;Rennes;3;2;H;1;1;D;01.sie;mar.25;4;sty.85;03.lut;03.sie;sty.85;03.sty;03.cze;01.sie;03.lut;4;;;;01.sie;03.lut;4;sty.72;mar.25;04.lut;2;sty.61;sty.85;sty.95;-0.5;02.maj;sty.85;-0.5
F1;03.12.2003;Guingamp;Ajaccio;2;0;H;0;0;D;02.sty;3;mar.25;02.maj;03.sty;mar.25;2;02.wrz;03.kwi;02.sty;03.lut;3;;;;02.sty;3;mar.25;02.sty;03.sty;03.sty;01.wrz;01.lip;2;01.sie;-0.5;sty.85;02.maj;-0.5
F1;03.12.2003;Lille;Nantes;2;0;H;1;0;H;lut.37;3;lut.75;lut.52;3;lut.58;02.maj;02.wrz;02.cze;02.maj;03.lut;02.maj;;;;02.kwi;3;lut.75;02.maj;03.sty;02.maj;01.wrz;01.lip;sty.85;sty.95;0;1.825;2.075;0
F1;03.12.2003;Paris SG;Strasbourg;3;2;H;1;1;D;sty.57;mar.25;6;sty.55;mar.35;05.sie;01.maj;03.maj;05.kwi;sty.57;mar.25;05.maj;;;;sty.53;03.kwi;6;sty.57;03.mar;05.maj;;;2;01.sie;-1;02.sty;01.sie;-1
F1;03.12.2003;Toulouse;Lens;1;2;A;0;0;D;02.maj;03.lut;02.maj;lut.58;3;lut.52;02.maj;3;02.maj;lut.62;lut.88;02.maj;;;;02.cze;3;02.maj;02.maj;03.sty;02.maj;;;sty.95;sty.85;0;1.975;1.925;0
F1;05.12.2003;Lyon;Metz;2;1;H;1;1;D;sty.44;03.kwi;07.maj;sty.32;kwi.15;07.cze;sty.35;03.sie;07.maj;01.kwi;03.cze;07.maj;;;;01.kwi;mar.75;07.maj;sty.36;mar.75;8;sty.96;sty.66;sty.95;sty.85;-1.5;1.925;1.975;-1.25
F1;05.12.2003;Marseille;Monaco;1;2;A;1;0;H;lut.37;3;lut.75;lut.35;lut.95;lut.75;02.mar;02.sie;02.wrz;02.maj;2.875;2.625;;;;02.kwi;3;lut.75;lut.37;3;02.lip;02.lut;sty.73;sty.81;2;0;1.825;2.075;0
F1;06.12.2003;Ajaccio;Auxerre;1;2;A;0;1;A;lut.75;3;lut.37;02.cze;03.maj;02.kwi;3;02.wrz;02.lut;02.maj;03.lut;02.maj;;;;02.cze;3;02.maj;02.maj;03.sty;02.maj;sty.85;sty.74;02.sty;01.sie;0;02.sty;01.sie;0
F1;06.12.2003;Bordeaux;Lille;2;1;H;2;0;H;sty.66;03.lut;5;sty.62;mar.25;5;01.cze;03.lut;5;1.727;03.lut;4.333;;;;sty.66;mar.25;kwi.75;sty.66;03.mar;04.maj;01.wrz;01.lip;sty.85;sty.95;-0.75;1.875;2.025;-0.75
F1;06.12.2003;Lens;Sochaux;0;3;A;0;1;A;2;3;03.maj;2;03.sty;03.mar;2;02.wrz;03.kwi;2;03.lut;03.lut;;;;2;03.sty;03.kwi;2;03.sty;03.mar;sty.85;sty.74;2;01.sie;-0.5;02.sty;01.sie;-0.5
F1;06.12.2003;Nantes;Toulouse;1;1;D;1;1;D;sty.57;03.kwi;05.maj;sty.48;mar.45;06.maj;01.maj;03.maj;05.kwi;1.444;03.cze;06.maj;;;;01.maj;03.maj;6;01.maj;03.kwi;6;2;sty.61;01.wrz;01.wrz;-1;02.sty;01.sie;-1
F1;06.12.2003;Rennes;Paris SG;1;1;D;0;0;D;lut.62;03.lut;lut.37;lut.65;3;lut.45;02.sie;02.wrz;02.mar;lut.75;3;2.375;;;;02.lip;03.sty;lut.37;02.cze;03.sty;02.kwi;02.sty;sty.56;sty.96;sty.85;0;02.maj;sty.85;0
F1;06.12.2003;Strasbourg;Bastia;4;2;H;3;1;H;01.wrz;03.lut;03.cze;sty.82;03.lut;mar.75;01.sie;03.sty;03.sie;01.sie;03.lut;4;;;;sty.85;03.sty;4;sty.83;03.lut;mar.75;2;sty.61;sty.82;sty.97;-0.5;02.maj;sty.85;-0.5
F1;07.12.2003;Le Mans;Guingamp;2;0;H;1;0;H;02.lut;3;03.sty;sty.95;03.lut;03.mar;2;02.wrz;03.kwi;lut.25;03.lut;lut.75;;;;2;3;03.maj;2;03.lut;03.lut;01.wrz;01.lip;sty.95;sty.85;-0.5;01.wrz;2;-0.25
F1;07.12.2003;Nice;Montpellier;2;1;H;2;0;H;01.wrz;03.lut;03.cze;sty.88;3;03.sie;01.wrz;3;03.cze;1.909;03.lut;03.maj;;;;01.wrz;03.sty;mar.75;sty.83;03.lut;mar.75;2;sty.61;sty.88;sty.92;-0.5;2.075;1.825;-0.5
F1;13.12.2003;Auxerre;Lens;2;0;H;1;0;H;01.sie;3;4.333;01.sie;03.sty;kwi.15;sty.75;03.sty;04.lut;1.833;3;4;;;;01.sie;3;kwi.33;sty.72;03.lut;kwi.33;01.wrz;01.lip;2;01.sie;-0.75;02.maj;sty.85;-0.75
F1;13.12.2003;Bastia;Lyon;0;0;D;0;0;D;02.sie;03.lut;lut.25;02.lip;03.sty;lut.35;02.lip;3;02.mar;lut.75;03.lut;lut.25;;;;02.sie;03.sty;02.mar;lut.75;03.sty;02.mar;01.wrz;01.lip;01.lip;02.maj;0.25;01.sie;02.sty;0.25
F1;13.12.2003;Guingamp;Nantes;1;1;D;0;1;A;02.kwi;03.lut;02.cze;02.maj;03.maj;lut.55;02.maj;3;02.maj;02.maj;2.875;2.625;;;;02.maj;3;lut.62;lut.37;03.sty;lut.62;2;sty.61;01.wrz;01.wrz;0;1.925;1.975;0
F1;13.12.2003;Lille;Le Mans;1;1;D;0;1;A;01.sie;mar.25;4;sty.85;03.sty;03.wrz;01.wrz;02.sie;4;1.833;03.lut;mar.75;;;;01.wrz;03.sty;mar.75;01.wrz;03.sty;03.cze;02.sty;sty.56;sty.85;sty.95;-0.5;01.wrz;2;-0.5
F1;13.12.2003;Metz;Rennes;1;1;D;1;0;H;02.lut;03.lut;2.875;lut.15;03.maj;03.maj;02.sty;02.sie;03.mar;02.sty;03.lut;3;;;;02.lut;3;03.sty;2;03.sty;03.mar;02.sty;sty.56;01.wrz;01.wrz;-0.25;1.975;1.925;-0.25
F1;13.12.2003;Paris SG;Bordeaux;2;1;H;1;1;D;1.727;03.lut;04.maj;01.lip;mar.15;04.lip;01.sie;3;4;1.667;mar.25;04.maj;;;;sty.66;03.lut;5;sty.72;03.sty;04.maj;2;sty.61;2;01.sie;-0.75;02.sty;01.sie;-0.75
F1;13.12.2003;Sochaux;Ajaccio;2;0;H;1;0;H;01.maj;03.kwi;06.maj;sty.45;mar.65;7;sty.45;03.cze;05.sie;1.444;03.cze;06.maj;;;;sty.44;03.cze;7;sty.44;03.cze;06.maj;01.wrz;01.lip;sty.85;sty.95;-1;2.025;1.875;-1
F1;13.12.2003;Toulouse;Nice;1;1;D;1;0;H;02.maj;03.lut;02.maj;lut.55;3;lut.55;02.cze;02.sie;02.cze;02.maj;2.875;2.625;;;;02.maj;3;02.cze;02.maj;02.wrz;lut.62;02.sty;sty.56;01.wrz;01.wrz;0;1.975;1.925;0
F1;14.12.2003;Monaco;Strasbourg;2;0;H;1;0;H;01.kwi;mar.75;07.maj;01.kwi;03.sie;7;sty.35;03.sie;07.maj;01.kwi;mar.75;7;;;;01.kwi;mar.75;07.maj;01.kwi;mar.75;7;01.wrz;01.lip;2;01.sie;-1.25;02.maj;sty.85;-1.25
F1;19.12.2003;Lyon;Paris SG;1;1;D;0;1;A;1.909;03.lut;03.cze;sty.85;03.lut;mar.65;01.wrz;03.sty;03.maj;1.833;03.lut;mar.75;;;;01.sie;03.lut;4;2;3;03.kwi;2;sty.65;sty.86;2;-0.5;sty.95;sty.95;-0.5
F1;20.12.2003;Ajaccio;Lens;2;0;H;1;0;H;02.maj;3;2.625;02.maj;3;lut.55;02.cze;02.sie;02.cze;2.375;mar.25;02.maj;;;;02.cze;3;02.maj;02.kwi;03.sty;02.cze;2;sty.65;01.wrz;sty.95;0;1.925;1.975;0
F1;20.12.2003;Bastia;Lille;0;2;A;0;1;A;01.sie;3;4.333;01.sie;3;kwi.15;01.sie;3;4;01.sie;03.lut;4;;;;01.sie;03.sty;04.lut;sty.72;03.lut;kwi.33;2;sty.65;01.sie;02.maj;-0.5;01.wrz;2;-0.5
F1;20.12.2003;Bordeaux;Metz;2;0;H;1;0;H;1.615;03.kwi;5;sty.65;03.mar;kwi.55;sty.55;03.mar;05.lut;1.667;mar.25;04.maj;;;;sty.66;mar.25;kwi.75;sty.66;03.mar;04.maj;02.sty;01.cze;01.wrz;sty.95;-0.75;1.825;2.075;-0.75
F1;20.12.2003;Le Mans;Sochaux;2;2;D;1;0;H;02.lip;03.lut;02.mar;02.lip;3;lut.35;02.lip;02.wrz;02.kwi;02.cze;03.lut;2.375;;;;02.sie;03.sty;02.mar;02.cze;03.sty;02.kwi;02.sty;01.cze;02.maj;01.sie;0;01.sie;02.sty;0.25
F1;20.12.2003;Marseille;Toulouse;1;0;H;0;0;D;01.kwi;mar.75;07.maj;01.kwi;03.lip;7;sty.35;03.sie;07.maj;01.kwi;mar.75;7;;;;01.kwi;mar.75;07.maj;sty.33;4;8;sty.83;sty.83;01.wrz;sty.95;-1.25;02.maj;sty.85;-1.25
F1;20.12.2003;Nantes;Auxerre;1;0;H;1;0;H;2.375;3;lut.75;lut.35;3;02.lip;02.kwi;02.wrz;02.lip;lut.25;03.lut;lut.75;;;;02.mar;03.sty;02.sie;02.mar;03.sty;lut.75;02.sty;01.cze;01.sie;02.maj;0;sty.85;02.maj;0
F1;20.12.2003;Nice;Guingamp;2;0;H;1;0;H;1.615;03.lut;05.maj;sty.61;mar.25;5;sty.65;3;5;1.615;mar.25;5;;;;sty.61;mar.25;maj.25;sty.57;03.mar;05.maj;02.sty;01.cze;01.wrz;sty.95;-0.75;01.wrz;2;-0.75
F1;20.12.2003;Rennes;Monaco;1;0;H;0;0;D;mar.25;3;02.sty;mar.15;3;02.sty;03.mar;02.sie;02.sty;03.lut;03.lut;2;;;;03.kwi;03.sty;2;03.mar;03.sty;2;02.sty;01.cze;2;sty.85;0.25;01.sie;02.sty;0.5
F1;20.12.2003;Strasbourg;Montpellier;4;2;H;2;2;D;1.833;mar.25;mar.75;01.wrz;03.sty;03.cze;sty.75;03.sty;04.lut;01.sie;03.lut;4;;;;01.wrz;03.sty;mar.75;01.sie;03.sty;4;01.wrz;sty.75;01.wrz;sty.95;-0.5;sty.95;sty.95;-0.5
F1;09.01.2004;Monaco;Lyon;3;0;H;1;0;H;2;mar.25;03.kwi;2;03.lut;03.lut;2;02.wrz;03.kwi;sty.91;03.lut;03.maj;;;;sty.91;03.lut;03.cze;2;3;03.kwi;02.sty;sty.61;sty.77;02.maj;-0.25;1.825;2.075;-0.25
F1;10.01.2004;Ajaccio;Le Mans;2;0;H;1;0;H;01.wrz;03.lut;03.cze;sty.95;mar.25;mar.25;01.wrz;02.wrz;03.sie;sty.83;03.lut;mar.75;;;;sty.91;03.sty;mar.75;01.wrz;03.sty;03.cze;02.lut;sty.55;sty.95;sty.85;-0.5;2;01.wrz;-0.5
F1;10.01.2004;Auxerre;Marseille;2;0;H;2;0;H;02.sty;3;mar.25;02.sty;3;03.lut;02.sty;02.wrz;03.lut;2;03.lut;03.lut;;;;02.maj;03.sty;mar.25;2;03.sty;03.mar;2;sty.65;01.wrz;01.wrz;-0.25;01.wrz;2;-0.25
F1;10.01.2004;Guingamp;Strasbourg;3;2;H;2;2;D;lut.25;03.lut;02.sie;lut.25;3;lut.95;02.kwi;02.wrz;02.lip;lut.38;03.lut;02.cze;;;;lut.38;3;lut.75;02.mar;3;02.sie;02.sty;01.cze;2;01.sie;-0.25;02.maj;sty.85;-0.25
F1;10.01.2004;Lens;Nantes;0;0;D;0;0;D;2;mar.25;mar.25;02.sty;3;03.lut;02.lut;3;02.wrz;2;03.lut;03.lut;;;;02.sty;3;mar.25;01.wrz;03.sty;03.cze;2;sty.65;01.sie;2;-0.25;02.sty;01.sie;-0.5
F1;10.01.2004;Metz;Bastia;1;0;H;0;0;D;02.lut;3;03.sty;lut.25;3;lut.95;02.sty;02.wrz;03.lut;02.sty;03.lut;3;;;;lut.25;3;3;02.lut;lut.87;03.sty;02.mar;01.maj;2;01.sie;-0.25;2;01.wrz;-0.25
F1;10.01.2004;Montpellier;Bordeaux;1;2;A;0;1;A;lut.25;03.lut;02.sie;lut.25;3;02.wrz;02.maj;02.wrz;02.cze;02.sty;03.lut;3;;;;02.mar;3;lut.88;lut.25;3;lut.87;2;sty.65;02.maj;sty.77;-0.25;02.sty;01.sie;-0.25
F1;10.01.2004;Paris SG;Lille;1;0;H;1;0;H;01.maj;03.maj;6;01.maj;03.kwi;6;sty.45;03.cze;05.sie;sty.44;03.kwi;07.maj;;;;01.maj;03.maj;6;01.maj;03.mar;06.maj;sty.95;sty.71;02.sty;sty.74;-1;02.sty;01.sie;-1
F1;10.01.2004;Sochaux;Nice;0;0;D;0;0;D;01.sie;3;kwi.33;01.sie;03.sty;4;01.lip;3;04.cze;sty.73;03.lut;kwi.33;;;;sty.75;03.sty;04.maj;sty.72;03.sty;04.maj;sty.95;sty.71;01.sie;2;-0.5;1.825;2.075;-0.5
F1;10.01.2004;Toulouse;Rennes;2;0;H;1;0;H;02.mar;3;lut.87;lut.25;3;02.wrz;02.kwi;02.sie;02.sie;lut.38;03.lut;02.cze;;;;02.kwi;3;lut.75;lut.37;3;02.lip;02.lut;sty.55;02.maj;sty.77;-0.25;02.sty;01.sie;-0.25
F1;17.01.2004;Bastia;Monaco;0;0;D;0;0;D;mar.75;mar.25;sty.83;mar.65;03.maj;sty.95;03.mar;3;2;03.kwi;mar.25;sty.91;;;;mar.75;03.lut;sty.85;03.cze;03.sty;01.wrz;2;sty.71;01.wrz;sty.95;0.5;01.wrz;2;0.5
F1;17.01.2004;Bordeaux;Guingamp;2;0;H;1;0;H;sty.53;03.maj;05.maj;01.maj;mar.55;6;01.maj;03.maj;05.kwi;sty.62;mar.25;5;;;;sty.53;03.maj;05.maj;01.maj;03.kwi;6;2;sty.71;sty.95;01.wrz;-1;02.maj;sty.85;-1
F1;17.01.2004;Lille;Toulouse;0;1;A;0;1;A;sty.72;03.lut;04.maj;sty.75;03.lut;04.maj;sty.75;3;04.kwi;sty.73;03.lut;kwi.33;;;;sty.73;03.lut;04.maj;01.sie;03.sty;4;lut.15;01.cze;02.maj;01.sie;-0.75;02.sty;01.sie;-0.75
F1;17.01.2004;Lyon;Montpellier;3;0;H;2;0;H;01.kwi;mar.75;07.maj;01.kwi;03.sie;07.maj;01.kwi;03.lip;06.maj;01.kwi;mar.75;7;;;;sty.44;03.cze;7;sty.36;mar.75;8;sty.79;01.wrz;sty.85;2;-1.25;1.975;1.925;-1.25
F1;17.01.2004;Nantes;Ajaccio;4;0;H;2;0;H;sty.72;mar.25;kwi.33;01.lip;mar.35;04.maj;sty.65;03.lut;04.cze;sty.73;03.lut;kwi.33;;;;sty.73;mar.25;kwi.33;sty.66;03.mar;04.maj;lut.25;sty.55;sty.95;01.wrz;-0.75;02.maj;sty.85;-0.75
F1;17.01.2004;Nice;Le Mans;0;1;A;0;1;A;sty.57;03.lut;6;01.cze;03.kwi;maj.25;01.cze;03.sty;05.lut;sty.62;mar.25;5;;;;sty.57;03.kwi;05.maj;sty.61;03.sty;05.maj;lut.15;01.cze;01.sie;02.maj;-0.75;01.sie;02.sty;-0.75
F1;17.01.2004;Paris SG;Metz;0;0;D;0;0;D;sty.44;03.maj;7;sty.45;03.lip;06.maj;sty.45;03.cze;05.sie;sty.44;03.cze;06.maj;;;;sty.44;03.cze;7;sty.44;mar.25;8;2;sty.71;02.maj;01.sie;-1.25;02.sty;01.sie;-1.25
F1;17.01.2004;Rennes;Sochaux;4;0;H;1;0;H;lut.37;3;lut.75;lut.45;3;02.lip;02.mar;02.sie;02.wrz;lut.38;03.lut;02.cze;;;;lut.38;lut.88;lut.88;lut.25;3;02.wrz;02.maj;sty.65;sty.85;2;0;sty.85;02.maj;0
F1;17.01.2004;Strasbourg;Auxerre;0;2;A;0;1;A;02.maj;3;lut.62;02.maj;3;lut.65;02.maj;02.wrz;02.cze;02.maj;03.lut;02.maj;;;;02.kwi;3;lut.75;lut.37;3;02.lip;sty.95;sty.75;sty.95;01.wrz;0;1.975;1.925;0
F1;18.01.2004;Marseille;Lens;3;2;H;1;1;D;sty.66;03.kwi;04.maj;01.lip;mar.25;kwi.65;sty.65;03.lut;04.cze;sty.67;03.kwi;kwi.33;;;;sty.75;03.lut;kwi.33;sty.61;03.mar;5;sty.95;sty.75;01.wrz;sty.95;-0.75;1.875;2.025;-0.75
F1;21.01.2004;Monaco;Nice;1;1;D;1;0;H;01.maj;mar.25;7;01.maj;mar.25;lip.25;sty.55;03.mar;05.lut;1.444;03.cze;06.maj;;;;01.maj;mar.25;7;sty.44;03.maj;7;2;sty.65;01.wrz;01.wrz;-1;1.845;02.maj;-1
F1;21.01.2004;Montpellier;Sochaux;1;3;A;1;3;A;02.cze;lut.87;02.cze;02.cze;02.wrz;02.cze;02.cze;02.sie;02.cze;02.maj;mar.25;02.kwi;;;;02.cze;lut.88;02.cze;02.maj;02.wrz;lut.62;2;sty.65;01.wrz;01.wrz;0;2;01.wrz;0
F1;27.01.2004;Metz;Marseille;1;1;D;0;0;D;lut.75;3;lut.37;lut.55;03.sty;lut.45;02.lip;02.wrz;02.kwi;02.kwi;mar.25;02.maj;;;;02.lip;03.sty;lut.38;lut.62;03.sty;lut.37;lut.25;sty.55;sty.95;01.wrz;0;sty.95;sty.95;0
F1;28.01.2004;Lyon;Bordeaux;3;0;H;0;0;D;sty.72;3;5;01.lip;03.mar;kwi.35;01.lip;03.sty;04.kwi;1.667;mar.25;04.maj;;;;01.lip;mar.25;04.maj;sty.66;03.mar;04.maj;02.maj;sty.65;01.wrz;sty.95;-0.75;01.wrz;2;-0.75
F1;30.01.2004;Monaco;Paris SG;1;1;D;1;1;D;1.833;03.lut;04.maj;sty.85;03.sty;4;sty.85;3;03.sie;1.833;03.lut;mar.75;;;;01.sie;03.sty;04.lut;sty.83;3;4;02.sty;01.cze;01.wrz;sty.95;-0.5;1.925;1.975;-0.5
F1;31.01.2004;Ajaccio;Nice;1;1;D;1;0;H;2.375;3;lut.75;lut.35;lut.85;3;02.mar;02.sie;02.wrz;02.lut;3;3;;;;lut.37;lut.87;lut.87;02.mar;02.wrz;02.wrz;02.mar;01.maj;02.sty;sty.77;-0.25;2.125;1.775;-0.25
F1;31.01.2004;Auxerre;Bordeaux;5;0;H;4;0;H;1.833;03.sty;4;sty.85;03.sty;4;sty.75;03.sty;04.lut;01.sie;03.lut;4;;;;01.sie;03.sty;04.lut;sty.83;3;4;02.sty;01.cze;sty.85;2;-0.5;sty.85;02.maj;-0.5
F1;31.01.2004;Guingamp;Rennes;0;2;A;0;0;D;02.mar;3;2.875;02.mar;3;02.wrz;02.sty;02.sie;03.mar;02.lut;3;3;;;;lut.37;lut.87;lut.87;lut.25;3;02.wrz;02.mar;01.maj;02.sty;sty.77;-0.25;02.sty;01.sie;-0.25
F1;31.01.2004;Le Mans;Nantes;0;1;A;0;1;A;02.maj;3;2.625;02.maj;3;lut.65;02.maj;02.wrz;02.cze;02.kwi;mar.25;02.maj;;;;02.maj;3;lut.62;lut.37;3;02.lip;02.lut;sty.55;01.sie;02.maj;0;01.sie;02.sty;0
F1;31.01.2004;Lens;Strasbourg;2;1;H;0;0;D;1.909;03.lut;03.cze;2;03.sty;mar.45;01.wrz;3;03.cze;2;03.lut;03.lut;;;;02.maj;3;03.kwi;01.wrz;3;mar.75;2;sty.65;02.maj;01.sie;-0.5;2.025;1.875;-0.5
F1;31.01.2004;Metz;Lille;0;1;A;0;1;A;2;03.sty;03.kwi;02.maj;03.sty;03.mar;2;02.sie;03.maj;02.sty;3;03.lut;;;;02.sty;3;mar.25;01.wrz;03.lut;03.maj;02.lut;sty.55;02.sty;sty.77;-0.5;02.maj;sty.85;-0.5
F1;31.01.2004;Montpellier;Bastia;1;1;D;1;0;H;2;03.sty;03.kwi;02.sty;3;mar.35;01.wrz;3;03.cze;lut.25;03.lut;lut.75;;;;02.sty;03.sty;03.lut;2;3;03.kwi;2;sty.65;sty.85;2;-0.25;1.825;2.075;-0.25
F1;31.01.2004;Sochaux;Marseille;2;1;H;1;1;D;02.lut;03.sty;3;02.sty;03.sty;03.lut;01.wrz;3;03.cze;2;03.lut;03.lut;;;;02.lut;03.sty;3;02.sty;3;03.lut;sty.95;sty.71;01.wrz;sty.95;-0.25;sty.85;02.maj;-0.25
F1;31.01.2004;Toulouse;Lyon;0;1;A;0;0;D;03.cze;03.lut;1.909;mar.55;mar.15;sty.95;03.cze;3;01.wrz;03.maj;03.lut;1.909;;;;03.cze;03.lut;01.wrz;03.cze;03.sty;01.wrz;sty.95;sty.71;01.wrz;sty.95;0.5;01.wrz;2;0.5
F1;04.02.2004;Montpellier;Marseille;0;1;A;0;0;D;02.sie;03.sty;02.mar;02.lip;03.sty;lut.37;02.sie;02.wrz;02.mar;02.cze;03.lut;lut.38;;;;lut.62;03.sty;02.kwi;02.lip;3;lut.37;2;sty.65;02.maj;01.sie;0;02.maj;sty.85;0
F1;06.02.2004;Bordeaux;Nantes;2;0;H;2;0;H;02.sty;3;mar.25;02.maj;mar.15;mar.25;02.sty;02.wrz;03.lut;2;03.lut;03.lut;;;;2;03.sty;03.kwi;01.wrz;03.sty;03.cze;02.sty;01.cze;01.sie;02.maj;-0.25;1.825;2.075;-0.25
F1;07.02.2004;Bastia;Toulouse;1;0;H;1;0;H;01.sie;3;4.333;01.sie;03.lut;04.sty;sty.85;3;03.sie;1.727;03.lut;4.333;;;;sty.83;3;04.lut;sty.83;3;4;02.sty;01.cze;sty.85;2;-0.5;01.wrz;2;-0.5
F1;07.02.2004;Lille;Sochaux;2;0;H;1;0;H;2.625;3;02.maj;02.cze;03.maj;02.maj;02.cze;02.sie;02.cze;02.cze;03.lut;2.375;;;;02.cze;lut.87;02.cze;02.maj;03.sty;02.maj;02.sty;01.cze;02.lut;sty.83;0;2.125;1.775;0
F1;07.02.2004;Lyon;Guingamp;0;1;A;0;0;D;1.286;04.maj;08.maj;sty.27;04.lip;08.sie;sty.27;04.lut;9;sty.25;04.maj;10;;;;sty.28;04.maj;08.maj;sty.25;04.maj;10;sty.75;01.wrz;02.maj;01.sie;-1.5;2;01.wrz;-1.5
F1;07.02.2004;Marseille;Ajaccio;2;1;H;1;0;H;1.533;03.kwi;6;01.maj;03.kwi;6;sty.45;03.cze;05.sie;01.maj;03.kwi;6;;;;sty.53;03.maj;05.maj;sty.44;03.cze;06.maj;2;sty.65;sty.95;01.wrz;-1;2;01.wrz;-1
F1;07.02.2004;Metz;Monaco;0;2;A;0;1;A;03.maj;3;2;mar.45;03.lut;sty.95;03.mar;3;2;03.lut;03.lut;2;;;;03.cze;03.lut;01.wrz;03.cze;03.sty;01.wrz;2;sty.65;sty.85;2;0.5;1.875;2.025;0.5
F1;07.02.2004;Nice;Lens;4;0;H;3;0;H;1.909;3;03.sie;01.sie;3;04.kwi;01.wrz;3;03.cze;1.909;3;mar.75;;;;sty.83;03.sty;4;01.wrz;3;mar.75;02.sty;01.cze;02.maj;01.sie;-0.5;02.sty;01.sie;-0.5
F1;07.02.2004;Paris SG;Montpellier;6;1;H;2;0;H;1.444;mar.75;06.maj;01.kwi;03.sie;07.kwi;01.kwi;03.lip;06.maj;1.364;mar.75;8;;;;01.kwi;mar.75;07.maj;01.kwi;03.cze;07.maj;sty.83;sty.83;02.maj;01.sie;-1.25;sty.85;02.maj;-1
F1;07.02.2004;Rennes;Auxerre;0;2;A;0;1;A;02.maj;3;2.625;02.kwi;03.maj;02.lip;02.maj;3;02.maj;02.kwi;mar.25;02.maj;;;;02.maj;3;02.cze;lut.37;3;02.lip;02.lut;sty.55;sty.83;02.lut;0;1.925;1.975;0
F1;07.02.2004;Strasbourg;Le Mans;3;0;H;0;0;D;1.833;mar.25;mar.75;01.sie;mar.25;4;01.sie;03.sty;03.sie;01.sie;mar.25;mar.75;;;;sty.83;03.sty;4;sty.66;03.sty;5;2;sty.65;sty.95;01.wrz;-0.5;;;
F1;14.02.2004;Ajaccio;Strasbourg;0;0;D;0;0;D;02.sty;mar.25;3;02.sty;03.sty;03.lut;02.sty;02.sie;03.mar;2;03.lut;03.lut;;;;02.sty;3;mar.25;2;03.sty;03.mar;02.maj;sty.65;sty.85;2;-0.25;2.125;1.775;-0.5
F1;14.02.2004;Guingamp;Bastia;1;0;H;1;0;H;2;03.lut;03.lut;2;03.sty;mar.45;01.wrz;3;03.cze;2;03.lut;03.lut;;;;2;3;03.maj;02.sty;3;03.lut;lut.25;sty.55;sty.75;02.sty;-0.25;02.sty;01.sie;-0.5
F1;14.02.2004;Le Mans;Marseille;0;0;D;0;0;D;02.sie;mar.25;02.lut;03.lut;03.sty;02.sty;3;02.wrz;02.lut;lut.75;03.lut;lut.25;;;;3;03.sty;02.lut;lut.75;03.sty;02.mar;lut.25;sty.55;02.maj;01.sie;0.25;1.775;2.125;0.5
F1;14.02.2004;Lens;Rennes;2;1;H;1;0;H;1.833;mar.25;mar.75;01.sie;03.lut;04.sty;sty.85;3;03.sie;1.909;03.lut;03.maj;;;;01.sie;03.sty;04.lut;01.wrz;03.sty;03.cze;lut.25;sty.55;02.maj;01.sie;-0.75;2.125;1.775;-0.75
F1;14.02.2004;Monaco;Lille;0;1;A;0;0;D;01.kwi;mar.75;07.maj;01.kwi;03.sie;07.maj;01.mar;4;08.maj;01.kwi;mar.75;7;;;;01.kwi;mar.75;07.maj;01.kwi;03.cze;07.maj;2;sty.71;01.wrz;sty.95;-1.25;2.025;1.875;-1.25
F1;14.02.2004;Montpellier;Metz;0;1;A;0;1;A;02.sty;mar.25;3;02.maj;03.sty;03.mar;02.sty;02.wrz;03.lut;2;03.lut;03.lut;;;;02.sty;3;mar.25;2;03.sty;03.mar;lut.25;sty.55;01.sie;02.maj;-0.25;sty.85;02.maj;-0.25
F1;14.02.2004;Nantes;Nice;3;1;H;2;1;H;1.909;mar.25;03.maj;01.wrz;03.sty;03.sie;01.wrz;02.lip;04.lut;01.sie;3;4.333;;;;01.wrz;03.sty;mar.75;01.wrz;3;mar.75;lut.35;01.maj;02.maj;01.sie;-0.75;01.wrz;2;-0.5
F1;14.02.2004;Sochaux;Bordeaux;1;1;D;0;0;D;1.833;mar.25;mar.75;01.sie;03.lut;04.sty;01.sie;3;4;01.sie;03.lut;4;;;;sty.75;03.lut;kwi.33;01.sie;03.sty;4;02.maj;sty.65;02.maj;01.sie;-0.75;2.125;1.775;-0.75
F1;14.02.2004;Toulouse;Paris SG;0;1;A;0;1;A;mar.25;mar.25;2;mar.45;03.sty;2;03.sie;02.wrz;01.wrz;03.lut;03.lut;2;;;;mar.75;03.sty;01.wrz;03.kwi;3;2;lut.25;sty.55;02.sty;sty.75;0.25;01.sie;02.sty;0.5
F1;15.02.2004;Auxerre;Lyon;1;2;A;0;1;A;02.sty;mar.25;3;02.sty;3;03.mar;02.sty;02.wrz;03.lut;02.sty;3;03.lut;;;;02.sty;3;mar.25;02.sty;03.sty;03.sty;2;sty.71;01.sie;02.maj;-0.25;1.775;2.125;-0.25
F1;20.02.2004;Monaco;Montpellier;4;0;H;0;0;D;01.mar;04.maj;8;sty.33;kwi.25;8;sty.33;03.sie;8;1.333;4.333;7;;;;sty.28;04.maj;08.maj;sty.28;04.maj;8;sty.85;sty.79;sty.95;01.wrz;-1.5;02.maj;sty.85;-1.5
F1;21.02.2004;Bastia;Auxerre;0;0;D;0;0;D;02.cze;03.lut;02.kwi;02.lip;3;02.kwi;02.lip;3;02.mar;02.cze;03.lut;2.375;;;;lut.75;lut.87;02.maj;lut.75;03.lut;lut.25;02.sty;01.cze;01.sie;02.maj;0.25;01.sie;02.sty;0.25
F1;21.02.2004;Bordeaux;Lens;0;0;D;0;0;D;1.727;mar.25;4.333;sty.75;03.sty;04.maj;01.lip;03.lut;04.lut;01.sie;mar.25;mar.75;;;;01.sie;03.sty;04.lut;sty.66;03.mar;04.maj;2;sty.65;02.maj;01.sie;-0.75;2.125;1.775;-0.75
F1;21.02.2004;Lille;Nice;1;2;A;0;1;A;02.sty;3;mar.25;02.maj;02.sie;03.lip;02.sty;02.lip;03.maj;02.sty;3;03.lut;;;;02.sty;3;mar.25;01.wrz;lut.87;4;02.lut;sty.55;02.maj;sty.59;-0.5;02.sty;01.sie;-0.5
F1;21.02.2004;Lyon;Le Mans;2;0;H;1;0;H;01.mar;04.maj;8;sty.33;kwi.25;8;sty.33;03.sie;8;1.286;4.333;9;;;;sty.28;04.maj;08.maj;01.mar;04.lut;08.maj;sty.83;sty.83;sty.33;lut.78;-0.5;1.825;2.075;-1.25
F1;21.02.2004;Metz;Toulouse;0;2;A;0;1;A;01.sie;mar.25;4;sty.85;03.sty;mar.95;01.wrz;3;03.cze;2;3;03.kwi;;;;sty.85;03.sty;4;01.wrz;03.lut;03.maj;02.lut;sty.55;sty.85;sty.74;-0.5;02.maj;sty.85;-0.5
F1;21.02.2004;Paris SG;Guingamp;2;0;H;1;0;H;1.364;4;07.maj;sty.37;4;07.maj;01.kwi;03.lip;06.maj;1.333;4.333;7;;;;sty.33;4;08.maj;sty.36;mar.75;8;01.wrz;sty.75;01.wrz;sty.95;-1.25;sty.95;sty.95;-1.25
F1;21.02.2004;Rennes;Ajaccio;4;1;H;0;1;A;1.727;mar.25;4.333;01.lip;mar.15;kwi.75;sty.75;03.sty;04.lut;01.sie;mar.25;mar.75;;;;sty.75;03.sty;04.maj;01.sie;03.mar;mar.75;02.sty;01.cze;02.maj;01.sie;-0.75;02.sty;01.sie;-0.75
F1;21.02.2004;Strasbourg;Sochaux;0;2;A;0;2;A;02.kwi;03.lut;02.cze;02.maj;3;02.cze;02.mar;02.wrz;02.sie;02.kwi;mar.25;02.maj;;;;02.maj;3;lut.62;02.kwi;03.sty;02.cze;sty.95;sty.71;01.wrz;sty.95;0;01.wrz;2;0
F1;22.02.2004;Marseille;Nantes;1;1;D;1;1;D;01.sie;mar.25;4;01.wrz;03.sty;03.sie;sty.85;03.sty;03.cze;01.sie;mar.25;mar.75;;;;01.sie;03.lut;4;01.sie;03.sty;4;2;sty.65;01.wrz;sty.71;-0.5;2.025;1.875;-0.5
F1;28.02.2004;Le Mans;Rennes;2;2;D;1;1;D;2.375;03.lut;2.625;lut.35;03.sty;lut.75;02.lut;02.wrz;3;2.375;3;lut.75;;;;lut.37;3;02.sie;02.mar;03.sty;lut.75;02.lut;sty.55;01.sie;02.maj;0;sty.85;02.maj;0
F1;28.02.2004;Lens;Lyon;1;1;D;0;1;A;2.625;3;02.maj;02.cze;3;02.maj;02.kwi;3;02.cze;2.625;2.875;02.maj;;;;02.maj;3;02.cze;lut.62;03.sty;lut.37;02.sty;01.cze;sty.95;01.wrz;0;02.sty;01.sie;0
F1;28.02.2004;Montpellier;Lille;0;2;A;0;1;A;02.maj;03.lut;02.maj;lut.45;3;02.lip;02.kwi;02.wrz;02.lip;02.maj;03.lut;02.maj;;;;02.maj;3;02.cze;02.maj;03.sty;02.maj;2;sty.65;01.wrz;sty.95;0;01.wrz;2;0
F1;28.02.2004;Nantes;Strasbourg;1;1;D;1;0;H;1.667;03.kwi;04.maj;sty.65;mar.25;5;01.cze;03.mar;04.sie;1.667;mar.25;04.maj;;;;sty.66;03.lut;5;sty.61;03.mar;5;02.sty;01.cze;01.wrz;sty.95;-0.75;sty.95;sty.95;-0.75
F1;28.02.2004;Toulouse;Monaco;1;1;D;0;0;D;4;mar.25;01.sie;mar.85;03.lut;sty.85;03.cze;03.sty;sty.85;mar.75;mar.25;01.sie;;;;4;03.lut;01.sie;mar.75;03.lut;sty.83;02.sty;01.cze;sty.75;sty.85;0.5;1.975;1.925;0.5
F1;29.02.2004;Ajaccio;Bordeaux;1;0;H;1;0;H;02.maj;03.lut;02.maj;02.maj;3;02.cze;02.lip;02.wrz;02.kwi;02.maj;03.lut;02.maj;;;;02.maj;3;02.cze;02.maj;03.sty;02.maj;02.sty;01.cze;sty.85;2;0;sty.95;sty.95;0
F1;29.02.2004;Auxerre;Paris SG;1;1;D;1;0;H;lut.25;3;3;02.mar;3;02.wrz;02.mar;02.wrz;02.sie;lut.25;03.lut;lut.75;;;;lut.25;3;3;02.mar;03.sty;lut.75;02.lut;sty.55;02.maj;01.sie;-0.25;2;01.wrz;-0.25
F1;29.02.2004;Nice;Marseille;0;0;D;0;0;D;lut.25;3;3;02.mar;3;02.wrz;02.mar;02.sie;02.wrz;lut.25;3;2.875;;;;02.lut;3;03.sty;02.lut;03.sty;lut.87;02.lut;sty.55;2;sty.85;-0.25;02.sty;01.sie;-0.25
F1;29.02.2004;Sochaux;Bastia;2;1;H;1;0;H;01.maj;03.maj;6;sty.52;03.maj;05.wrz;01.cze;03.mar;04.sie;1.571;mar.25;05.maj;;;;sty.53;03.kwi;6;01.maj;03.kwi;6;02.sty;01.cze;02.maj;01.sie;-1;02.sty;01.sie;-1
F1;05.03.2004;Lyon;Ajaccio;4;0;H;1;0;H;1.333;4.333;07.maj;sty.35;4;08.maj;sty.33;4;07.maj;01.mar;4.333;8;sty.33;kwi.33;07.maj;sty.36;4;07.maj;01.mar;04.lut;08.maj;sty.79;sty.85;sty.35;lut.72;-0.5;1.925;1.975;-1.25
F1;05.03.2004;Monaco;Guingamp;3;1;H;2;1;H;01.mar;4.333;08.maj;sty.35;4;08.maj;sty.35;4;7;01.mar;4.333;8;sty.33;04.lut;8;sty.33;04.lut;8;01.mar;04.lut;08.maj;sty.95;sty.71;sty.35;lut.72;-0.5;02.maj;sty.85;-1.25
F1;06.03.2004;Bordeaux;Le Mans;2;0;H;1;0;H;1.444;03.cze;7;01.maj;mar.65;6;sty.55;03.mar;05.lut;01.maj;03.kwi;6;01.maj;03.maj;6;01.maj;03.maj;6;01.maj;03.mar;06.maj;02.sty;01.cze;01.maj;lut.27;-0.5;01.wrz;2;-1
F1;06.03.2004;Lille;Auxerre;1;0;H;0;0;D;02.maj;3;02.cze;02.cze;3;lut.55;02.cze;02.sie;02.cze;02.maj;2.875;2.625;02.maj;3;lut.62;02.maj;3;lut.62;02.maj;02.wrz;lut.62;02.sty;01.cze;01.wrz;sty.95;0;2;01.wrz;0
F1;06.03.2004;Metz;Lens;0;2;A;0;1;A;02.kwi;03.sty;2.625;lut.45;03.sty;lut.65;02.maj;02.wrz;02.cze;2.375;03.lut;02.cze;02.kwi;3;lut.75;02.kwi;3;lut.75;lut.37;3;02.lip;02.mar;01.maj;01.sie;02.maj;0;01.wrz;2;0
F1;06.03.2004;Montpellier;Toulouse;0;1;A;0;1;A;02.mar;03.sty;02.sie;lut.32;03.sty;02.sie;02.lut;3;02.wrz;lut.25;3;2.875;02.mar;3;lut.88;02.mar;3;lut.87;lut.25;3;lut.87;02.lut;sty.55;sty.95;01.wrz;-0.25;2;01.wrz;-0.25
F1;06.03.2004;Paris SG;Sochaux;1;1;D;0;0;D;1.833;03.sty;4;sty.83;03.sty;kwi.25;sty.75;03.sty;04.lut;1.727;03.lut;4.333;sty.83;03.sty;4;sty.83;03.sty;4;01.sie;03.sty;4;02.sty;01.cze;sty.83;sty.83;-0.5;01.wrz;2;-0.5
F1;06.03.2004;Rennes;Nantes;0;3;A;0;0;D;lut.25;3;3;02.mar;3;lut.95;02.mar;02.wrz;02.sie;lut.25;3;2.875;lut.25;3;3;lut.25;3;3;02.lut;lut.87;03.sty;02.lut;01.maj;02.mar;sty.49;-0.5;2.075;1.825;-0.25
F1;06.03.2004;Strasbourg;Nice;2;2;D;0;2;A;lut.25;3;3;02.mar;02.wrz;03.maj;02.lut;02.lip;03.lut;02.lut;3;3;lut.25;3;3;lut.25;3;3;lut.25;lut.87;3;02.lut;sty.55;02.maj;01.sie;-0.25;02.maj;01.sie;-0.25
F1;07.03.2004;Bastia;Marseille;4;1;H;2;0;H;02.maj;3;02.cze;lut.55;lut.95;lut.65;02.cze;02.sie;02.cze;;;;02.cze;lut.88;02.cze;02.cze;lut.87;02.cze;lut.62;02.wrz;02.maj;02.mar;01.maj;01.wrz;sty.95;0;1.975;1.925;0
F1;13.03.2004;Ajaccio;Lille;0;3;A;0;1;A;02.mar;03.lut;02.lip;02.mar;03.sty;02.sie;02.kwi;02.sie;02.sie;lut.25;3;2.875;lut.38;03.sty;02.lip;lut.37;03.sty;02.lip;lut.37;3;02.lip;02.lut;sty.55;02.maj;sty.85;-0.25;02.maj;sty.85;-0.25
F1;13.03.2004;Guingamp;Montpellier;4;3;H;1;2;A;01.sie;mar.25;4;sty.75;03.lut;04.kwi;sty.75;03.sty;04.lut;1.727;03.lut;4.333;01.sie;03.lut;4;01.sie;03.lut;4;sty.72;03.sty;04.maj;2;sty.65;02.maj;sty.85;-0.75;02.maj;sty.85;-0.75
F1;13.03.2004;Le Mans;Paris SG;0;1;A;0;0;D;03.maj;3;2;03.sie;03.sty;01.wrz;03.sie;03.sty;01.sie;03.maj;03.lut;1.909;03.cze;03.lut;sty.91;03.cze;03.lut;01.wrz;mar.75;3;01.wrz;02.mar;01.maj;sty.71;01.wrz;0.5;1.875;1.975;0.5
F1;13.03.2004;Lens;Bastia;0;0;D;0;0;D;1.727;mar.25;4.333;sty.75;03.lut;04.kwi;sty.55;03.kwi;5;1.667;mar.25;04.maj;sty.73;mar.25;kwi.33;sty.72;mar.25;kwi.33;sty.72;03.sty;04.maj;2;sty.65;2;sty.85;-0.75;1.975;1.925;-0.75
F1;13.03.2004;Nantes;Metz;2;2;D;2;0;H;1.571;03.kwi;05.maj;01.cze;03.mar;05.maj;01.cze;03.mar;04.sie;1.615;mar.25;5;sty.57;03.kwi;05.maj;sty.57;03.kwi;05.maj;sty.53;03.kwi;05.maj;02.lut;sty.55;sty.85;2;-0.75;sty.85;02.maj;-0.75
F1;13.03.2004;Nice;Rennes;3;1;H;1;0;H;1.727;mar.25;4.333;sty.75;03.sty;kwi.55;sty.75;3;04.kwi;01.sie;3;4.333;sty.75;mar.25;04.lut;sty.75;mar.25;04.lut;sty.72;03.lut;kwi.33;02.lut;sty.55;02.sty;sty.77;-0.75;01.sie;02.sty;-0.5
F1;13.03.2004;Sochaux;Lyon;1;2;A;1;1;D;2.375;3;lut.75;lut.35;03.maj;02.sie;02.kwi;02.wrz;02.lip;2.375;3;lut.75;lut.38;03.sty;02.lip;lut.37;03.sty;02.lip;02.mar;3;02.sie;sty.95;sty.71;02.maj;01.sie;-0.25;sty.85;02.maj;0
F1;14.03.2004;Auxerre;Monaco;0;0;D;0;0;D;02.maj;03.lut;02.maj;02.maj;03.maj;02.cze;02.maj;02.wrz;02.cze;2.375;03.lut;02.cze;02.maj;3;02.cze;02.maj;3;02.cze;lut.37;3;02.lip;2;sty.65;02.maj;01.kwi;-0.5;01.wrz;2;0
F1;14.03.2004;Marseille;Strasbourg;4;0;H;2;0;H;1.667;03.lut;5;sty.65;03.lut;maj.25;01.lip;03.sty;04.kwi;1.667;mar.25;04.maj;sty.62;03.kwi;5;sty.61;03.kwi;5;sty.57;03.mar;05.maj;sty.95;sty.71;2;sty.85;-0.75;1.975;1.925;-0.75
F1;14.03.2004;Toulouse;Bordeaux;1;0;H;0;0;D;02.kwi;03.lut;02.cze;lut.45;3;02.lip;02.cze;02.sie;02.cze;02.maj;2.875;2.625;02.maj;3;02.cze;02.maj;3;02.cze;lut.37;3;02.lip;02.lut;sty.55;lut.35;sty.44;-0.5;01.wrz;2;0
F1;19.03.2004;Toulouse;Guingamp;0;0;D;0;0;D;2;3;03.maj;2;3;03.kwi;2;02.wrz;03.kwi;1.909;3;mar.75;02.maj;03.sty;03.mar;02.maj;03.sty;03.mar;sty.83;03.lut;mar.75;02.lut;sty.55;2;sty.59;-0.5;2.125;1.775;-0.5
F1;20.03.2004;Bastia;Le Mans;0;0;D;0;0;D;1.667;03.lut;5;sty.62;03.kwi;kwi.75;01.cze;03.mar;04.sie;1.667;mar.25;04.maj;sty.62;03.kwi;5;sty.61;03.kwi;5;sty.61;03.mar;5;02.lut;sty.55;sty.95;01.wrz;-0.75;2;01.wrz;-0.75
F1;20.03.2004;Bordeaux;Nice;1;1;D;1;1;D;2;3;03.maj;2;3;03.kwi;2;02.wrz;03.kwi;1.833;3;4;2;3;03.maj;2;3;03.maj;01.wrz;lut.87;4;02.lut;sty.55;2;sty.59;-0.5;02.sty;01.sie;-0.5
F1;20.03.2004;Lille;Lens;1;1;D;1;1;D;2;3;03.maj;2;3;03.kwi;02.sty;02.wrz;03.lut;2;3;03.kwi;02.maj;3;03.kwi;02.maj;3;03.kwi;2;3;03.kwi;02.lut;sty.55;2;sty.59;-0.5;2.125;1.775;-0.5
F1;20.03.2004;Lyon;Nantes;1;0;H;1;0;H;1.615;03.kwi;5;sty.62;mar.25;5;sty.55;03.kwi;5;1.615;mar.25;5;sty.62;03.kwi;5;sty.61;03.kwi;5;sty.61;03.mar;5;sty.95;sty.71;sty.95;01.wrz;-0.75;2.025;1.875;-0.75
F1;20.03.2004;Metz;Strasbourg;1;0;H;1;0;H;lut.25;3;3;02.mar;02.wrz;02.wrz;02.mar;02.wrz;02.sie;lut.25;3;2.875;lut.25;3;3;lut.25;3;3;02.sty;3;03.lut;02.sty;01.cze;02.maj;01.sie;-0.25;2.075;1.825;-0.25
F1;20.03.2004;Monaco;Sochaux;1;1;D;0;0;D;1.667;03.kwi;04.maj;sty.65;mar.25;kwi.75;01.lip;03.sty;04.kwi;1.727;03.lut;4.333;sty.62;03.kwi;5;sty.61;03.kwi;5;sty.72;03.lut;kwi.33;sty.95;sty.71;02.sty;sty.77;-0.75;2.125;1.775;-0.75
F1;20.03.2004;Montpellier;Auxerre;1;0;H;0;0;D;3;mar.25;02.sty;03.sty;3;lut.15;03.sty;3;02.sty;03.kwi;3;2;03.lut;03.sty;02.sty;03.lut;03.sty;02.sty;03.lut;3;02.sty;02.sty;01.cze;01.wrz;sty.95;0.25;2;01.wrz;0.25
F1;20.03.2004;Paris SG;Ajaccio;1;0;H;0;0;D;1.333;4;08.maj;01.mar;04.maj;07.maj;01.mar;4;08.maj;01.mar;4;9;sty.33;4;08.maj;sty.33;4;08.maj;sty.33;4;8;sty.85;sty.79;01.sie;02.maj;-1.25;01.sie;02.sty;-1.25
F1;21.03.2004;Rennes;Marseille;4;3;H;2;2;D;02.kwi;03.lut;02.cze;02.kwi;02.wrz;lut.75;02.kwi;02.wrz;02.lip;02.maj;2.875;2.625;02.kwi;3;lut.75;02.kwi;3;lut.75;lut.37;3;02.lip;2;sty.65;02.sty;sty.77;-0.25;sty.85;02.maj;0
F1;27.03.2004;Ajaccio;Bastia;1;0;H;1;0;H;lut.25;3;3;lut.25;03.sty;02.wrz;02.mar;02.sie;02.wrz;02.lut;3;3;lut.25;3;3;lut.25;3;3;02.lut;lut.87;03.sty;02.lut;sty.55;2;sty.85;-0.25;1.775;2.125;0
F1;27.03.2004;Guingamp;Lille;2;1;H;2;1;H;2.375;03.lut;2.625;02.kwi;mar.15;lut.65;02.lut;3;02.wrz;2.375;03.lut;02.cze;lut.38;03.sty;02.lip;lut.37;03.sty;02.lip;02.kwi;03.sty;02.cze;2;sty.65;sty.85;2;0;01.wrz;2;-0.25
F1;27.03.2004;Le Mans;Monaco;0;1;A;0;0;D;4;mar.25;01.sie;04.sty;03.lut;01.sie;03.sie;03.sty;01.sie;03.cze;03.kwi;01.sie;4;03.lut;01.sie;4;03.lut;01.sie;kwi.33;03.lut;sty.72;02.sty;01.cze;01.sie;01.sie;0.5;02.sty;01.sie;0.5
F1;27.03.2004;Nantes;Montpellier;3;2;H;1;1;D;1.533;03.kwi;6;01.maj;03.cze;6;01.cze;03.lut;5;01.maj;03.kwi;6;01.maj;03.maj;6;01.maj;03.maj;6;sty.44;03.cze;06.maj;sty.95;sty.71;sty.85;2;-1;02.maj;sty.85;-1
F1;27.03.2004;Nice;Lyon;0;1;A;0;1;A;lut.75;3;2.375;lut.65;3;02.maj;02.wrz;02.sie;02.mar;3;3;02.lut;02.cze;3;02.maj;02.cze;3;02.maj;lut.62;02.wrz;02.maj;02.sty;01.cze;2;sty.85;0;2.075;1.825;0
F1;27.03.2004;Sochaux;Metz;2;0;H;0;0;D;1.533;03.kwi;05.maj;sty.55;03.maj;05.maj;01.cze;03.lut;5;1.571;mar.25;05.maj;sty.53;03.maj;05.maj;sty.53;03.maj;05.maj;sty.53;03.kwi;05.maj;02.sty;01.cze;01.sie;02.maj;-0.75;02.sty;01.sie;-1
F1;27.03.2004;Strasbourg;Rennes;0;3;A;0;0;D;02.sty;3;mar.25;sty.95;03.sty;mar.65;01.wrz;02.wrz;03.sie;1.909;03.lut;03.maj;2;3;03.maj;2;3;03.maj;01.wrz;03.sty;03.cze;sty.95;sty.71;sty.95;sty.68;-0.5;02.sty;01.sie;-0.5
F1;28.03.2004;Auxerre;Toulouse;3;2;H;2;1;H;1.615;03.kwi;5;01.cze;03.kwi;05.lut;sty.55;03.mar;05.lut;1.615;mar.25;5;sty.62;03.kwi;5;sty.61;03.kwi;5;sty.61;03.sty;05.maj;02.sty;01.cze;01.wrz;sty.95;-0.75;01.sie;02.sty;-0.5
F1;28.03.2004;Lens;Paris SG;1;0;H;1;0;H;2.625;3;02.maj;lut.65;lut.95;lut.55;02.cze;02.sie;02.cze;2.625;2.875;02.maj;02.cze;lut.88;02.cze;02.cze;lut.87;02.cze;lut.75;02.wrz;02.kwi;02.lut;sty.55;02.maj;01.sie;0;lut.15;sty.75;0
F1;28.03.2004;Marseille;Bordeaux;1;1;D;0;1;A;1.727;mar.25;4.333;sty.75;mar.25;04.mar;sty.75;03.lut;4;1.727;03.kwi;4;sty.75;03.lut;kwi.33;sty.75;03.lut;kwi.33;sty.72;03.sty;04.maj;2;sty.65;2;sty.85;-0.75;2;01.wrz;-0.75
F1;02.04.2004;Monaco;Ajaccio;3;3;D;0;3;A;1.286;04.maj;08.maj;sty.25;04.sie;09.maj;sty.25;04.maj;9;sty.25;04.maj;10;sty.29;kwi.33;9;sty.25;04.maj;10;sty.22;5;09.maj;sty.65;2;01.wrz;sty.95;-1.5;2;01.wrz;-1.5
F1;03.04.2004;Bastia;Nice;2;1;H;2;1;H;lut.25;3;3;lut.25;02.sie;03.lut;02.lut;02.sie;03.sty;02.lut;3;3;lut.25;lut.88;03.sty;lut.25;lut.87;03.sty;lut.25;02.sie;03.sty;02.lut;sty.55;02.maj;01.sie;-0.25;02.sty;01.sie;-0.25
F1;03.04.2004;Bordeaux;Strasbourg;1;1;D;0;0;D;1.667;03.lut;5;sty.67;03.mar;04.lip;01.lip;03.lut;04.lut;1.667;mar.25;04.maj;sty.67;mar.25;kwi.75;sty.66;mar.25;kwi.75;sty.61;03.mar;5;02.sty;01.cze;sty.95;01.wrz;-0.75;1.975;1.925;-0.75
F1;03.04.2004;Lille;Rennes;1;0;H;0;0;D;1.909;03.sty;mar.75;sty.95;3;mar.75;2;02.sie;03.cze;1.833;03.lut;mar.75;sty.91;03.sty;mar.75;01.wrz;03.sty;mar.75;01.wrz;3;mar.75;02.lut;sty.55;sty.95;sty.67;-0.5;02.maj;sty.85;-0.5
F1;03.04.2004;Lyon;Marseille;1;2;A;1;1;D;1.615;03.kwi;6;sty.62;03.kwi;04.wrz;sty.55;03.maj;04.sie;1.667;mar.25;04.maj;sty.62;03.kwi;5;sty.61;03.kwi;5;sty.61;03.mar;5;2;sty.65;01.sie;02.maj;-0.75;02.sty;01.sie;-1
F1;03.04.2004;Metz;Le Mans;5;0;H;2;0;H;01.sie;mar.25;4;sty.83;03.lut;03.wrz;sty.85;03.sty;03.cze;01.sie;03.lut;4;sty.83;03.sty;4;sty.83;03.sty;4;sty.83;03.lut;mar.75;02.mar;01.maj;sty.83;sty.76;-0.5;sty.95;sty.95;-0.5
F1;03.04.2004;Montpellier;Lens;1;0;H;1;0;H;02.cze;03.lut;02.kwi;lut.55;03.lut;lut.45;02.lip;02.wrz;02.kwi;02.maj;mar.25;02.kwi;02.cze;03.lut;02.kwi;02.cze;03.lut;02.kwi;02.cze;03.sty;02.kwi;02.sty;01.cze;sty.95;01.wrz;0;2;01.wrz;0
F1;03.04.2004;Paris SG;Nantes;3;2;H;1;1;D;1.667;03.lut;5;sty.73;03.lut;kwi.45;01.lip;03.lut;04.lut;1.727;03.lut;4.333;01.lip;03.lut;04.cze;01.lip;03.lut;04.cze;sty.66;03.mar;04.maj;02.sty;01.cze;2;sty.85;-0.75;02.sty;01.sie;-0.75
F1;03.04.2004;Toulouse;Sochaux;0;0;D;0;0;D;2.625;3;02.maj;lut.65;02.wrz;lut.55;02.lip;02.wrz;02.kwi;02.maj;mar.25;02.kwi;02.cze;3;02.maj;02.cze;3;02.maj;lut.62;02.wrz;02.maj;02.lut;sty.55;sty.95;01.wrz;0;02.maj;sty.85;0
F1;04.04.2004;Guingamp;Auxerre;2;2;D;1;0;H;02.maj;03.lut;02.maj;lut.55;03.sty;02.maj;02.cze;02.sie;02.cze;02.maj;03.lut;02.maj;02.cze;3;02.maj;02.cze;3;02.maj;02.kwi;03.sty;02.cze;02.mar;01.maj;sty.95;01.wrz;0;1.975;1.925;0
F1;10.04.2004;Ajaccio;Montpellier;0;0;D;0;0;D;1.909;mar.25;03.maj;sty.85;03.lut;03.wrz;2;02.wrz;03.kwi;01.sie;mar.25;mar.75;sty.91;03.sty;mar.75;01.wrz;03.sty;mar.75;sty.83;3;4;sty.95;sty.71;sty.91;01.lip;-0.5;2.025;1.875;-0.5
F1;10.04.2004;Auxerre;Metz;2;1;H;0;0;D;1.571;03.kwi;05.maj;sty.55;03.maj;05.maj;sty.55;03.maj;04.sie;1.615;mar.25;5;sty.57;03.kwi;05.maj;sty.57;03.kwi;05.maj;sty.57;03.mar;05.maj;02.sty;01.cze;01.sie;2;-0.75;01.sie;02.sty;-0.75
F1;10.04.2004;Le Mans;Toulouse;2;1;H;1;0;H;02.kwi;03.lut;02.cze;02.maj;03.sty;lut.55;02.maj;3;02.maj;02.maj;03.lut;02.maj;lut.38;03.sty;02.lip;lut.37;03.sty;02.lip;02.maj;03.sty;02.maj;;;sty.85;sty.95;0;1.875;2.025;0
F1;10.04.2004;Lens;Monaco;0;0;D;0;0;D;02.lip;03.lut;02.mar;02.lip;mar.15;lut.35;02.lip;02.sie;02.maj;02.maj;mar.25;02.kwi;02.lip;03.sty;lut.38;02.lip;03.sty;lut.37;lut.62;03.sty;lut.37;02.lut;sty.55;2;01.sie;0;01.sie;02.sty;0.25
F1;10.04.2004;Nantes;Bastia;1;1;D;0;0;D;1.727;mar.25;4.333;sty.65;03.mar;5;01.lip;03.lut;04.lut;1.727;03.lut;4.333;01.lip;03.lut;kwi.75;01.lip;03.lut;kwi.75;sty.66;03.mar;04.maj;02.sty;01.cze;01.sie;2;-0.75;1.925;1.975;-0.75
F1;10.04.2004;Nice;Paris SG;1;2;A;1;0;H;2.625;03.lut;2.375;lut.65;03.sty;lut.42;3;02.lip;02.mar;lut.75;3;2.375;lut.62;3;02.maj;lut.62;3;02.maj;02.lip;3;lut.37;02.mar;01.maj;sty.77;02.maj;0.25;1.775;2.125;0.25
F1;10.04.2004;Sochaux;Guingamp;2;0;H;0;0;D;1.571;03.kwi;05.maj;01.cze;03.kwi;maj.25;sty.55;03.maj;04.sie;1.571;03.maj;5;sty.57;03.kwi;05.maj;sty.57;03.kwi;05.maj;01.maj;03.kwi;6;2;sty.65;sty.77;02.maj;-0.75;1.775;2.125;-0.75
F1;11.04.2004;Strasbourg;Lyon;0;1;A;0;0;D;03.kwi;mar.25;02.sty;03.maj;03.lut;sty.95;03.cze;3;01.wrz;3;03.lut;02.sty;03.kwi;03.sty;2;03.kwi;03.sty;2;03.cze;03.mar;sty.83;sty.95;sty.75;sty.67;sty.95;0.5;sty.85;02.maj;0.5
F1;16.04.2004;Guingamp;Metz;1;1;D;1;1;D;2;3;03.maj;sty.92;03.sty;mar.65;02.sty;02.wrz;03.lut;sty.91;03.lut;03.maj;2;03.sty;03.kwi;2;03.sty;03.kwi;sty.83;03.lut;mar.75;lut.25;sty.55;sty.92;sty.68;-0.5;1.775;2.125;-0.25
F1;18.04.2004;Marseille;Lille;2;1;H;1;1;D;1.727;mar.25;4.333;01.lip;mar.25;04.maj;01.lip;03.sty;04.kwi;sty.67;mar.25;04.maj;sty.67;03.lut;kwi.75;sty.72;03.lut;04.maj;sty.66;03.mar;04.maj;02.maj;sty.65;2;01.sie;-0.75;02.sty;01.sie;-0.75
F1;18.04.2004;Rennes;Bordeaux;3;1;H;1;0;H;02.sty;mar.25;3;2;3;03.maj;2;02.wrz;03.kwi;2;03.lut;03.lut;02.sty;3;03.sty;02.lut;3;03.sty;01.wrz;03.sty;03.cze;lut.25;sty.55;01.sie;2;-0.25;01.sie;02.sty;-0.25
F1;24.04.2004;Auxerre;Sochaux;2;1;H;0;0;D;2;3;03.maj;sty.91;03.sty;mar.75;01.wrz;3;03.cze;sty.91;03.lut;03.maj;sty.91;03.lut;03.cze;01.wrz;03.lut;03.cze;01.wrz;03.sty;03.cze;2;sty.65;sty.91;01.lip;-0.5;1.925;1.975;-0.5
F1;24.04.2004;Bastia;Bordeaux;0;2;A;0;1;A;02.lut;3;03.sty;lut.15;02.wrz;mar.15;01.wrz;3;03.cze;2;03.lut;03.lut;02.sty;lut.88;03.kwi;02.sty;lut.87;03.kwi;2;3;03.kwi;02.lut;sty.55;01.sie;2;-0.5;01.wrz;2;-0.5
F1;24.04.2004;Guingamp;Lens;1;0;H;1;0;H;02.lut;3;03.sty;lut.15;3;mar.15;2;3;03.mar;02.sty;03.lut;3;02.sty;03.sty;03.lut;02.sty;03.sty;03.lut;02.sty;03.sty;03.sty;02.sty;01.cze;sty.75;02.maj;-0.5;01.sie;02.sty;-0.5
F1;24.04.2004;Lille;Strasbourg;0;1;A;0;1;A;sty.83;mar.25;mar.75;sty.85;mar.15;03.wrz;01.wrz;3;03.cze;01.sie;mar.25;mar.75;sty.83;mar.25;mar.75;sty.85;03.lut;mar.75;01.sie;03.sty;4;02.lut;sty.55;sty.85;sty.74;-0.5;02.sty;01.sie;-0.5
F1;24.04.2004;Lyon;Rennes;3;0;H;0;0;D;01.kwi;mar.75;07.maj;sty.35;04.sty;lip.75;01.mar;4;08.maj;01.mar;4;9;sty.36;4;07.maj;sty.36;4;07.maj;sty.36;mar.75;8;sty.83;sty.83;2;01.sie;-1.5;01.sie;02.sty;-1.25
F1;24.04.2004;Metz;Nice;1;0;H;0;0;D;02.sty;3;mar.25;02.sty;02.wrz;03.kwi;02.sty;02.wrz;03.lut;02.sty;03.lut;3;2;3;03.maj;2;3;03.maj;2;lut.87;03.cze;02.mar;01.maj;sty.75;02.maj;-0.5;01.sie;02.sty;-0.5
F1;24.04.2004;Monaco;Nantes;0;1;A;0;0;D;sty.57;03.kwi;05.maj;sty.57;03.kwi;05.maj;sty.55;03.kwi;5;01.maj;03.cze;05.maj;sty.57;03.kwi;05.maj;sty.57;03.kwi;05.maj;sty.53;03.kwi;05.maj;2;sty.71;02.maj;sty.75;-1;2.025;1.875;-1
F1;24.04.2004;Montpellier;Le Mans;0;3;A;0;3;A;01.sie;mar.25;4;01.sie;mar.15;04.lut;sty.75;03.lut;4;01.sie;03.lut;4;01.sie;03.lut;4;01.sie;03.lut;4;sty.72;03.lut;kwi.33;02.lut;sty.55;01.sie;01.sie;-0.5;sty.85;02.maj;-0.5
F1;24.04.2004;Toulouse;Ajaccio;3;1;H;1;0;H;2;3;03.maj;sty.95;03.sty;03.cze;2;3;03.mar;2;03.lut;03.lut;2;3;03.maj;2;3;03.maj;2;3;03.kwi;02.lut;sty.55;sty.95;sty.67;-0.5;2.075;1.825;-0.5
F1;25.04.2004;Paris SG;Marseille;2;1;H;1;0;H;01.sie;mar.25;4;01.sie;mar.15;04.lut;01.sie;3;4;01.sie;03.lut;4;sty.73;mar.25;kwi.33;sty.75;03.lut;kwi.33;sty.72;03.sty;04.maj;2;sty.65;01.sie;01.sie;-0.5;1.875;2.025;-0.5
F1;30.04.2004;Nice;Monaco;1;2;A;1;2;A;02.maj;mar.25;02.kwi;02.wrz;3;lut.25;3;02.wrz;02.lut;3;3;02.lut;02.sie;03.sty;02.mar;02.sie;03.lut;02.lut;02.sie;03.lut;02.lut;02.mar;01.maj;sty.85;sty.95;0.25;01.wrz;2;0.25
F1;01.05.2004;Ajaccio;Guingamp;0;0;D;0;0;D;02.lut;3;3;lut.15;3;03.maj;02.sty;02.wrz;03.lut;02.sty;3;03.lut;02.lut;3;03.sty;2;3;03.kwi;2;3;03.kwi;02.lut;sty.55;sty.87;sty.93;-0.25;1.875;2.025;-0.25
F1;01.05.2004;Le Mans;Auxerre;2;1;H;2;0;H;lut.75;03.lut;lut.25;lut.85;03.sty;02.lut;02.wrz;3;02.lut;3;03.kwi;2;lut.88;03.lut;02.lut;02.sie;3;02.mar;02.sie;3;02.mar;02.mar;01.maj;sty.85;sty.95;0.25;sty.95;sty.95;0.25
F1;01.05.2004;Lens;Toulouse;1;1;D;1;0;H;01.sie;03.mar;mar.75;sty.91;03.sty;03.cze;2;3;03.mar;01.sie;mar.25;mar.75;2;03.lut;03.mar;01.wrz;03.sty;03.cze;01.wrz;03.sty;03.cze;02.lut;sty.55;sty.91;sty.67;-0.5;2.075;1.825;-0.5
F1;01.05.2004;Marseille;Metz;0;1;A;0;1;A;sty.61;03.maj;04.maj;sty.65;03.mar;kwi.65;sty.65;03.lut;04.cze;01.maj;03.cze;05.maj;sty.67;mar.25;kwi.75;sty.53;03.kwi;05.maj;sty.53;03.kwi;05.maj;02.sty;01.cze;sty.85;sty.95;-0.75;sty.95;sty.95;-0.75
F1;01.05.2004;Nantes;Lille;2;0;H;2;0;H;01.sie;03.mar;mar.75;01.sie;03.sty;4;01.sie;03.sty;03.sie;01.sie;03.lut;4;sty.85;03.sty;4;01.sie;03.sty;4;01.sie;03.sty;4;2;sty.65;01.sie;sty.75;-0.5;sty.95;sty.95;-0.5
F1;01.05.2004;Rennes;Bastia;4;0;H;3;0;H;sty.83;03.lut;mar.75;sty.95;lut.85;03.sie;02.sty;02.maj;03.sie;sty.91;3;mar.75;sty.91;02.wrz;4;sty.83;3;4;sty.83;3;4;2;sty.65;sty.95;sty.63;-0.5;02.maj;sty.85;-0.5
F1;01.05.2004;Sochaux;Montpellier;3;1;H;2;1;H;sty.57;03.maj;5;01.cze;03.kwi;kwi.85;sty.65;03.mar;04.kwi;sty.62;mar.25;5;sty.57;03.kwi;05.maj;sty.61;03.mar;5;sty.61;03.mar;5;sty.95;sty.71;01.sie;2;-0.75;sty.85;02.maj;-0.75
F1;01.05.2004;Strasbourg;Paris SG;0;0;D;0;0;D;3;03.lut;02.sty;03.kwi;3;2;03.cze;3;01.wrz;03.lut;03.lut;2;03.kwi;03.sty;2;03.mar;03.sty;2;03.mar;03.sty;2;2;sty.65;sty.59;2;0.5;sty.85;02.maj;0.5
F1;02.05.2004;Bordeaux;Lyon;1;1;D;0;0;D;lut.62;03.lut;02.mar;03.maj;3;lut.15;03.lut;02.wrz;02.sty;03.lut;03.lut;2;03.lut;03.sty;02.sty;03.sty;03.sty;02.sty;03.sty;03.sty;02.sty;02.lut;sty.55;2;01.sie;0.25;02.maj;sty.85;0.25
F1;08.05.2004;Auxerre;Ajaccio;1;1;D;1;0;H;sty.53;03.kwi;6;sty.45;mar.75;maj.75;01.maj;03.maj;05.kwi;01.maj;03.kwi;6;sty.53;03.maj;05.maj;sty.53;03.maj;05.maj;sty.44;03.cze;06.maj;sty.75;01.wrz;01.wrz;01.wrz;-1.25;1.925;1.975;-1.25
F1;08.05.2004;Bastia;Strasbourg;0;0;D;0;0;D;02.lut;lut.62;03.maj;02.maj;lut.65;03.sie;02.lut;02.kwi;03.cze;02.sty;lut.75;03.cze;02.sty;02.cze;4;02.sty;02.cze;4;2;02.cze;04.lut;02.lut;sty.55;01.sie;2;-0.25;1.825;2.075;-0.25
F1;08.05.2004;Guingamp;Le Mans;2;4;A;0;2;A;sty.83;mar.25;mar.75;sty.85;03.lut;mar.65;sty.85;3;03.sie;sty.73;03.kwi;4;sty.83;03.lut;mar.75;sty.85;03.lut;mar.75;01.sie;03.mar;mar.75;02.sty;01.cze;sty.85;sty.71;-0.5;sty.95;sty.95;-0.5
F1;08.05.2004;Lille;Bordeaux;2;1;H;1;0;H;lut.25;3;lut.87;lut.25;3;lut.85;02.kwi;02.sie;02.sie;02.sty;03.lut;3;02.mar;03.sty;02.sie;02.mar;03.sty;02.sie;02.lut;03.sty;lut.87;02.mar;01.maj;2;01.sie;-0.25;2.125;1.775;-0.25
F1;08.05.2004;Metz;Lyon;1;2;A;1;1;D;4;03.lut;01.sie;mar.65;03.lut;sty.85;03.sie;03.sty;01.sie;mar.75;mar.25;01.sie;mar.75;mar.25;sty.83;mar.75;mar.25;sty.83;04.lut;mar.25;sty.72;02.mar;01.maj;sty.71;sty.85;0.5;02.maj;sty.85;0.5
F1;08.05.2004;Montpellier;Nice;2;2;D;1;1;D;01.wrz;03.lut;03.maj;01.wrz;mar.25;03.kwi;01.sie;03.mar;03.cze;2;03.lut;03.lut;2;03.lut;03.mar;01.wrz;mar.25;03.maj;01.wrz;03.sty;03.cze;2;sty.65;01.wrz;sty.66;-0.5;sty.95;sty.95;-0.5
F1;08.05.2004;Paris SG;Rennes;1;0;H;0;0;D;sty.33;4;8;01.mar;04.lut;08.maj;01.mar;4;08.maj;sty.25;04.maj;10;sty.33;4;08.maj;sty.33;4;08.maj;sty.28;kwi.33;08.maj;sty.75;01.wrz;;;;sty.95;sty.95;-1.5
F1;08.05.2004;Sochaux;Lens;0;3;A;0;2;A;sty.66;03.mar;04.maj;01.cze;03.kwi;kwi.75;sty.65;03.lut;04.cze;sty.67;mar.25;04.maj;sty.67;03.kwi;04.maj;sty.67;03.kwi;04.maj;sty.57;03.mar;05.maj;02.sty;01.cze;sty.95;sty.85;-1;02.maj;sty.85;-1
F1;08.05.2004;Toulouse;Nantes;0;1;A;0;0;D;02.maj;03.sty;02.maj;02.kwi;03.sty;lut.55;02.lut;03.sty;02.sie;lut.25;03.lut;lut.75;lut.38;03.sty;02.lip;lut.38;03.sty;02.lip;lut.37;03.mar;02.maj;02.lut;sty.55;01.sie;2;0;1.825;2.025;0
F1;09.05.2004;Monaco;Marseille;1;0;H;0;0;D;sty.61;mar.25;5;sty.65;03.mar;04.cze;01.cze;03.kwi;04.cze;sty.73;03.lut;kwi.33;sty.67;mar.25;kwi.75;sty.67;mar.25;kwi.75;sty.61;03.mar;5;sty.83;sty.83;01.sie;2;-0.75;sty.85;02.maj;-0.75
F1;11.05.2004;Bordeaux;Paris SG;3;0;H;1;0;H;03.lut;03.lut;2;03.kwi;mar.15;01.wrz;03.sty;3;02.sty;mar.75;mar.25;01.sie;03.kwi;03.sty;2;03.kwi;03.sty;2;3;3;02.lut;02.mar;01.maj;sty.64;01.wrz;0.5;;;
F1;11.05.2004;Lens;Auxerre;1;3;A;1;1;D;02.maj;mar.25;02.kwi;02.cze;03.lut;lut.25;02.sie;02.sie;02.kwi;02.kwi;mar.25;02.maj;02.cze;03.lut;02.kwi;02.cze;03.lut;02.kwi;02.maj;03.sty;02.maj;02.lut;sty.55;sty.43;lut.25;0.5;sty.95;sty.95;0
F1;12.05.2004;Ajaccio;Sochaux;1;0;H;1;0;H;02.sty;03.lut;3;02.maj;3;mar.15;sty.85;03.sty;03.cze;lut.25;03.lut;lut.75;02.sty;03.lut;03.sty;02.sty;03.lut;03.sty;sty.83;03.kwi;03.maj;02.lut;sty.55;02.maj;sty.54;-0.5;;;
F1;12.05.2004;Le Mans;Lille;1;1;D;1;1;D;sty.83;03.lut;mar.75;01.lip;03.mar;4;sty.75;03.lut;4;sty.91;03.lut;03.maj;01.sie;mar.25;4;01.sie;mar.25;4;sty.72;mar.25;04.lut;2;sty.65;01.lip;sty.81;-0.5;;;
F1;12.05.2004;Lyon;Bastia;1;0;H;1;0;H;sty.22;5;9;sty.15;05.maj;11;sty.22;04.sie;09.maj;sty.25;04.maj;10;sty.25;5;08.maj;sty.25;5;9;sty.25;04.maj;10;sty.83;sty.83;sty.15;mar.67;-0.5;;;
F1;12.05.2004;Marseille;Montpellier;1;1;D;1;0;H;sty.66;03.cze;4;01.maj;03.maj;maj.25;sty.85;03.lut;03.maj;sty.62;03.maj;04.maj;sty.73;03.maj;4;sty.72;03.maj;4;01.lip;03.maj;4;2;sty.65;01.maj;02.sty;-0.5;;;
F1;12.05.2004;Nantes;Guingamp;0;0;D;0;0;D;sty.66;03.kwi;kwi.33;01.cze;03.kwi;04.maj;sty.65;03.mar;04.kwi;sty.67;mar.25;04.maj;sty.67;03.kwi;04.maj;sty.66;03.kwi;04.maj;sty.57;03.maj;5;2;sty.65;01.cze;sty.94;-0.5;;;
F1;12.05.2004;Nice;Toulouse;1;1;D;0;1;A;lut.37;mar.25;02.maj;02.kwi;mar.15;lut.45;02.kwi;3;02.cze;02.kwi;mar.25;02.maj;lut.38;03.sty;02.lip;lut.37;03.sty;02.lip;02.kwi;02.wrz;lut.75;02.sty;01.cze;02.kwi;sty.38;-0.5;;;
F1;12.05.2004;Rennes;Metz;0;0;D;0;0;D;lut.25;03.lut;lut.75;lut.25;mar.15;lut.65;02.mar;02.lip;3;sty.91;03.lut;03.maj;lut.25;03.sty;lut.88;lut.25;03.sty;lut.87;02.lut;3;3;02.sty;01.cze;lut.25;sty.44;-0.5;;;
F1;12.05.2004;Strasbourg;Monaco;0;0;D;0;0;D;03.kwi;mar.25;01.wrz;mar.75;mar.25;sty.77;03.maj;03.sty;01.wrz;03.maj;03.lut;sty.91;03.cze;03.lut;sty.91;03.cze;03.lut;01.wrz;03.kwi;mar.25;01.wrz;02.sty;01.cze;sty.74;sty.77;0.5;;;
F1;15.05.2004;Auxerre;Nantes;2;0;H;2;0;H;sty.83;3;4;01.wrz;3;03.sie;sty.85;03.sty;03.cze;;;;sty.91;03.sty;03.cze;01.wrz;03.sty;03.cze;01.wrz;03.lut;03.maj;02.sty;01.cze;01.wrz;sty.68;-0.5;01.wrz;2;-0.5
F1;15.05.2004;Guingamp;Nice;1;2;A;1;0;H;sty.61;03.sty;05.maj;sty.62;03.sty;05.maj;sty.55;03.kwi;5;;;;sty.62;03.sty;05.maj;sty.61;03.sty;05.maj;sty.61;03.sty;05.maj;2;sty.65;sty.62;sty.98;-0.5;;;
F1;15.05.2004;Lens;Ajaccio;2;0;H;1;0;H;lut.37;03.sty;lut.62;lut.35;03.sty;lut.65;02.sty;02.wrz;03.lut;;;;lut.38;03.sty;02.cze;lut.37;03.sty;02.cze;02.mar;03.lut;lut.62;02.sty;01.cze;lut.35;sty.43;-0.5;;;
F1;15.05.2004;Lille;Bastia;2;0;H;0;0;D;lut.25;3;lut.87;lut.25;lut.85;03.maj;02.mar;02.sie;02.wrz;;;;02.mar;lut.88;02.wrz;02.mar;lut.87;02.wrz;02.mar;02.wrz;02.wrz;02.mar;01.maj;lut.25;sty.47;-0.5;;;
F1;15.05.2004;Metz;Bordeaux;3;1;H;0;1;A;02.sty;3;03.lut;2;3;mar.45;sty.85;03.sty;03.cze;;;;2;3;03.kwi;2;3;03.kwi;2;3;03.kwi;02.lut;sty.55;2;01.cze;-0.5;;;
F1;15.05.2004;Monaco;Rennes;1;4;A;1;1;D;sty.33;4;8;sty.25;04.maj;10;01.mar;04.lut;8;;;;sty.29;04.maj;8;sty.28;04.maj;8;sty.25;5;8;sty.75;01.wrz;sty.25;03.sty;-0.5;;;
F1;15.05.2004;Montpellier;Strasbourg;1;2;A;0;0;D;02.sie;lut.87;lut.37;02.wrz;02.wrz;02.mar;03.lut;02.wrz;02.sty;;;;lut.88;3;lut.25;lut.87;3;lut.25;lut.75;03.sty;02.mar;;;sty.45;02.mar;0.5;;;
F1;15.05.2004;Paris SG;Lyon;1;0;H;1;0;H;02.kwi;lut.87;lut.75;lut.35;3;lut.75;02.mar;02.wrz;02.sie;;;;02.mar;3;02.sie;02.mar;3;02.sie;lut.37;3;02.lip;2;sty.65;sty.77;02.maj;0;sty.75;lut.15;0
F1;15.05.2004;Sochaux;Le Mans;3;0;H;1;0;H;02.sty;03.maj;lut.75;02.sty;mar.35;lut.85;02.mar;3;02.lip;;;;02.sty;03.kwi;02.sie;02.sty;03.kwi;02.sie;02.lut;03.kwi;lut.62;2;sty.65;02.sty;sty.54;-0.5;;;
F1;15.05.2004;Toulouse;Marseille;2;1;H;1;1;D;sty.61;03.maj;04.maj;;;;01.cze;03.kwi;04.cze;;;;;;;sty.61;03.kwi;kwi.75;sty.61;03.maj;04.maj;;;;;;;;
F1;21.05.2004;Bordeaux;Monaco;1;3;A;1;1;D;lut.87;lut.75;02.maj;03.maj;lut.65;lut.35;;;;;;;3;lut.75;lut.38;3;lut.75;lut.37;lut.87;lut.62;02.maj;;;;;;;;
F1;23.05.2004;Ajaccio;Metz;3;1;H;2;1;H;sty.44;mar.75;06.maj;sty.45;03.lip;6;sty.45;03.sie;05.kwi;;;;01.maj;mar.75;05.maj;01.maj;mar.75;05.maj;sty.44;4;05.maj;;;sty.45;lut.29;-0.5;;;
F1;23.05.2004;Bastia;Paris SG;0;1;A;0;0;D;03.cze;2.875;2;03.maj;lut.85;02.sty;;;;;;;03.cze;02.sie;02.sty;03.cze;02.sie;02.sty;;;;;;sty.61;lut.55;0.5;;;
F1;23.05.2004;Le Mans;Lens;3;0;H;1;0;H;01.sie;03.maj;03.cze;01.sie;mar.35;03.cze;02.sty;03.mar;02.sie;;;;01.sie;03.maj;03.cze;01.sie;03.maj;03.cze;01.sie;03.maj;03.maj;;;01.sie;sty.74;-0.5;;;
F1;23.05.2004;Lyon;Lille;3;0;H;1;0;H;sty.44;mar.75;06.maj;sty.45;03.maj;06.maj;01.maj;03.mar;05.sie;;;;sty.44;03.cze;7;sty.44;03.cze;7;sty.44;03.kwi;7;;;sty.45;lut.28;-0.5;;;
F1;23.05.2004;Marseille;Guingamp;2;1;H;2;0;H;02.kwi;03.maj;02.kwi;lut.45;03.maj;02.mar;02.mar;03.lut;02.maj;;;;02.lut;03.cze;02.mar;02.maj;03.cze;02.mar;lut.37;03.maj;lut.37;;;sty.44;02.mar;0.5;;;
F1;23.05.2004;Nantes;Sochaux;3;1;H;2;0;H;lut.25;mar.25;lut.75;lut.35;03.sty;lut.65;02.sty;02.wrz;03.lut;;;;02.lut;03.lut;lut.88;02.lut;03.lut;lut.87;;;;;;lut.35;sty.43;-0.5;;;
F1;23.05.2004;Nice;Auxerre;1;1;D;0;0;D;lut.87;3;02.mar;lut.75;03.sty;lut.25;02.lip;02.wrz;02.kwi;;;;02.sie;03.sty;02.mar;02.sie;03.sty;02.mar;02.kwi;03.sty;02.cze;;;sty.46;lut.25;0.5;;;
F1;23.05.2004;Rennes;Montpellier;4;0;H;2;0;H;sty.44;mar.75;06.maj;sty.45;03.maj;06.maj;sty.45;03.sie;05.kwi;;;;sty.44;mar.75;06.maj;sty.44;mar.75;06.maj;01.maj;03.kwi;6;;;sty.45;lut.28;-0.5;;;
F1;23.05.2004;Strasbourg;Toulouse;0;0;D;0;0;D;mar.25;mar.25;2;mar.15;03.lut;2;02.lip;03.lut;02.lut;;;;03.kwi;03.kwi;sty.91;03.kwi;03.kwi;01.wrz;mar.25;03.kwi;01.wrz;;;sty.59;2;0.5;;;
