Div;Date;HomeTeam;AwayTeam;FTHG;FTAG;FTR;HTHG;HTAG;HTR;B365H;B365D;B365A;BWH;BWD;BWA;GBH;GBD;GBA;IWH;IWD;IWA;LBH;LBD;LBA;SBH;SBD;SBA;WHH;WHD;WHA;GB>2.5;GB<2.5;B365>2.5;B365<2.5;GBAHH;GBAHA;GBAH;LBAHH;LBAHA;LBAH;B365AHH;B365AHA;B365AH
I1;11.09.2004;Chievo;Inter;2;2;D;2;1;H;04.maj;03.lut;1.727;maj.35;mar.25;sty.65;5;03.lut;01.lip;04.lut;03.sty;sty.75;04.maj;mar.25;1.667;5;03.sty;sty.72;04.maj;03.lut;01.lip;sty.79;01.wrz;sty.95;sty.85;2;01.sie;0.75;sty.94;01.wrz;0.75;sty.95;sty.95;0.75
I1;11.09.2004;Milan;Livorno;2;2;D;1;1;D;1.167;06.maj;15;sty.15;6;13;sty.15;6;15;sty.15;6;12;1.167;05.maj;12;sty.16;6;13;sty.16;05.maj;12;01.cze;lut.15;sty.61;lut.25;01.sie;2;-1.75;sty.86;sty.98;-1.75;sty.85;02.maj;-1.75
I1;12.09.2004;Atalanta;Lecce;2;2;D;1;1;D;2;3;03.maj;2;03.sty;03.cze;02.sty;02.wrz;03.cze;01.wrz;3;03.cze;02.sty;lut.75;03.maj;02.maj;3;03.cze;02.maj;02.wrz;03.kwi;2;sty.71;02.maj;sty.75;02.sty;sty.61;-0.5;02.lut;sty.82;-0.5;02.sty;01.sie;-0.5
I1;12.09.2004;Brescia;Juventus;0;3;A;0;2;A;4;03.sty;1.833;04.maj;03.sty;01.sie;04.sty;mar.25;01.sie;03.sie;3;sty.85;4;3;1.833;4;03.lut;sty.85;4;3;sty.83;sty.85;sty.85;sty.85;sty.95;sty.81;01.sie;0.5;02.kwi;01.sie;0.5;02.sty;01.sie;0.5
I1;12.09.2004;Cagliari;Bologna;1;0;H;1;0;H;2.375;2.875;2.875;02.mar;02.wrz;03.sty;lut.25;02.wrz;mar.15;02.lut;02.wrz;3;lut.25;2.875;3;02.mar;02.wrz;03.sty;02.mar;02.wrz;02.wrz;sty.95;sty.75;2;01.sie;02.maj;sty.77;-0.25;02.cze;sty.78;-0.25;2.125;1.775;-0.25
I1;12.09.2004;Palermo;Siena;1;0;H;1;0;H;1.727;03.lut;04.maj;sty.66;mar.15;05.maj;01.lip;03.sty;05.lut;01.sie;3;4;1.727;03.lut;4.333;01.sie;03.sty;04.maj;sty.72;03.sty;04.maj;sty.85;sty.85;2;01.sie;sty.95;sty.85;-0.75;sty.96;sty.88;-0.75;02.maj;sty.85;-0.75
I1;12.09.2004;Parma;Messina;0;0;D;0;0;D;1.533;03.kwi;6;sty.55;mar.25;06.maj;sty.55;03.kwi;06.sty;sty.55;03.kwi;5;1.444;03.maj;7;01.maj;03.kwi;7;01.maj;03.kwi;6;sty.75;sty.95;01.sie;2;01.sie;2;-0.75;01.sie;02.kwi;-0.75;sty.85;02.maj;-0.75
I1;12.09.2004;Reggina;Udinese;0;0;D;0;0;D;02.cze;2.875;02.cze;02.lip;02.wrz;lut.55;lut.75;02.sie;lut.63;02.cze;02.sie;02.cze;02.maj;2.875;2.625;02.lip;lut.87;02.cze;02.cze;02.sie;02.cze;2;sty.71;02.sty;01.lip;sty.39;lut.63;0.5;sty.96;sty.88;0;sty.95;sty.95;0
I1;12.09.2004;Roma;Fiorentina;1;0;H;0;0;D;1.571;03.kwi;05.maj;sty.55;03.maj;maj.75;sty.62;03.mar;05.maj;sty.45;03.cze;05.sie;1.615;mar.25;5;sty.61;03.mar;05.maj;sty.57;03.maj;5;sty.71;2;sty.85;sty.95;01.wrz;01.wrz;-0.75;sty.96;sty.88;-0.75;01.wrz;2;-0.75
I1;12.09.2004;Sampdoria;Lazio;0;1;A;0;1;A;02.sty;3;mar.75;2;03.maj;03.maj;02.maj;3;03.cze;2;02.wrz;03.kwi;2;3;03.kwi;02.maj;03.sty;03.kwi;02.sty;3;03.lut;sty.85;sty.85;2;01.sie;02.maj;sty.64;-0.5;02.kwi;01.sie;-0.5;02.maj;sty.85;-0.5
I1;18.09.2004;Inter;Palermo;1;1;D;0;0;D;sty.36;kwi.33;9;sty.35;4;8;sty.36;04.sty;08.maj;sty.35;4;7;sty.36;mar.75;8;sty.33;kwi.33;08.maj;01.kwi;03.kwi;08.maj;sty.65;02.maj;01.lip;02.sty;02.maj;sty.77;-1.25;02.sie;sty.76;-1.25;2.125;1.775;-1.25
I1;18.09.2004;Lecce;Brescia;4;1;H;1;1;D;2;3;03.maj;sty.95;mar.25;mar.55;02.maj;3;03.cze;02.sty;02.sie;03.mar;2;02.sie;mar.75;02.sty;03.lut;mar.25;2;lut.87;03.cze;01.wrz;sty.79;2;01.sie;sty.85;sty.95;-0.25;sty.88;sty.96;-0.25;01.sie;02.sty;-0.25
I1;19.09.2004;Bologna;Milan;0;2;A;0;0;D;05.maj;03.lut;sty.61;maj.55;mar.35;01.cze;maj.25;03.mar;sty.65;04.lut;03.lut;01.lip;5;03.lut;sty.67;kwi.75;03.mar;01.lip;5;03.sty;sty.66;01.wrz;sty.79;2;01.sie;2;01.sie;0.75;02.lut;sty.82;0.75;02.maj;sty.85;0.75
I1;19.09.2004;Fiorentina;Cagliari;2;1;H;1;0;H;sty.57;03.kwi;05.maj;sty.55;03.kwi;06.sty;sty.63;03.mar;05.maj;01.cze;03.mar;04.sie;sty.62;mar.25;5;sty.62;03.kwi;05.maj;01.cze;3;6;01.wrz;sty.79;sty.95;sty.85;01.sie;2;-0.75;sty.92;sty.92;-0.75;1.875;2.025;-0.75
I1;19.09.2004;Juventus;Atalanta;2;0;H;1;0;H;01.lut;5;12;01.lut;maj.75;9;sty.22;05.lut;11.maj;01.lut;5;10;01.lut;5;11;sty.22;maj.25;11;01.lut;5;11;sty.71;2;sty.66;lut.15;sty.85;sty.95;-1.5;2;sty.84;-1.5;sty.85;02.maj;-1.5
I1;19.09.2004;Lazio;Reggina;1;1;D;1;1;D;01.maj;03.kwi;06.maj;sty.57;03.lut;06.maj;sty.57;03.lut;06.cze;sty.55;03.kwi;5;01.maj;03.kwi;6;01.maj;03.cze;06.maj;sty.53;mar.25;6;01.wrz;sty.79;sty.95;sty.85;sty.77;02.maj;-0.75;sty.78;02.cze;-0.75;02.sty;01.sie;-1
I1;19.09.2004;Livorno;Chievo;1;2;A;1;0;H;lut.37;lut.75;3;02.mar;02.wrz;03.sty;02.mar;02.sie;mar.25;02.mar;02.sie;02.wrz;lut.25;lut.75;03.lut;lut.38;3;02.wrz;02.mar;02.wrz;02.wrz;sty.85;sty.85;02.sty;01.lip;2;01.sie;-0.25;2;sty.84;-0.25;02.sty;01.sie;-0.25
I1;19.09.2004;Messina;Roma;4;3;H;1;1;D;mar.25;3;02.sty;03.sie;03.maj;sty.95;03.lip;3;2;03.mar;3;2;4;3;sty.83;4;03.sty;sty.91;mar.75;02.wrz;sty.95;01.wrz;sty.79;lut.15;sty.66;sty.66;12;0.5;2;sty.84;0.25;2;01.wrz;0.25
I1;19.09.2004;Siena;Sampdoria;2;1;H;1;1;D;lut.37;lut.87;lut.87;02.lip;02.lip;02.sie;lut.55;02.sie;lut.85;02.maj;02.lip;02.sie;lut.38;02.sie;lut.88;02.maj;lut.88;lut.88;02.maj;02.sie;lut.75;02.maj;sty.65;lut.15;sty.66;01.wrz;01.wrz;0;sty.94;01.wrz;0;sty.95;sty.95;0
I1;19.09.2004;Udinese;Parma;4;0;H;1;0;H;lut.25;3;03.kwi;02.lut;02.sie;mar.45;02.lut;lut.85;03.kwi;02.lut;02.sie;03.sty;02.lut;02.sie;03.lut;lut.25;lut.88;mar.25;lut.15;lut.87;mar.25;sty.95;sty.75;02.sty;01.lip;sty.95;sty.85;-0.25;sty.96;sty.88;-0.25;1.975;1.925;-0.25
I1;22.09.2004;Atalanta;Inter;2;3;A;1;0;H;4;03.lut;01.sie;kwi.75;03.mar;01.lip;kwi.65;03.lut;sty.75;4;3;01.sie;04.maj;lut.88;01.sie;kwi.33;03.lut;01.sie;04.sie;3;sty.72;sty.75;sty.95;sty.95;sty.85;01.sie;2;0.75;sty.78;02.cze;0.75;1.775;2.125;0.75
I1;22.09.2004;Brescia;Lazio;0;2;A;0;2;A;lut.62;3;02.maj;02.wrz;02.wrz;lut.45;lut.75;3;02.maj;02.lip;02.wrz;02.kwi;lut.75;3;lut.38;02.sie;02.wrz;02.maj;lut.37;03.sty;lut.62;2;sty.71;02.maj;sty.75;2;01.sie;0;sty.94;01.wrz;0;02.maj;sty.85;0
I1;22.09.2004;Cagliari;Siena;2;0;H;1;0;H;2;lut.87;mar.75;02.maj;lut.85;03.wrz;01.wrz;03.sty;4;01.wrz;3;03.cze;01.sie;3;kwi.33;sty.95;3;4;01.sie;3;04.lut;2;sty.71;02.maj;sty.75;01.wrz;sty.75;-0.5;02.kwi;01.sie;-0.5;1.975;1.925;-0.5
I1;22.09.2004;Chievo;Udinese;0;0;D;0;0;D;02.mar;3;lut.87;lut.35;lut.85;03.sty;02.mar;3;3;02.mar;02.sie;02.wrz;lut.38;lut.88;02.sie;lut.25;3;03.sty;02.lut;3;3;sty.95;sty.75;2;01.sie;02.sty;sty.75;-0.25;sty.84;2;0;01.sie;02.sty;0
I1;22.09.2004;Milan;Messina;1;2;A;0;0;D;01.lut;5;12;sty.13;06.maj;16;01.lut;05.maj;12;01.lut;5;10;01.lut;5;11;sty.18;05.maj;15;01.lut;5;11;sty.55;lut.25;sty.75;02.maj;2;01.sie;-1.75;02.kwi;01.sie;-1.75;02.sty;01.sie;-1.75
I1;22.09.2004;Palermo;Fiorentina;0;0;D;0;0;D;2;3;03.maj;sty.95;lut.85;04.lut;02.maj;3;03.cze;2;02.wrz;03.kwi;2;3;03.kwi;02.sty;lut.88;03.cze;02.maj;02.wrz;03.kwi;2;sty.71;02.maj;sty.75;02.maj;sty.64;-0.5;02.lut;sty.82;-0.5;02.sty;01.sie;-0.5
I1;22.09.2004;Parma;Bologna;1;2;A;0;2;A;sty.83;03.sty;4;sty.85;02.wrz;04.maj;01.sie;03.sty;04.maj;01.sie;3;4;sty.62;mar.25;5;01.sie;3;kwi.75;sty.72;03.sty;04.maj;sty.95;sty.75;02.maj;sty.75;01.sie;sty.84;-0.5;01.wrz;sty.94;-0.5;sty.95;sty.95;-0.5
I1;22.09.2004;Reggina;Livorno;2;1;H;1;1;D;01.wrz;02.wrz;4;01.wrz;02.wrz;04.lut;01.wrz;03.sty;4;01.sie;3;4;sty.83;3;4;sty.91;03.sty;4;sty.83;3;4;sty.95;sty.75;02.maj;sty.75;01.wrz;sty.75;-0.5;02.cze;sty.78;-0.5;02.sty;01.sie;-0.5
I1;22.09.2004;Roma;Lecce;2;2;D;0;1;A;sty.57;03.cze;5;sty.55;mar.75;05.kwi;sty.53;03.maj;06.sty;sty.45;03.cze;05.sie;01.maj;03.kwi;6;sty.53;03.kwi;06.maj;sty.44;03.cze;06.maj;sty.65;02.maj;01.sie;2;01.sie;2;-0.75;sty.82;02.lut;-0.75;1.875;2.025;-0.75
I1;22.09.2004;Sampdoria;Juventus;0;3;A;0;1;A;5;03.sty;01.sie;04.kwi;03.mar;sty.75;kwi.75;03.sty;sty.75;4;3;01.sie;kwi.33;03.lut;sty.73;04.maj;03.sty;01.sie;4;3;sty.83;sty.95;sty.75;sty.95;sty.85;sty.88;sty.75;0.5;sty.82;02.lut;0.75;1.775;2.125;0.75
I1;25.09.2004;Bologna;Roma;3;1;H;3;0;H;lut.75;3;lut.37;3;lut.95;lut.35;02.wrz;3;02.kwi;02.lip;3;02.mar;lut.62;lut.88;02.maj;3;3;02.mar;02.lip;3;lut.37;sty.95;sty.75;sty.95;sty.85;sty.77;02.maj;0.25;2.625;2.875;02.maj;sty.85;02.maj;0.25
I1;25.09.2004;Juventus;Palermo;1;1;D;0;1;A;01.mar;5;9;01.mar;04.kwi;wrz.25;sty.33;kwi.25;9;01.mar;4;08.maj;01.mar;4;9;01.mar;04.maj;9;sty.33;4;8;sty.71;2;sty.66;lut.15;sty.91;sty.73;-1.5;01.mar;4;9;2.125;1.775;-1.5
I1;26.09.2004;Fiorentina;Sampdoria;0;2;A;0;1;A;01.sie;3;kwi.33;02.maj;02.wrz;mar.75;2;3;mar.85;sty.85;3;03.sie;sty.91;3;mar.75;sty.91;03.sty;4;sty.83;3;4;01.wrz;sty.79;02.maj;sty.75;2;sty.69;-0.5;1.909;3;mar.75;2.125;1.775;-0.5
I1;26.09.2004;Inter;Parma;2;2;D;0;1;A;01.maj;03.kwi;06.maj;01.kwi;4;07.maj;sty.45;03.sie;07.mar;01.maj;03.maj;05.kwi;sty.44;03.cze;06.maj;01.maj;03.cze;06.maj;01.maj;03.kwi;6;sty.79;01.wrz;01.sie;2;01.sie;2;-1;1.444;03.cze;06.maj;1.825;2.075;-1
I1;26.09.2004;Lazio;Milan;1;2;A;1;0;H;03.maj;03.lut;02.sty;mar.55;03.sty;2;03.kwi;3;02.sty;03.lut;02.wrz;02.sty;03.kwi;3;2;03.maj;3;02.sty;03.sty;3;lut.15;01.wrz;sty.79;02.maj;sty.75;sty.59;02.sty;0.5;03.kwi;3;2;01.sie;02.sty;0.5
I1;26.09.2004;Lecce;Cagliari;3;1;H;0;0;D;sty.83;3;kwi.33;01.wrz;mar.15;mar.85;01.wrz;3;kwi.25;sty.85;3;03.sie;sty.83;3;4;sty.85;3;04.maj;sty.83;3;4;sty.75;sty.95;01.sie;2;01.wrz;sty.76;-0.5;1.833;3;4;2;01.wrz;-0.5
I1;26.09.2004;Livorno;Atalanta;1;1;D;0;0;D;02.lut;3;03.sty;02.mar;lut.95;03.maj;lut.25;3;03.sty;02.mar;02.lip;3;02.sty;lut.88;03.kwi;lut.25;3;03.sty;02.lut;3;3;sty.95;sty.75;sty.95;sty.85;2;01.sie;-0.25;02.sty;2.875;03.kwi;2.025;1.875;-0.25
I1;26.09.2004;Messina;Chievo;0;0;D;0;0;D;lut.25;3;3;02.lut;02.wrz;03.mar;lut.25;3;03.sty;02.lut;02.wrz;3;02.lut;3;3;02.lut;3;03.lut;lut.15;3;03.sty;sty.95;sty.75;2;01.sie;sty.95;sty.85;-0.25;02.lut;3;3;2.025;1.875;-0.25
I1;26.09.2004;Siena;Reggina;0;0;D;0;0;D;02.lut;3;03.sty;lut.25;02.wrz;mar.25;02.lut;02.wrz;03.kwi;02.lut;02.lip;03.lut;02.sty;lut.75;03.maj;02.lut;lut.88;03.kwi;02.sty;3;03.lut;2;sty.71;lut.15;sty.66;sty.95;sty.85;-0.25;02.sty;lut.75;03.maj;02.maj;sty.85;-0.25
I1;26.09.2004;Udinese;Brescia;1;2;A;0;1;A;sty.61;03.lut;05.maj;sty.55;mar.35;06.maj;sty.65;03.lut;5;01.cze;03.lut;5;sty.57;mar.25;05.maj;sty.62;03.mar;05.maj;01.lip;03.lut;04.maj;2;sty.71;2;01.sie;01.wrz;01.wrz;-1;01.maj;mar.25;06.maj;sty.95;sty.95;-1
I1;02.10.2004;Cagliari;Brescia;2;1;H;1;1;D;01.wrz;03.sty;mar.75;sty.91;02.wrz;04.mar;01.wrz;02.wrz;04.mar;sty.85;02.wrz;4;sty.83;3;4;sty.95;3;4;01.sie;3;04.lut;sty.85;sty.85;2;01.sie;01.wrz;sty.73;-0.5;2;sty.84;-0.5;2.075;1.825;-0.5
I1;02.10.2004;Chievo;Lecce;2;1;H;0;0;D;2;3;03.maj;02.sty;03.sty;03.mar;02.sty;3;mar.45;02.sty;02.wrz;03.lut;2;02.sie;mar.75;02.maj;3;03.cze;02.maj;lut.87;03.maj;sty.71;2;sty.85;sty.95;01.wrz;01.wrz;-0.25;01.wrz;sty.94;-0.25;1.925;1.975;-0.25
I1;03.10.2004;Atalanta;Lazio;1;1;D;1;0;H;lut.75;3;lut.37;lut.85;02.wrz;lut.45;02.sie;02.wrz;02.maj;02.lip;02.sie;02.maj;lut.75;lut.88;02.kwi;02.wrz;3;lut.38;02.sie;lut.87;02.kwi;sty.95;sty.75;02.maj;sty.75;sty.95;sty.85;0;sty.96;sty.88;0;2;01.wrz;0
I1;03.10.2004;Messina;Siena;4;1;H;2;1;H;01.wrz;03.sty;mar.75;01.wrz;lut.85;04.maj;sty.85;02.wrz;kwi.65;sty.85;3;03.sie;sty.83;3;4;sty.85;3;04.maj;sty.72;3;04.sie;2;sty.71;02.maj;sty.75;sty.85;sty.79;-0.5;02.kwi;01.sie;-0.5;02.maj;sty.85;-0.5
I1;03.10.2004;Milan;Reggina;3;1;H;1;0;H;01.lut;5;12;sty.22;maj.25;11;sty.25;5;10;sty.25;04.maj;9;sty.22;5;10;sty.22;05.maj;10.maj;sty.22;5;09.maj;sty.65;02.maj;01.lip;02.sty;01.wrz;01.wrz;-1.5;sty.96;sty.88;-1.5;2;01.wrz;-1.5
I1;03.10.2004;Palermo;Bologna;1;0;H;1;0;H;sty.83;03.sty;4;sty.75;03.maj;5;01.sie;02.wrz;5;01.sie;3;4;01.sie;lut.88;04.maj;sty.85;3;04.maj;01.sie;3;04.lut;sty.95;sty.75;2;01.sie;01.sie;sty.84;-0.5;sty.82;02.lut;-0.5;sty.85;02.maj;-0.5
I1;03.10.2004;Parma;Fiorentina;0;0;D;0;0;D;02.sty;3;mar.25;lut.15;lut.95;mar.35;02.sty;3;mar.45;2;3;03.mar;2;lut.88;03.cze;02.sty;3;03.maj;;;;sty.95;sty.75;02.sty;01.lip;01.sie;2;-0.25;02.sie;sty.76;-0.5;lut.15;sty.75;-0.5
I1;03.10.2004;Roma;Inter;3;3;D;1;1;D;lut.75;3;lut.62;02.lip;03.sty;lut.45;lut.65;3;lut.55;02.maj;3;02.maj;lut.62;lut.88;02.maj;02.maj;03.lut;02.cze;lut.62;02.wrz;02.maj;sty.65;02.sty;01.sie;2;sty.95;sty.85;0;sty.98;sty.86;0;2;01.wrz;0
I1;03.10.2004;Sampdoria;Livorno;2;0;H;0;0;D;sty.61;03.lut;05.maj;01.cze;mar.15;06.mar;sty.63;03.lut;maj.75;sty.65;03.sty;04.sie;sty.67;03.lut;5;sty.62;03.lut;6;01.cze;3;6;sty.85;sty.85;sty.95;sty.85;01.sie;2;-0.75;01.sie;02.kwi;-0.75;1.825;2.075;-0.75
I1;03.10.2004;Udinese;Juventus;0;1;A;0;0;D;4;03.sty;sty.83;kwi.15;03.sty;sty.85;04.sty;mar.15;sty.85;03.cze;3;01.wrz;mar.75;03.lut;sty.83;04.lut;03.lut;sty.83;4;03.sty;01.sie;sty.95;sty.75;02.maj;sty.75;sty.78;sty.85;0.5;sty.96;sty.88;0.5;sty.95;sty.95;0.5
I1;16.10.2004;Juventus;Messina;2;1;H;1;0;H;01.kwi;4;9;01.mar;04.maj;9;sty.33;04.lut;9;sty.33;03.sie;8;01.mar;4;9;sty.36;04.lut;8;sty.36;mar.75;8;sty.71;2;sty.85;sty.95;sty.93;sty.64;-1.5;02.sie;sty.76;-1.25;02.maj;sty.85;-1.25
I1;16.10.2004;Livorno;Roma;0;2;A;0;1;A;mar.75;03.sty;01.wrz;kwi.45;03.sty;01.sie;04.kwi;mar.15;01.sie;03.sie;03.sty;01.sie;4;3;sty.83;04.maj;03.sty;01.sie;4;lut.87;01.wrz;sty.75;sty.95;01.wrz;01.wrz;sty.84;01.sie;0.5;2;sty.84;0.5;02.maj;sty.85;0.5
I1;17.10.2004;Bologna;Atalanta;2;1;H;1;1;D;sty.83;lut.87;04.maj;sty.85;02.wrz;04.cze;sty.85;02.wrz;04.cze;2;02.lip;03.sie;01.sie;lut.88;04.maj;sty.85;03.sty;04.lut;01.sie;02.wrz;04.maj;2;sty.71;2;01.sie;sty.85;sty.78;-0.5;sty.96;sty.88;-0.5;1.975;1.925;-0.5
I1;17.10.2004;Brescia;Parma;3;1;H;2;1;H;lut.37;lut.87;lut.87;02.kwi;lut.75;03.sty;02.kwi;lut.85;3;02.maj;3;02.maj;02.maj;lut.88;lut.62;02.kwi;3;lut.88;02.kwi;02.sie;lut.87;sty.85;sty.85;2;01.sie;02.kwi;sty.46;-0.5;sty.88;sty.96;0;sty.85;02.maj;0
I1;17.10.2004;Cagliari;Milan;0;1;A;0;1;A;6;03.lut;sty.66;maj.25;03.mar;sty.65;5;03.lut;01.lip;04.lut;03.sty;sty.75;5;lut.88;sty.73;5;03.lut;01.lip;5;3;01.lip;01.wrz;sty.79;02.maj;sty.75;sty.95;01.lip;0.5;sty.96;sty.88;0.75;1.975;1.925;0.75
I1;17.10.2004;Fiorentina;Siena;0;0;D;0;0;D;sty.72;3;5;01.lip;3;05.maj;sty.73;03.sty;5;sty.75;03.sty;04.lut;sty.73;lut.88;5;sty.73;03.sty;5;sty.72;02.wrz;5;2;sty.71;lut.15;sty.66;sty.73;sty.91;-0.5;01.wrz;sty.94;-0.75;01.wrz;2;-0.75
I1;17.10.2004;Inter;Udinese;3;1;H;2;0;H;sty.44;mar.75;06.maj;01.kwi;03.lip;08.maj;01.kwi;03.wrz;07.lip;sty.45;03.sie;05.kwi;sty.44;03.kwi;7;sty.44;mar.75;7;sty.44;03.maj;7;sty.75;sty.95;sty.85;sty.95;02.sie;sty.54;-1.5;sty.92;sty.92;-1;sty.95;sty.95;-1
I1;17.10.2004;Lazio;Chievo;0;1;A;0;0;D;01.wrz;03.sty;mar.75;01.wrz;03.maj;4;sty.85;03.sty;04.lut;sty.85;03.sty;03.cze;01.sie;3;kwi.33;sty.85;03.sty;04.lut;01.sie;02.wrz;04.maj;01.wrz;sty.79;02.maj;sty.75;sty.85;sty.78;-0.5;2;sty.84;-0.5;2.025;1.875;-0.5
I1;17.10.2004;Lecce;Palermo;2;0;H;0;0;D;lut.25;3;3;02.maj;3;lut.75;02.mar;lut.95;03.maj;02.kwi;02.sie;02.sie;02.lut;02.sie;03.lut;lut.25;3;03.sty;02.lut;02.sie;03.lut;sty.75;sty.95;01.wrz;01.wrz;02.mar;01.maj;-0.5;sty.78;02.cze;0;1.775;2.125;0
I1;17.10.2004;Reggina;Sampdoria;0;1;A;0;1;A;02.maj;02.kwi;lut.87;lut.55;lut.75;02.wrz;02.maj;lut.75;lut.95;02.kwi;02.sie;02.sie;lut.38;02.sie;lut.88;02.maj;02.sie;02.wrz;lut.37;02.lip;3;02.maj;sty.65;lut.25;sty.61;02.maj;sty.42;-0.5;02.sty;sty.74;-0.25;sty.75;lut.15;0
I1;23.10.2004;Atalanta;Cagliari;2;2;D;2;2;D;02.lut;3;3;02.lut;lut.75;mar.55;02.lut;lut.85;03.kwi;01.wrz;3;03.cze;02.sty;lut.75;03.maj;02.lut;lut.88;03.kwi;02.sty;lut.87;03.mar;sty.85;sty.85;02.sty;01.lip;02.lut;sty.55;-0.5;sty.84;2;-0.25;sty.85;02.maj;-0.25
I1;23.10.2004;Siena;Juventus;0;3;A;0;0;D;05.maj;03.lut;sty.61;5;mar.35;sty.65;05.maj;03.lut;sty.65;04.cze;03.kwi;01.cze;5;mar.25;sty.62;05.maj;03.mar;sty.62;05.maj;03.sty;sty.61;sty.95;sty.75;2;01.sie;02.lut;sty.65;0.5;02.gru;sty.72;0.75;lut.15;sty.75;0.75
I1;24.10.2004;Chievo;Reggina;0;0;D;0;0;D;sty.72;03.lut;04.maj;01.lip;03.maj;maj.45;sty.73;3;05.mar;01.lip;03.sty;04.kwi;sty.73;lut.88;5;sty.73;03.lut;kwi.75;sty.72;02.wrz;5;2;sty.71;lut.15;sty.66;sty.73;sty.92;-0.5;02.sie;sty.76;-0.75;02.sty;01.sie;-0.75
I1;24.10.2004;Livorno;Bologna;1;0;H;0;0;D;02.cze;02.sie;02.lip;lut.65;lut.75;lut.75;lut.55;02.sie;lut.85;02.maj;02.lip;02.sie;02.maj;lut.88;lut.62;02.cze;02.sie;02.sie;02.maj;02.sie;lut.75;2;sty.71;02.sty;01.lip;lut.55;sty.41;-0.5;sty.72;02.gru;0;2;01.wrz;-0.25
I1;24.10.2004;Messina;Lecce;1;4;A;1;3;A;02.lut;3;3;lut.25;02.wrz;03.lut;02.lut;lut.95;mar.25;02.lut;02.sie;03.sty;02.sty;3;03.lut;02.lut;3;mar.25;02.sty;lut.87;03.mar;sty.85;sty.85;01.sie;2;02.lut;sty.55;-0.5;sty.94;01.wrz;-0.25;01.wrz;2;-0.25
I1;24.10.2004;Milan;Inter;0;0;D;0;0;D;lut.37;3;03.sty;lut.45;02.wrz;lut.85;02.kwi;3;lut.85;02.kwi;02.sie;02.sie;02.lut;3;3;02.mar;lut.88;03.lut;02.mar;02.wrz;02.wrz;01.wrz;sty.79;2;01.sie;02.kwi;sty.46;-0.5;02.sie;sty.76;-0.25;lut.15;sty.75;-0.25
I1;24.10.2004;Parma;Lazio;3;1;H;2;1;H;02.kwi;3;lut.75;02.maj;02.sie;02.wrz;02.kwi;lut.85;3;02.kwi;02.sie;02.sie;lut.25;3;lut.88;02.kwi;lut.88;3;02.kwi;lut.87;02.sie;sty.95;sty.75;lut.15;sty.66;02.kwi;sty.46;-0.5;02.cze;sty.78;-0.25;sty.75;lut.15;0
I1;24.10.2004;Roma;Palermo;1;1;D;0;1;A;sty.61;03.lut;05.maj;sty.65;mar.35;05.sty;sty.65;mar.35;05.sty;01.lip;03.lut;04.lut;sty.62;mar.25;5;sty.62;03.mar;05.maj;sty.61;03.sty;05.maj;sty.85;sty.85;sty.95;sty.85;sty.65;02.lut;-0.5;sty.96;sty.88;-0.75;2;01.wrz;-0.75
I1;24.10.2004;Sampdoria;Brescia;0;1;A;0;0;D;sty.66;03.lut;5;01.cze;03.lut;06.sty;sty.65;03.lut;05.maj;sty.65;03.lut;04.cze;sty.62;mar.25;5;sty.67;03.mar;5;sty.66;03.sty;5;sty.85;sty.85;01.wrz;01.wrz;sty.65;02.lut;-0.5;sty.84;2;-0.75;sty.85;02.maj;-0.75
I1;24.10.2004;Udinese;Fiorentina;2;2;D;1;1;D;2;lut.87;mar.75;01.wrz;3;04.sty;01.wrz;lut.95;kwi.25;01.wrz;3;03.cze;sty.91;lut.88;4;2;lut.88;4;01.wrz;lut.87;4;2;sty.71;02.lut;sty.65;01.wrz;sty.74;-0.5;02.cze;sty.78;-0.5;2.075;1.825;-0.5
I1;27.10.2004;Bologna;Udinese;0;1;A;0;0;D;2;3;03.maj;lut.15;02.sie;mar.55;lut.15;3;mar.25;02.sty;02.sie;03.mar;sty.91;03.sty;03.cze;02.sty;3;03.maj;2;lut.87;03.cze;sty.95;sty.75;lut.15;sty.65;lut.15;sty.56;-0.5;sty.96;sty.88;-0.25;2;01.wrz;-0.25
I1;27.10.2004;Brescia;Siena;0;1;A;0;1;A;01.sie;3;kwi.33;sty.75;3;5;sty.75;3;5;sty.75;03.sty;04.lut;01.sie;03.lut;4;01.sie;03.sty;04.cze;01.sie;02.wrz;04.maj;sty.95;sty.75;02.maj;sty.75;sty.75;sty.88;-0.5;02.sty;sty.74;-0.75;01.wrz;2;-0.5
I1;27.10.2004;Cagliari;Parma;2;1;H;1;0;H;02.lut;3;03.sty;lut.25;02.sie;03.mar;lut.15;3;mar.25;01.wrz;03.sty;03.maj;2;3;03.kwi;02.sty;03.sty;03.mar;02.sty;3;03.lut;sty.85;sty.85;sty.95;sty.85;lut.15;sty.56;-0.5;sty.98;sty.86;-0.25;2.075;1.825;-0.25
I1;27.10.2004;Chievo;Sampdoria;0;2;A;0;2;A;2;3;03.maj;lut.35;02.lip;mar.25;lut.15;3;03.mar;2;02.sie;03.cze;02.sty;3;03.lut;02.maj;3;03.cze;02.maj;lut.87;03.maj;lut.15;01.cze;02.lut;01.cze;02.lut;sty.54;-0.5;sty.92;sty.92;-0.25;02.maj;sty.85;-0.25
I1;27.10.2004;Lazio;Messina;2;0;H;1;0;H;sty.72;mar.25;kwi.33;sty.75;3;5;01.sie;03.sty;04.maj;sty.75;03.sty;04.lut;01.sie;3;kwi.33;01.sie;03.sty;04.maj;sty.72;03.sty;04.maj;sty.85;sty.85;2;01.sie;01.sie;sty.84;-0.5;sty.84;2;-0.5;01.wrz;2;-0.5
I1;27.10.2004;Lecce;Inter;2;2;D;1;2;A;03.mar;03.sty;2;04.sty;03.mar;01.sie;03.cze;03.mar;sty.93;03.kwi;02.wrz;2;03.lut;03.lut;2;mar.75;03.sty;sty.91;mar.75;02.wrz;sty.95;01.cze;lut.15;01.lip;02.sty;sty.72;sty.93;0.5;01.wrz;sty.94;0.5;1.925;1.975;0.5
I1;27.10.2004;Milan;Atalanta;3;0;H;0;0;D;sty.25;5;9;sty.21;05.lut;12;sty.22;5;12;sty.27;04.lut;9;sty.22;5;10;sty.25;5;10.maj;01.lut;5;11;sty.71;2;sty.85;sty.95;sty.22;mar.53;-0.5;01.wrz;sty.94;-1.5;1.975;1.925;-1.5
I1;27.10.2004;Palermo;Livorno;1;2;A;1;1;D;sty.61;03.lut;05.maj;01.maj;mar.25;lip.75;sty.57;mar.25;06.mar;01.cze;03.mar;04.sie;sty.57;mar.25;05.maj;sty.62;03.mar;05.maj;sty.57;03.sty;6;2;sty.71;02.sty;01.lip;sty.57;lut.14;-0.5;sty.76;02.sie;-0.75;01.sie;02.sty;-0.75
I1;27.10.2004;Reggina;Fiorentina;1;2;A;0;0;D;lut.25;3;3;02.mar;lut.85;mar.15;02.mar;02.wrz;03.sty;02.mar;02.lip;3;lut.25;lut.88;3;02.mar;lut.88;03.lut;lut.15;3;03.sty;02.maj;sty.65;02.lut;01.cze;02.mar;01.maj;-0.5;02.lut;sty.82;-0.25;2.075;1.825;-0.25
I1;28.10.2004;Juventus;Roma;2;0;H;1;0;H;sty.66;03.lut;6;01.lip;03.lut;04.wrz;sty.67;03.mar;5;sty.65;03.lut;04.cze;sty.73;03.lut;kwi.33;sty.67;03.lut;05.maj;01.lip;03.lut;04.maj;sty.79;01.wrz;2;01.sie;sty.67;sty.99;-0.5;sty.94;01.wrz;-0.75;sty.95;sty.95;-0.75
I1;30.10.2004;Inter;Lazio;1;1;D;0;0;D;sty.57;03.kwi;7;sty.45;03.lip;7;sty.47;mar.55;07.lut;01.cze;03.mar;04.sie;01.maj;03.kwi;6;sty.53;03.kwi;06.maj;sty.57;03.sty;6;sty.79;01.wrz;sty.85;sty.95;sty.47;lut.38;-0.5;01.wrz;sty.94;-1;1.875;2.025;-1
I1;30.10.2004;Sampdoria;Milan;0;1;A;0;0;D;4;3;sty.83;04.lut;03.sty;sty.85;04.kwi;mar.15;01.sie;03.sie;03.sty;01.sie;5;mar.25;sty.62;kwi.33;03.lut;01.sie;04.lut;3;01.sie;sty.95;sty.75;02.sty;01.lip;sty.84;01.sie;0.5;sty.78;02.cze;0.75;sty.75;lut.15;0.75
I1;31.10.2004;Fiorentina;Lecce;4;0;H;1;0;H;02.sty;3;mar.25;02.sty;03.maj;mar.35;lut.15;03.sty;03.lut;02.sty;02.sie;03.mar;2;3;03.kwi;02.sty;03.sty;03.mar;lut.15;lut.87;mar.25;sty.75;sty.95;sty.85;sty.95;lut.15;sty.57;-0.5;sty.94;01.wrz;-0.25;01.wrz;2;-0.25
I1;31.10.2004;Juventus;Chievo;3;0;H;1;0;H;sty.36;4;7;sty.45;03.lip;7;01.kwi;mar.85;07.lip;sty.35;4;7;01.mar;4;9;sty.36;4;08.maj;01.kwi;mar.75;7;sty.79;01.wrz;sty.85;sty.95;02.lut;sty.58;-1.5;02.cze;sty.78;-1.5;1.825;2.075;-1.25
I1;31.10.2004;Livorno;Brescia;2;1;H;1;1;D;02.sty;3;mar.25;02.sty;02.sie;mar.75;02.sty;3;mar.45;02.lut;02.sie;03.sty;2;3;03.kwi;02.lut;3;mar.25;lut.25;lut.87;3;sty.95;sty.75;02.sty;01.lip;02.sty;01.cze;-0.5;sty.78;02.cze;-0.25;1.775;2.125;-0.25
I1;31.10.2004;Messina;Reggina;2;1;H;0;1;A;01.wrz;3;mar.75;02.sty;lut.85;03.lip;2;3;mar.75;2;02.sie;03.cze;sty.91;lut.88;4;sty.91;03.sty;4;2;lut.87;03.cze;2;sty.71;02.sty;01.lip;2;sty.67;-0.5;02.sty;sty.74;-0.5;lut.15;sty.75;-0.5
I1;31.10.2004;Parma;Atalanta;2;2;D;1;1;D;sty.72;03.lut;kwi.33;01.lip;3;05.maj;01.lip;03.lut;5;sty.75;03.sty;04.lut;sty.73;lut.88;5;sty.75;mar.25;04.maj;01.lip;03.lut;04.maj;sty.85;sty.85;sty.95;sty.85;01.lip;sty.95;-0.5;02.lut;sty.82;-0.75;2;01.wrz;-0.75
I1;31.10.2004;Roma;Cagliari;5;1;H;2;1;H;sty.61;mar.25;5;01.cze;03.lut;6;sty.55;03.kwi;cze.25;sty.55;03.kwi;5;sty.62;mar.25;5;sty.53;03.cze;6;01.maj;03.kwi;6;sty.75;sty.95;01.sie;2;sty.55;02.lut;-0.5;2;sty.84;-1;02.sty;01.sie;-1
I1;31.10.2004;Siena;Bologna;1;1;D;0;1;A;02.lut;3;03.sty;lut.15;lut.75;mar.65;lut.15;3;03.mar;02.lut;02.sie;03.sty;02.sty;3;03.lut;lut.25;3;03.sty;02.sty;lut.87;03.mar;02.maj;sty.65;lut.25;sty.61;lut.15;sty.58;-0.5;sty.92;sty.92;-0.25;1.875;2.025;-0.25
I1;31.10.2004;Udinese;Palermo;1;0;H;0;0;D;02.sty;3;mar.25;lut.15;02.sie;mar.65;02.sty;lut.85;mar.65;2;02.sie;03.cze;02.sty;02.sie;03.maj;02.sty;3;03.maj;sty.83;3;4;2;sty.71;lut.15;sty.66;02.sty;01.cze;-0.5;01.sie;02.kwi;-0.25;01.sie;02.sty;-0.25
I1;06.11.2004;Brescia;Chievo;1;0;H;0;0;D;lut.37;lut.87;lut.87;lut.45;lut.75;03.maj;02.maj;lut.75;lut.95;02.kwi;02.lip;02.wrz;lut.38;02.sie;lut.88;02.maj;lut.88;lut.88;lut.37;02.sie;02.wrz;2;sty.71;lut.25;sty.61;02.maj;sty.42;-0.5;sty.84;2;0;01.wrz;2;0
I1;06.11.2004;Reggina;Juventus;2;1;H;2;1;H;6;03.kwi;sty.53;6;mar.45;sty.55;06.maj;mar.45;sty.52;5;03.kwi;sty.55;6;03.kwi;01.maj;6;03.kwi;sty.57;05.maj;03.kwi;sty.53;2;sty.71;02.sty;01.lip;lut.25;sty.52;0.5;sty.84;2;1;1.925;1.975;1
I1;07.11.2004;Atalanta;Sampdoria;0;0;D;0;0;D;02.kwi;02.wrz;02.sie;lut.55;lut.75;02.wrz;02.maj;lut.75;lut.95;02.kwi;02.sie;02.sie;lut.38;02.sie;lut.88;02.maj;lut.88;lut.88;02.maj;02.wrz;lut.62;01.wrz;sty.79;02.sty;01.lip;02.maj;sty.42;-0.5;sty.84;2;0;sty.85;02.maj;0
I1;07.11.2004;Bologna;Messina;2;2;D;1;2;A;2;3;03.maj;sty.95;lut.85;04.lut;sty.95;02.wrz;04.sty;2;02.wrz;03.kwi;sty.91;lut.88;4;2;3;mar.75;sty.95;3;03.cze;sty.85;sty.85;2;01.sie;sty.95;01.lip;-0.5;02.lut;sty.82;-0.5;02.maj;sty.85;-0.5
I1;07.11.2004;Cagliari;Livorno;0;0;D;0;0;D;01.wrz;03.sty;mar.75;01.sie;03.sty;04.maj;01.sie;3;04.lip;01.sie;3;4;01.sie;03.lut;4;01.sie;03.lut;kwi.33;sty.72;03.sty;04.maj;sty.85;sty.85;02.maj;sty.75;01.sie;sty.83;-0.5;sty.82;02.lut;-0.5;01.sie;02.sty;-0.5
I1;07.11.2004;Fiorentina;Inter;1;1;D;1;0;H;mar.25;3;02.sty;03.kwi;02.wrz;lut.15;03.kwi;mar.15;02.maj;03.mar;02.sie;02.sty;03.lut;03.lut;2;mar.25;3;02.lut;03.mar;lut.87;02.sty;sty.79;01.wrz;sty.85;sty.95;sty.64;02.maj;0.5;2;sty.84;0.25;2.075;1.825;0.25
I1;07.11.2004;Lazio;Siena;1;1;D;0;0;D;sty.72;mar.25;kwi.33;sty.75;mar.25;kwi.65;sty.65;03.lut;maj.35;sty.65;03.lut;04.cze;sty.62;mar.25;5;sty.67;03.kwi;5;sty.61;03.sty;05.maj;sty.95;sty.75;02.sty;01.lip;sty.65;2;-0.5;02.cze;sty.78;-0.75;sty.85;02.maj;-0.5
I1;07.11.2004;Lecce;Udinese;3;4;A;1;1;D;02.sty;3;mar.25;02.lut;lut.85;mar.35;02.sty;03.sty;03.mar;02.sty;02.wrz;03.lut;02.sty;3;03.lut;02.sty;03.sty;03.mar;lut.15;3;03.sty;sty.71;2;sty.85;sty.95;02.sty;01.cze;-0.5;sty.98;sty.86;-0.25;2;01.wrz;-0.25
I1;07.11.2004;Milan;Roma;1;1;D;1;0;H;sty.61;03.kwi;6;sty.65;03.mar;maj.15;sty.65;mar.25;05.mar;sty.65;03.lut;04.cze;sty.62;mar.25;5;sty.62;03.kwi;05.maj;sty.57;03.mar;05.maj;sty.75;sty.95;2;01.sie;sty.65;02.sty;-0.5;sty.82;02.lut;-0.75;1.825;2.075;-0.75
I1;07.11.2004;Palermo;Parma;1;1;D;0;1;A;01.wrz;03.sty;mar.75;01.wrz;03.maj;4;sty.85;03.sty;04.lut;sty.85;03.sty;03.cze;sty.91;3;mar.75;sty.91;3;04.lut;01.wrz;3;mar.75;01.wrz;sty.79;02.sty;01.lip;sty.85;sty.78;-0.5;sty.92;sty.92;-0.5;2.025;1.875;-0.5
I1;10.11.2004;Brescia;Milan;0;0;D;0;0;D;6;03.lut;sty.57;6;03.mar;sty.58;6;03.lut;01.cze;04.cze;03.lut;sty.65;06.maj;03.cze;sty.44;6;03.kwi;sty.57;6;mar.25;sty.53;sty.95;sty.75;02.maj;sty.75;02.wrz;01.cze;0.5;sty.76;02.sie;1;01.sie;02.sty;1
I1;10.11.2004;Chievo;Atalanta;1;0;H;0;0;D;01.sie;03.lut;4;sty.85;lut.85;kwi.75;sty.77;3;5;01.sie;02.wrz;04.lut;01.sie;3;kwi.33;01.sie;03.sty;04.maj;sty.72;02.wrz;5;02.maj;sty.65;02.sty;01.lip;sty.77;sty.88;-0.5;sty.94;01.wrz;-0.5;sty.95;sty.95;-0.5
I1;10.11.2004;Inter;Bologna;2;2;D;1;0;H;01.kwi;03.sie;7;sty.35;kwi.25;8;01.kwi;03.sie;8;sty.37;03.lip;7;01.kwi;03.maj;8;sty.44;03.cze;8;sty.44;03.maj;7;sty.85;sty.85;01.sie;2;02.lut;sty.52;-1.5;sty.86;sty.98;-1.25;1.925;1.975;-1.25
I1;10.11.2004;Juventus;Fiorentina;1;0;H;0;0;D;01.kwi;4;9;sty.35;04.lut;8;sty.33;4;10;01.kwi;03.lip;06.maj;sty.25;04.maj;10;sty.33;04.lut;9;sty.33;04.lut;07.maj;sty.85;sty.85;01.wrz;01.wrz;sty.87;sty.61;-1.5;02.kwi;01.sie;-1.25;02.sty;01.sie;-1.25
I1;10.11.2004;Livorno;Lazio;1;0;H;1;0;H;02.maj;3;lut.62;02.maj;02.sie;02.wrz;lut.65;02.wrz;lut.65;02.maj;02.sie;02.lip;lut.25;3;lut.88;02.maj;3;lut.75;lut.62;02.wrz;02.maj;sty.95;sty.75;02.lut;sty.65;lut.65;sty.38;-0.5;sty.78;02.cze;0;1.825;2.075;0
I1;10.11.2004;Parma;Reggina;1;0;H;0;0;D;sty.83;3;04.lut;sty.85;lut.95;04.maj;sty.83;3;kwi.55;sty.85;02.wrz;4;sty.73;lut.88;5;sty.83;03.sty;kwi.33;sty.83;3;4;2;sty.71;02.sty;01.lip;sty.83;sty.81;-0.5;01.wrz;sty.94;-0.5;1.925;1.975;-0.5
I1;10.11.2004;Roma;Udinese;0;3;A;0;1;A;01.sie;3;kwi.33;sty.75;mar.25;04.maj;sty.67;03.mar;5;01.lip;03.lut;04.lut;sty.67;03.lut;5;01.lip;mar.25;5;01.lip;3;5;sty.79;01.wrz;sty.85;sty.95;sty.67;sty.99;-0.5;sty.82;02.lut;-0.5;1.875;2.025;-0.5
I1;10.11.2004;Sampdoria;Cagliari;0;0;D;0;0;D;01.sie;3;kwi.33;sty.75;03.mar;04.maj;sty.75;mar.25;kwi.75;sty.75;03.sty;04.lut;sty.73;03.lut;kwi.33;sty.83;03.sty;kwi.33;01.sie;3;04.lut;sty.95;sty.75;2;01.sie;sty.75;sty.93;-0.5;sty.76;02.sie;-0.5;sty.75;lut.15;-0.5
I1;10.11.2004;Siena;Lecce;1;1;D;1;0;H;lut.37;3;lut.75;lut.45;lut.95;02.sie;02.kwi;02.wrz;lut.95;02.mar;02.lip;3;02.lut;3;3;lut.38;lut.88;3;lut.37;02.wrz;02.sie;sty.79;01.wrz;sty.75;02.maj;02.kwi;sty.46;-0.5;sty.74;02.sty;0;1.775;2.125;0
I1;11.11.2004;Messina;Palermo;0;0;D;0;0;D;02.sty;02.sie;03.maj;02.kwi;lut.85;3;02.kwi;lut.85;3;02.mar;02.lip;3;02.lut;02.sie;03.lut;02.lut;lut.88;03.kwi;02.maj;02.wrz;03.kwi;2;sty.71;02.sty;01.lip;02.kwi;sty.46;-0.5;02.lut;sty.82;-0.25;2.125;1.775;-0.25
I1;14.11.2004;Atalanta;Brescia;0;0;D;0;0;D;lut.25;3;3;lut.15;3;03.mar;02.mar;lut.85;03.lut;02.lut;02.lip;03.lut;lut.25;lut.75;03.lut;02.mar;lut.88;03.lut;02.mar;02.sie;3;;;02.sty;01.lip;02.mar;sty.51;-0.5;sty.96;sty.88;-0.25;sty.95;sty.95;-0.25
I1;14.11.2004;Cagliari;Inter;3;3;D;2;1;H;03.maj;3;2;kwi.25;lut.95;01.wrz;mar.75;3;2;03.sie;02.lip;2;03.kwi;lut.88;02.sty;mar.75;3;2;4;lut.87;01.wrz;01.wrz;sty.79;sty.95;sty.85;sty.67;2;0.5;sty.78;02.cze;0.5;01.sie;02.sty;0.5
I1;14.11.2004;Fiorentina;Livorno;1;1;D;0;0;D;01.sie;3;kwi.33;01.lip;03.mar;kwi.75;01.sie;03.sty;04.maj;01.sie;02.wrz;04.lut;sty.83;02.sie;04.maj;01.sie;03.sty;04.maj;sty.72;3;04.sie;sty.95;sty.75;lut.15;sty.66;01.sie;sty.84;-0.5;01.sie;02.kwi;-0.5;01.sie;02.sty;-0.5
I1;14.11.2004;Lazio;Bologna;2;1;H;1;0;H;01.wrz;03.sty;mar.75;01.wrz;03.maj;4;sty.95;3;4;01.wrz;02.wrz;03.sie;sty.91;lut.88;4;sty.91;3;04.lut;01.sie;3;04.lut;2;sty.71;lut.15;sty.66;sty.95;sty.71;-0.5;02.cze;sty.78;-0.5;02.sty;01.sie;-0.5
I1;14.11.2004;Lecce;Juventus;0;1;A;0;1;A;5;03.sty;01.sie;04.maj;03.sty;01.sie;kwi.25;mar.25;01.sie;4;03.lut;sty.75;05.maj;mar.25;sty.57;04.maj;03.sty;01.sie;04.maj;03.lut;01.lip;sty.75;sty.95;01.sie;2;sty.84;01.sie;0.5;sty.78;02.cze;0.75;1.825;2.075;0.75
I1;14.11.2004;Milan;Siena;2;1;H;2;1;H;sty.25;04.maj;11;sty.22;05.lut;11;sty.25;04.sie;11;sty.22;04.cze;10;sty.25;04.maj;10;sty.25;5;10;01.lut;5;11;sty.75;sty.95;sty.85;sty.95;sty.25;mar.34;-0.5;02.sty;sty.74;-1.75;1.875;2.025;-1.5
I1;14.11.2004;Palermo;Sampdoria;2;0;H;1;0;H;lut.25;3;3;lut.25;02.sie;03.mar;lut.25;3;3;02.lut;02.lip;03.lut;lut.25;lut.88;3;02.lut;02.wrz;03.mar;lut.25;02.wrz;3;;;02.mar;01.cze;02.sty;sty.59;-0.5;sty.94;01.wrz;-0.25;1.875;2.025;-0.25
I1;14.11.2004;Parma;Chievo;2;2;D;0;0;D;02.sty;3;mar.25;lut.15;lut.95;mar.35;lut.15;02.wrz;mar.45;02.sty;02.sie;03.mar;sty.91;3;mar.75;02.sty;lut.88;03.cze;lut.15;lut.87;mar.25;2;sty.71;02.lut;sty.65;lut.15;sty.58;-0.5;01.sie;02.kwi;-0.25;01.sie;02.sty;-0.25
I1;14.11.2004;Reggina;Roma;1;0;H;1;0;H;lut.75;3;lut.37;02.wrz;3;lut.35;3;3;02.mar;03.lut;02.wrz;02.sty;3;lut.88;lut.25;03.lut;02.wrz;lut.25;3;lut.87;lut.25;01.wrz;sty.79;02.sty;01.lip;01.maj;02.mar;0.5;sty.84;2;0.25;1.875;2.025;0.25
I1;14.11.2004;Udinese;Messina;1;1;D;0;1;A;sty.72;03.lut;04.maj;01.lip;03.sty;05.maj;sty.75;03.lut;04.maj;01.lip;03.sty;04.kwi;sty.73;03.lut;kwi.33;sty.73;03.lut;kwi.75;sty.72;03.sty;04.maj;;;02.maj;sty.75;sty.75;sty.87;-0.5;sty.92;sty.92;-0.75;sty.95;sty.95;-0.75
I1;27.11.2004;Livorno;Udinese;1;2;A;0;1;A;02.maj;lut.75;lut.87;lut.65;02.lip;lut.85;02.cze;02.sie;02.sie;02.maj;02.sie;02.lip;lut.38;02.sie;lut.88;02.maj;02.sie;02.wrz;02.maj;02.sie;lut.75;sty.95;sty.75;02.lut;sty.65;02.cze;01.kwi;-0.5;sty.94;01.wrz;0;1.975;1.925;0
I1;27.11.2004;Siena;Roma;0;4;A;0;0;D;lut.75;3;lut.37;lut.95;lut.95;lut.35;lut.95;lut.95;lut.35;02.sie;02.sie;02.kwi;lut.75;3;lut.38;02.wrz;3;lut.38;02.wrz;02.sie;lut.37;sty.85;sty.85;02.maj;sty.75;sty.48;lut.35;0.5;lut.14;01.lip;0;sty.85;02.maj;0.25
I1;28.11.2004;Atalanta;Reggina;0;1;A;0;1;A;02.lut;3;03.sty;02.sty;lut.85;03.cze;lut.15;lut.85;03.maj;02.sty;02.lip;03.maj;02.sty;lut.75;03.maj;02.lut;3;mar.25;lut.15;lut.87;mar.25;02.maj;sty.65;lut.37;sty.55;lut.15;sty.57;-0.5;sty.74;02.sty;-0.25;2.075;1.825;-0.5
I1;28.11.2004;Bologna;Lecce;0;0;D;0;0;D;02.sty;03.sty;03.lut;02.lut;03.sty;03.sty;02.lut;03.sty;03.sty;02.sty;02.sie;03.mar;2;3;03.kwi;02.lut;03.sty;03.sty;lut.15;lut.87;mar.25;sty.65;02.maj;sty.66;lut.15;02.lut;sty.55;-0.5;02.sty;sty.74;-0.25;02.sty;01.sie;-0.25
I1;28.11.2004;Brescia;Palermo;0;2;A;0;2;A;lut.37;lut.75;3;lut.55;02.lip;lut.95;lut.55;lut.75;02.wrz;02.kwi;02.lip;02.wrz;lut.38;02.sie;lut.88;02.kwi;02.sie;03.sty;lut.37;02.lip;3;02.maj;sty.65;02.kwi;sty.53;lut.55;sty.41;-0.5;sty.74;02.sty;0;2.175;1.725;-0.25
I1;28.11.2004;Chievo;Milan;0;1;A;0;0;D;04.maj;03.lut;sty.72;05.cze;03.lut;sty.65;5;03.lut;01.lip;04.lut;03.sty;sty.75;05.maj;lut.88;sty.67;5;mar.25;01.lip;5;03.sty;sty.66;01.wrz;sty.79;lut.15;sty.66;sty.95;01.lip;0.5;01.wrz;sty.94;0.75;1.925;1.975;0.75
I1;28.11.2004;Inter;Juventus;2;2;D;0;0;D;02.cze;3;02.sie;lut.55;3;02.lip;lut.55;lut.95;02.lip;02.cze;02.sie;02.cze;02.kwi;02.sie;lut.88;02.cze;lut.88;lut.75;02.cze;02.lip;02.lip;sty.85;sty.85;2;01.sie;lut.55;sty.41;-0.5;sty.78;02.cze;0;1.825;2.075;0
I1;28.11.2004;Lazio;Cagliari;2;3;A;1;1;D;sty.83;03.sty;4;01.wrz;3;kwi.15;01.wrz;3;kwi.15;01.sie;03.sty;03.sie;01.sie;03.lut;4;sty.91;3;04.lut;01.sie;03.sty;4;sty.85;sty.85;02.maj;sty.75;01.wrz;sty.74;-0.5;sty.98;sty.86;-0.5;2.025;1.875;-0.5
I1;28.11.2004;Messina;Fiorentina;1;1;D;0;0;D;lut.37;lut.75;3;lut.55;02.lip;lut.95;02.maj;lut.75;lut.95;02.mar;02.lip;3;lut.38;02.sie;lut.88;02.maj;02.sie;02.wrz;lut.37;02.sie;02.wrz;01.wrz;sty.79;lut.25;sty.61;02.maj;sty.42;-0.5;sty.84;2;0;01.wrz;2;0
I1;28.11.2004;Sampdoria;Parma;1;0;H;0;0;D;01.sie;03.sty;04.lut;01.wrz;3;kwi.15;01.wrz;3;kwi.15;2;02.wrz;03.kwi;sty.83;3;4;sty.91;03.sty;4;01.wrz;lut.87;4;2;sty.71;lut.25;sty.61;01.wrz;sty.74;-0.5;01.wrz;sty.94;-0.5;sty.95;sty.95;-0.5
I1;04.12.2004;Inter;Messina;5;0;H;3;0;H;sty.36;mar.75;08.maj;01.mar;04.mar;10;sty.31;kwi.25;10;01.kwi;03.maj;7;01.kwi;03.maj;8;01.kwi;mar.75;08.maj;01.kwi;03.mar;9;sty.75;sty.95;01.lip;02.sty;sty.81;sty.66;-1.5;02.sie;sty.76;-1.5;02.sty;01.sie;-1.5
I1;04.12.2004;Parma;Milan;1;2;A;0;0;D;5;3;sty.72;05.lut;03.mar;sty.65;05.sty;mar.25;sty.68;04.lut;03.sty;sty.75;5;mar.25;sty.62;5;mar.25;01.lip;05.maj;03.sty;sty.61;2;sty.71;lut.15;sty.66;sty.99;sty.68;0.5;sty.94;01.wrz;0.75;2;01.wrz;0.75
I1;05.12.2004;Cagliari;Chievo;4;2;H;3;0;H;2;lut.87;mar.75;02.sty;02.sie;mar.75;02.sty;lut.85;03.lip;01.wrz;02.wrz;03.sie;sty.91;lut.88;4;2;lut.88;4;02.sty;02.sie;03.kwi;2;sty.71;02.sty;01.lip;02.sty;sty.61;-0.5;02.sty;sty.74;-0.5;1.825;2.075;-0.25
I1;05.12.2004;Fiorentina;Bologna;1;0;H;0;0;D;sty.83;lut.87;04.maj;sty.85;lut.85;kwi.75;01.sie;lut.95;kwi.85;01.wrz;02.sie;4;sty.83;lut.88;kwi.33;01.sie;3;kwi.75;01.wrz;lut.75;04.lut;02.maj;sty.65;02.lut;sty.65;01.sie;sty.83;-0.5;01.sie;02.kwi;-0.5;sty.85;02.maj;-0.5
I1;05.12.2004;Juventus;Lazio;2;1;H;1;1;D;sty.36;kwi.33;9;sty.35;kwi.15;08.maj;sty.31;04.mar;09.lip;sty.45;03.cze;05.sie;01.mar;4;9;sty.36;4;9;sty.33;4;8;sty.79;01.wrz;01.wrz;01.wrz;sty.81;sty.66;-1.5;sty.88;sty.96;-1.25;sty.85;02.maj;-1.25
I1;05.12.2004;Lecce;Livorno;3;2;H;1;2;A;01.wrz;03.sty;mar.75;01.wrz;mar.15;03.wrz;sty.87;mar.15;4;sty.85;3;03.sie;sty.91;3;mar.75;sty.91;03.sty;4;sty.83;lut.87;kwi.33;sty.75;sty.95;01.lip;02.sty;sty.87;sty.76;-0.5;sty.92;sty.92;-0.5;sty.95;sty.95;-0.5
I1;05.12.2004;Palermo;Atalanta;1;0;H;1;0;H;01.maj;mar.25;7;01.maj;03.kwi;7;sty.51;03.kwi;7;01.cze;03.mar;04.sie;01.maj;03.lut;7;sty.53;03.mar;7;sty.53;mar.25;6;02.maj;sty.65;lut.15;sty.66;sty.51;lut.29;-0.5;02.sty;sty.74;-1;1.825;2.075;-0.75
I1;05.12.2004;Reggina;Brescia;1;3;A;0;2;A;01.wrz;02.wrz;4;02.maj;lut.75;4;02.sty;lut.75;03.sie;2;02.sie;03.cze;sty.91;3;mar.75;2;lut.88;4;2;02.sie;mar.75;lut.15;01.cze;02.mar;01.cze;02.sty;01.cze;-0.5;02.sty;sty.74;-0.5;01.sie;02.sty;-0.25
I1;05.12.2004;Roma;Sampdoria;1;1;D;0;0;D;sty.72;03.mar;5;sty.73;03.lut;kwi.75;sty.75;03.sty;5;sty.75;03.lut;4;sty.73;03.lut;kwi.33;sty.75;03.lut;kwi.75;01.sie;02.wrz;04.maj;sty.85;sty.85;2;01.sie;sty.75;sty.91;-0.5;sty.84;2;-0.5;sty.85;02.maj;-0.5
I1;05.12.2004;Udinese;Siena;1;0;H;1;0;H;sty.57;03.lut;6;sty.58;03.sty;cze.85;sty.57;mar.15;06.sie;01.maj;03.kwi;05.cze;sty.62;mar.25;5;sty.53;mar.25;7;sty.57;03.sty;6;sty.95;sty.75;02.maj;sty.75;sty.57;lut.15;-0.5;sty.92;sty.92;-1;sty.95;sty.95;-1
I1;11.12.2004;Atalanta;Udinese;0;1;A;0;1;A;3;3;lut.25;lut.95;lut.95;lut.35;3;3;02.mar;02.wrz;02.sie;02.mar;3;lut.88;lut.25;3;03.sty;lut.25;3;lut.87;lut.25;2;sty.71;02.lut;sty.61;01.maj;02.mar;0.5;01.sie;02.kwi;0.25;1.875;2.025;0.25
I1;11.12.2004;Lazio;Lecce;3;3;D;0;2;A;02.sty;03.lut;03.maj;2;03.sty;03.cze;02.sty;03.sty;03.mar;01.wrz;03.sty;03.maj;2;3;03.kwi;02.maj;03.lut;03.cze;2;03.sty;03.mar;sty.65;02.maj;sty.61;02.lut;02.sty;01.cze;-0.5;02.gru;sty.72;-0.5;02.lut;01.lip;-0.5
I1;12.12.2004;Bologna;Juventus;0;1;A;0;0;D;6;03.kwi;sty.61;06.maj;03.mar;sty.55;6;mar.25;01.cze;04.cze;03.lut;sty.65;6;03.lut;sty.57;6;03.kwi;sty.62;6;mar.25;sty.53;sty.95;sty.75;2;sty.72;02.lis;01.cze;0.5;02.sty;sty.74;0.75;lut.15;sty.75;0.75
I1;12.12.2004;Brescia;Roma;0;1;A;0;0;D;lut.87;lut.87;lut.37;02.wrz;3;lut.35;3;03.sty;lut.25;02.lip;02.wrz;02.kwi;02.sie;lut.88;lut.38;lut.88;3;02.kwi;02.wrz;02.wrz;02.mar;2;sty.71;2;sty.72;sty.52;lut.25;0.5;01.sie;02.kwi;0.25;sty.85;02.maj;0.25
I1;12.12.2004;Chievo;Palermo;2;1;H;2;0;H;lut.37;02.sie;lut.87;lut.55;02.lip;3;02.kwi;lut.75;03.sty;02.kwi;02.lip;02.wrz;lut.38;02.sie;lut.88;lut.38;02.sie;03.sty;02.mar;02.sie;3;lut.25;sty.55;02.lut;sty.61;02.kwi;sty.46;-0.5;sty.88;sty.96;0;sty.85;02.maj;0
I1;12.12.2004;Livorno;Parma;2;0;H;1;0;H;lut.25;lut.87;03.sty;02.kwi;lut.85;3;lut.35;02.wrz;3;02.sty;02.wrz;03.lut;02.lut;3;3;02.mar;02.wrz;03.sty;lut.25;lut.87;3;02.maj;sty.65;02.lut;sty.61;lut.35;sty.47;-0.5;02.cze;sty.78;-0.25;2.075;1.825;-0.25
I1;12.12.2004;Milan;Fiorentina;6;0;H;2;0;H;sty.44;03.maj;07.maj;01.kwi;mar.65;9;01.kwi;03.sie;8;01.kwi;03.lip;06.maj;sty.33;mar.75;9;01.kwi;4;07.maj;sty.36;mar.75;8;2;sty.71;2;sty.72;02.lut;sty.52;-1.5;lut.14;01.lip;-1.25;1.925;1.975;-1
I1;12.12.2004;Reggina;Cagliari;3;2;H;1;1;D;02.mar;02.wrz;3;lut.35;lut.85;03.maj;02.kwi;lut.75;03.sty;02.lut;02.sie;03.sty;lut.25;3;lut.88;lut.38;02.wrz;3;lut.25;lut.87;3;sty.85;sty.85;2;sty.72;02.kwi;sty.46;-0.5;02.kwi;01.sie;-0.25;2.075;1.825;-0.25
I1;12.12.2004;Sampdoria;Messina;1;0;H;1;0;H;sty.66;3;05.maj;01.lip;3;05.maj;01.lip;03.sty;maj.25;01.lip;03.sty;04.kwi;sty.67;lut.88;05.maj;01.lip;3;05.maj;sty.72;02.wrz;5;02.maj;sty.65;02.lut;sty.61;01.lip;sty.95;-0.5;sty.84;2;-0.75;01.wrz;2;-0.75
I1;12.12.2004;Siena;Inter;2;2;D;1;1;D;05.maj;03.kwi;sty.57;6;mar.45;sty.55;6;mar.25;01.cze;5;03.lut;01.cze;6;3;sty.62;05.maj;03.mar;sty.62;6;03.sty;sty.57;sty.75;sty.95;sty.72;2;lut.19;01.cze;0.5;02.sty;sty.74;0.75;sty.85;02.maj;1
I1;18.12.2004;Juventus;Milan;0;0;D;0;0;D;02.maj;lut.87;3;02.kwi;02.sie;03.sty;lut.35;lut.85;03.sty;02.lut;02.sie;03.sty;lut.25;lut.88;3;lut.38;3;03.sty;02.mar;02.sie;3;lut.15;01.cze;lut.25;sty.61;lut.35;sty.48;-0.5;01.sie;02.kwi;0;01.sie;02.sty;0
I1;19.12.2004;Bologna;Reggina;2;0;H;1;0;H;01.wrz;02.wrz;4;sty.85;3;kwi.35;01.wrz;3;kwi.15;2;3;03.mar;sty.91;3;mar.75;sty.95;3;4;01.wrz;3;mar.75;02.maj;sty.65;02.lut;sty.65;01.wrz;sty.74;-0.5;sty.88;sty.96;-0.5;1.825;2.075;-0.5
I1;19.12.2004;Fiorentina;Chievo;2;0;H;1;0;H;01.wrz;02.wrz;4;2;02.sie;04.sty;sty.95;lut.95;4;2;02.wrz;03.kwi;01.sie;3;kwi.33;sty.91;03.sty;4;2;lut.87;03.cze;2;sty.71;lut.15;sty.66;sty.95;01.lip;-0.5;sty.98;sty.86;-0.5;2.075;1.825;-0.5
I1;19.12.2004;Inter;Brescia;1;0;H;1;0;H;sty.36;mar.75;9;sty.33;4;10;sty.35;4;9;01.kwi;03.lip;06.maj;sty.36;mar.75;8;sty.36;mar.75;10;01.kwi;03.mar;9;01.cze;lut.15;sty.65;02.lut;sty.93;sty.57;-1.5;02.kwi;01.sie;-1.5;2.075;1.825;-1.5
I1;19.12.2004;Lecce;Sampdoria;1;4;A;0;1;A;lut.25;03.sty;lut.87;02.mar;mar.15;lut.85;02.lut;03.sty;03.sty;02.lut;02.wrz;3;02.lut;3;3;lut.25;03.sty;3;02.sty;3;03.lut;sty.71;2;01.lip;02.sty;02.lut;sty.55;-0.5;sty.98;sty.86;-0.25;02.maj;sty.85;-0.25
I1;19.12.2004;Palermo;Cagliari;3;0;H;3;0;H;01.sie;3;kwi.33;sty.85;lut.95;04.maj;01.wrz;lut.95;kwi.25;sty.85;02.wrz;4;sty.91;3;mar.75;sty.85;3;kwi.33;sty.95;lut.87;03.sie;sty.95;sty.75;sty.95;sty.85;01.wrz;sty.74;-0.5;;;;1.925;1.975;-0.5
I1;19.12.2004;Roma;Parma;5;1;H;2;1;H;sty.53;03.kwi;6;01.maj;03.sie;6;sty.52;03.cze;6;01.cze;03.mar;04.sie;sty.53;mar.25;6;sty.53;03.maj;6;sty.53;03.maj;05.maj;sty.79;01.wrz;sty.85;sty.95;sty.52;lut.25;-0.5;02.lut;sty.82;-1;2.025;1.875;-1
I1;19.12.2004;Siena;Livorno;1;1;D;1;0;H;02.lut;02.sie;mar.25;lut.25;02.sie;mar.35;lut.25;lut.85;mar.25;02.lut;02.lip;03.lut;lut.25;lut.88;3;lut.25;lut.88;mar.25;lut.25;02.sie;03.sty;sty.95;sty.75;2;01.sie;lut.25;sty.52;-0.5;sty.92;sty.92;-0.25;2;01.wrz;-0.25
I1;19.12.2004;Udinese;Lazio;3;0;H;3;0;H;sty.72;3;5;sty.75;3;05.sty;sty.75;03.sty;04.wrz;01.wrz;3;03.cze;sty.73;03.lut;kwi.33;01.sie;03.sty;04.maj;01.sie;02.wrz;04.maj;sty.85;sty.85;01.wrz;01.wrz;sty.75;01.wrz;-0.5;01.wrz;sty.94;-0.5;1.825;2.075;-0.5
I1;06.01.2005;Atalanta;Fiorentina;1;0;H;0;0;D;lut.87;lut.87;lut.37;lut.85;02.wrz;lut.45;02.wrz;02.sie;02.maj;3;02.lip;02.mar;3;lut.88;lut.25;3;lut.88;02.kwi;03.sty;lut.75;02.mar;lut.15;01.cze;lut.37;sty.53;sty.42;02.maj;0.5;sty.94;01.wrz;0;1.975;1.925;0
I1;06.01.2005;Brescia;Bologna;1;1;D;0;1;A;lut.25;lut.75;mar.25;lut.25;02.sie;03.kwi;02.lut;lut.85;03.kwi;02.lut;02.lip;03.lut;02.sty;3;03.lut;02.lut;3;03.lut;lut.15;02.sie;03.mar;lut.15;01.cze;lut.25;sty.57;02.lut;sty.55;-0.5;02.lut;sty.82;-0.25;2.075;1.825;-0.25
I1;06.01.2005;Cagliari;Messina;2;1;H;0;1;A;01.sie;3;kwi.33;sty.85;3;04.kwi;sty.85;3;04.kwi;sty.85;3;03.sie;sty.73;03.lut;kwi.33;01.sie;03.sty;04.maj;sty.83;lut.87;kwi.33;sty.85;sty.85;01.lip;02.sty;sty.85;sty.78;-0.5;sty.82;02.lut;-0.5;1.825;2.075;-0.5
I1;06.01.2005;Chievo;Siena;1;3;A;0;1;A;01.sie;3;kwi.33;sty.75;03.maj;5;01.sie;3;kwi.75;01.sie;3;4;sty.73;03.lut;kwi.33;sty.75;03.sty;04.sie;sty.72;3;04.sie;02.maj;sty.65;lut.15;sty.66;01.sie;sty.84;-0.5;sty.82;02.lut;-0.5;sty.85;02.maj;-0.5
I1;06.01.2005;Lazio;Roma;3;1;H;1;0;H;03.sty;3;lut.37;03.lut;02.wrz;lut.25;03.sty;3;lut.25;03.mar;02.sie;02.sty;lut.88;3;lut.25;mar.25;3;02.mar;02.wrz;02.sie;lut.37;sty.85;sty.85;2;01.sie;sty.52;lut.25;0.5;sty.98;sty.86;0.25;1.975;1.925;0.25
I1;06.01.2005;Livorno;Inter;0;2;A;0;1;A;5;3;sty.72;05.maj;03.maj;01.lip;5;03.lut;01.lip;04.kwi;3;sty.75;5;lut.88;sty.73;5;3;sty.75;5;02.lip;01.sie;sty.71;2;01.sie;2;sty.95;01.lip;0.5;01.sie;02.kwi;0.75;01.sie;02.sty;0.75
I1;06.01.2005;Milan;Lecce;5;2;H;2;0;H;sty.28;04.maj;08.maj;sty.22;05.maj;10;01.mar;kwi.45;09.maj;01.mar;04.lut;8;sty.25;04.maj;10;sty.29;04.maj;10;01.mar;4;09.maj;sty.55;lut.25;sty.53;lut.37;01.mar;03.mar;-0.5;sty.76;02.sie;-1.25;1.775;2.125;-1.25
I1;06.01.2005;Parma;Juventus;1;1;D;0;0;D;6;03.lut;sty.57;05.maj;03.kwi;01.cze;05.maj;03.lut;sty.65;04.kwi;03.sty;01.lip;6;03.lut;sty.57;6;03.mar;sty.57;6;3;01.cze;sty.85;sty.85;02.sty;01.lip;02.lut;sty.65;0.5;2;sty.84;0.75;2;01.wrz;0.75
I1;06.01.2005;Reggina;Palermo;1;0;H;1;0;H;02.mar;lut.87;3;lut.35;02.sie;mar.15;lut.35;lut.75;03.lut;02.kwi;02.lip;02.wrz;02.sty;3;03.lut;02.mar;02.sie;mar.25;02.lut;lut.75;mar.25;lut.15;01.cze;02.lut;sty.61;lut.35;sty.48;-0.5;sty.94;01.wrz;-0.25;1.975;1.925;-0.25
I1;06.01.2005;Sampdoria;Udinese;2;0;H;0;0;D;02.mar;lut.87;3;lut.35;02.sie;mar.15;02.mar;02.wrz;03.sty;02.mar;02.wrz;02.sie;lut.38;lut.88;02.sie;02.mar;02.wrz;03.sty;02.mar;lut.75;03.sty;lut.15;01.cze;lut.25;sty.57;02.mar;01.maj;-0.5;02.sty;sty.74;-0.25;02.lut;01.lip;-0.25
I1;09.01.2005;Bologna;Chievo;3;1;H;1;0;H;2;3;03.maj;2;02.wrz;mar.95;02.sty;02.wrz;03.cze;sty.85;3;03.sie;sty.91;3;mar.75;02.sty;3;03.kwi;02.sty;lut.87;03.mar;;;;;02.sty;sty.61;-0.5;sty.76;02.sie;-0.25;1.975;1.925;-0.25
I1;09.01.2005;Fiorentina;Lazio;2;3;A;1;1;D;2;3;03.maj;2;3;mar.75;02.maj;02.wrz;03.sie;02.lut;02.sie;03.sty;01.sie;03.lut;4;2;3;mar.75;2;lut.87;03.cze;;;;;02.maj;sty.64;-0.5;sty.88;sty.96;-0.25;1.975;1.925;-0.25
I1;09.01.2005;Inter;Sampdoria;3;2;H;0;1;A;sty.53;03.maj;7;sty.45;mar.75;cze.95;sty.57;03.mar;06.maj;01.cze;03.sty;05.lut;01.maj;03.kwi;6;sty.53;03.maj;7;sty.53;03.sty;06.maj;;;;;sty.57;lut.19;-0.5;sty.86;sty.98;-1;1.975;1.925;-1
I1;09.01.2005;Juventus;Livorno;4;2;H;2;1;H;sty.22;04.maj;13;01.lut;05.maj;12;sty.22;05.lut;11;01.lut;04.sie;11;01.lut;5;11;01.lut;05.maj;12;sty.22;5;09.maj;;;;;sty.22;mar.53;-0.5;lut.14;01.lip;-1.75;sty.95;sty.95;-1.75
I1;09.01.2005;Lecce;Reggina;1;1;D;1;1;D;2;3;03.maj;01.sie;3;04.lip;sty.95;3;4;01.sie;3;4;sty.91;3;mar.75;01.wrz;3;04.lut;sty.95;02.sie;4;;;;;sty.95;sty.71;-0.5;sty.96;sty.88;-0.5;1.775;2.125;-0.5
I1;09.01.2005;Messina;Brescia;2;0;H;1;0;H;02.sty;3;mar.25;2;lut.85;4;02.sty;02.wrz;03.cze;2;02.sie;03.cze;02.sty;3;03.lut;02.maj;lut.87;mar.75;2;lut.87;03.cze;;;;;02.sty;sty.61;-0.5;sty.78;02.cze;-0.25;sty.75;lut.15;-0.25
I1;09.01.2005;Palermo;Milan;0;0;D;0;0;D;5;mar.25;sty.75;kwi.75;03.maj;sty.78;kwi.25;03.sty;sty.85;03.sie;3;sty.85;kwi.33;03.lut;sty.73;kwi.75;03.lut;01.sie;04.sie;3;sty.72;;;;;sty.84;01.sie;0.5;sty.76;02.sie;0.75;2;01.wrz;0.75
I1;09.01.2005;Roma;Atalanta;2;1;H;1;0;H;sty.36;4;07.maj;sty.22;5;12;sty.33;kwi.25;9;01.kwi;03.lip;06.maj;01.mar;4;9;sty.33;kwi.33;08.maj;sty.33;4;8;;;;;sty.85;sty.63;-1.5;01.wrz;sty.94;-1.25;2;01.wrz;-1.25
I1;09.01.2005;Siena;Parma;0;1;A;0;1;A;02.lut;lut.87;03.lut;02.lut;02.sie;mar.45;lut.25;02.sie;03.kwi;02.sty;02.sie;03.mar;lut.25;lut.88;3;02.lut;lut.87;03.kwi;lut.15;02.sie;03.mar;;;;;lut.25;sty.54;-0.5;02.kwi;01.sie;-0.25;02.sty;01.sie;-0.25
I1;09.01.2005;Udinese;Cagliari;2;0;H;1;0;H;sty.66;03.lut;5;sty.65;mar.15;05.lip;sty.75;03.sty;5;sty.75;3;04.kwi;sty.62;3;6;sty.66;03.mar;5;sty.72;02.wrz;5;;;;;sty.75;sty.91;-0.5;02.kwi;01.sie;-0.75;01.wrz;2;-0.75
I1;15.01.2005;Brescia;Fiorentina;1;1;D;0;0;D;02.mar;02.sie;03.sty;lut.35;02.sie;mar.15;lut.35;02.sie;mar.15;02.mar;02.sie;02.wrz;02.lut;02.sie;03.lut;lut.38;02.sie;03.sty;lut.25;02.sie;03.sty;02.maj;sty.65;lut.25;sty.61;lut.35;sty.48;-0.5;02.sie;sty.76;-0.25;02.sty;01.sie;-0.25
I1;15.01.2005;Reggina;Inter;0;0;D;0;0;D;05.maj;03.sty;sty.72;kwi.25;mar.25;sty.79;04.maj;03.sty;01.sie;04.lut;03.sty;sty.75;kwi.33;lut.88;sty.83;5;03.lut;sty.75;kwi.33;lut.87;sty.83;sty.71;2;01.sie;2;sty.84;01.sie;0.5;sty.88;sty.96;0.75;1.875;2.025;0.75
I1;16.01.2005;Atalanta;Siena;1;1;D;1;1;D;02.sty;02.wrz;mar.25;lut.25;3;03.sty;02.lut;3;03.lut;02.sty;02.wrz;03.lut;02.sty;3;03.lut;02.sty;3;03.kwi;lut.15;lut.87;mar.25;lut.15;01.cze;lut.35;sty.57;mar.95;01.lis;-1.5;sty.76;02.sie;-0.25;01.sie;02.sty;-0.25
I1;16.01.2005;Cagliari;Juventus;1;1;D;0;0;D;5;03.mar;sty.72;kwi.25;03.mar;sty.78;04.maj;03.sty;01.sie;04.kwi;03.sty;01.lip;5;lut.88;sty.73;5;03.mar;sty.73;04.maj;02.wrz;01.sie;sty.75;sty.95;01.wrz;01.wrz;sty.84;01.sie;0.5;sty.92;sty.92;0.75;sty.95;sty.95;0.75
I1;16.01.2005;Chievo;Roma;2;2;D;2;1;H;mar.25;3;02.sty;03.lut;03.sty;lut.15;03.lut;3;02.lut;03.lut;02.wrz;02.sty;03.lut;3;02.sty;03.kwi;3;02.sty;03.lut;3;02.sty;sty.79;01.wrz;2;01.sie;sty.59;02.sty;0.5;02.sie;sty.76;0.25;02.sty;01.sie;0.25
I1;16.01.2005;Lazio;Palermo;1;3;A;1;1;D;02.sty;lut.87;03.kwi;02.maj;02.wrz;mar.75;2;02.wrz;03.wrz;2;3;03.mar;sty.83;3;4;2;3;mar.75;sty.95;lut.87;03.sie;sty.95;sty.75;2;01.sie;2;sty.66;-0.5;sty.84;2;-0.25;1.925;1.975;-0.25
I1;16.01.2005;Livorno;Messina;3;1;H;0;0;D;2;02.wrz;03.cze;lut.15;lut.85;03.maj;02.sty;02.wrz;03.cze;01.wrz;3;03.cze;2;3;03.kwi;02.maj;lut.88;mar.75;02.maj;02.sie;03.cze;2;sty.71;2;01.sie;02.sty;sty.61;-0.5;sty.76;02.sie;-0.25;01.sie;02.sty;-0.25
I1;16.01.2005;Milan;Udinese;3;1;H;1;1;D;01.maj;mar.75;7;sty.45;03.cze;lip.45;sty.45;03.cze;07.maj;01.maj;03.maj;05.kwi;sty.44;03.cze;06.maj;sty.44;mar.75;8;sty.44;03.maj;7;sty.75;sty.95;01.sie;2;02.gru;sty.47;-1.5;02.sty;sty.74;-1.25;02.sty;01.sie;-1.25
I1;16.01.2005;Parma;Lecce;2;1;H;0;0;D;01.wrz;03.sty;mar.75;sty.85;03.mar;03.wrz;sty.95;03.lut;mar.65;01.wrz;3;03.cze;sty.83;03.lut;mar.75;sty.91;03.lut;mar.75;02.maj;02.sie;03.cze;sty.55;lut.25;01.cze;02.mar;sty.95;sty.71;-0.5;01.lip;lut.14;-0.25;2.025;1.875;-0.5
I1;16.01.2005;Sampdoria;Bologna;0;0;D;0;0;D;sty.72;3;5;01.sie;02.wrz;5;sty.75;3;05.sty;sty.75;03.sty;04.lut;sty.73;lut.88;5;sty.73;03.sty;5;sty.72;3;04.sie;02.maj;sty.65;lut.25;sty.61;sty.75;sty.89;-0.5;2;sty.84;-0.75;2;01.wrz;-0.75
I1;19.01.2005;Messina;Atalanta;1;0;H;0;0;D;01.sie;03.sty;04.lut;01.sie;03.maj;04.cze;sty.75;03.sty;kwi.75;01.sie;3;4;01.sie;3;kwi.33;sty.75;03.sty;04.sie;sty.66;02.wrz;05.maj;2;sty.71;2;01.sie;sty.75;sty.88;-0.5;01.wrz;sty.94;-0.5;1.875;2.025;-0.5
I1;22.01.2005;Bologna;Cagliari;1;0;H;0;0;D;2;3;03.maj;02.maj;3;03.cze;2;03.sty;03.cze;sty.85;3;03.sie;sty.91;lut.88;4;02.sty;lut.88;03.cze;2;02.sie;mar.75;01.wrz;sty.79;2;01.sie;2;sty.67;-0.5;sty.78;02.cze;-0.25;sty.75;lut.15;-0.25
I1;22.01.2005;Inter;Chievo;1;1;D;0;0;D;sty.33;4;08.maj;sty.33;kwi.25;9;01.mar;04.maj;9;sty.37;03.lip;7;sty.33;mar.75;9;sty.33;04.lut;9;01.mar;4;09.maj;01.cze;lut.15;sty.65;02.lut;sty.81;sty.66;-1.5;01.wrz;sty.94;-1.25;sty.95;sty.95;-1.25
I1;23.01.2005;Fiorentina;Roma;1;2;A;1;1;D;lut.75;02.wrz;02.lip;lut.65;lut.95;02.cze;lut.65;02.wrz;lut.65;lut.55;02.wrz;lut.55;02.cze;3;02.maj;lut.75;lut.88;02.lip;02.cze;02.sie;02.cze;sty.85;sty.85;01.sie;2;lut.65;sty.38;-0.5;2;sty.84;0;02.maj;sty.85;0
I1;23.01.2005;Juventus;Brescia;2;0;H;2;0;H;sty.22;5;10;sty.25;5;10;sty.23;5;11;sty.22;04.sie;09.maj;sty.22;5;10;sty.22;05.maj;10;01.lut;5;11;sty.71;2;01.sie;2;sty.23;mar.44;-0.5;02.kwi;01.sie;-1.75;1.975;1.925;-1.75
I1;23.01.2005;Lazio;Sampdoria;1;2;A;0;2;A;lut.25;lut.87;03.sty;lut.25;02.sie;mar.35;02.lut;02.sie;03.kwi;02.sty;3;03.sty;02.lut;02.sie;03.lut;lut.25;lut.88;mar.25;lut.25;lut.75;03.lut;2;sty.71;2;01.sie;02.lut;sty.54;-0.5;sty.94;01.wrz;-0.25;1.975;1.925;-0.25
I1;23.01.2005;Lecce;Atalanta;1;0;H;1;0;H;sty.72;mar.25;kwi.33;sty.65;03.kwi;5;01.lip;03.lut;5;sty.75;03.sty;04.lut;sty.73;03.lut;kwi.33;01.lip;mar.25;5;sty.66;03.sty;5;01.cze;lut.15;01.cze;02.mar;01.lip;sty.95;-0.5;sty.74;02.sty;-0.5;1.775;2.125;-0.5
I1;23.01.2005;Livorno;Milan;1;0;H;1;0;H;05.maj;03.kwi;sty.57;cze.25;mar.35;sty.55;6;mar.35;sty.57;04.kwi;03.mar;sty.65;5;mar.25;sty.62;6;03.kwi;sty.57;6;mar.25;sty.53;sty.85;sty.85;2;01.sie;lut.15;sty.57;0.5;02.gru;sty.72;0.75;sty.85;02.maj;1
I1;23.01.2005;Messina;Parma;1;0;H;0;0;D;lut.25;lut.87;03.sty;lut.25;lut.85;03.mar;02.lut;02.sie;03.kwi;02.sty;02.wrz;03.lut;02.lut;3;3;02.lut;lut.88;03.kwi;02.maj;lut.87;03.maj;sty.95;sty.75;02.maj;sty.75;02.lut;sty.54;-0.5;2;sty.84;-0.25;2.025;1.875;-0.25
I1;23.01.2005;Siena;Palermo;0;0;D;0;0;D;lut.62;02.sie;lut.62;02.sie;02.lip;02.lip;lut.75;lut.65;lut.75;02.sie;02.sie;02.kwi;lut.62;02.sie;lut.62;lut.75;02.sie;lut.62;lut.62;lut.75;lut.62;lut.15;01.cze;lut.37;sty.55;lut.75;sty.35;-0.5;01.sie;02.kwi;0;sty.85;02.maj;0
I1;23.01.2005;Udinese;Reggina;0;2;A;0;1;A;sty.61;03.lut;05.maj;sty.65;03.maj;6;sty.63;03.lut;05.lip;01.cze;03.mar;04.sie;sty.57;03.lut;6;sty.62;03.lut;6;sty.57;03.sty;6;2;sty.71;2;01.sie;sty.63;02.maj;-0.5;01.sie;02.kwi;-0.75;1.825;2.075;-0.75
I1;29.01.2005;Chievo;Livorno;1;0;H;1;0;H;02.sty;3;mar.25;lut.15;lut.75;03.lip;lut.15;02.sie;03.cze;02.sty;02.wrz;03.lut;02.sty;lut.75;03.maj;02.sty;02.sie;mar.75;lut.15;02.sie;03.cze;;;02.maj;sty.75;;;;sty.78;02.cze;-0.25;01.sie;02.sty;-0.25
I1;29.01.2005;Parma;Udinese;1;0;H;1;0;H;lut.39;lut.89;lut.79;02.maj;lut.75;lut.95;02.maj;lut.85;lut.85;02.kwi;02.wrz;02.lip;02.maj;2.875;2.625;02.cze;02.sie;02.sie;02.maj;lut.85;lut.85;;;02.lut;sty.65;;;;01.sie;02.kwi;0;1.775;2.125;0
I1;30.01.2005;Atalanta;Juventus;1;2;A;0;1;A;07.maj;03.maj;sty.44;07.maj;mar.95;01.kwi;07.maj;mar.75;sty.43;06.lut;03.maj;sty.45;7;03.kwi;1.444;07.maj;03.cze;1.444;07.maj;mar.75;sty.43;;;02.lut;sty.65;;;;sty.88;sty.96;1;1.825;2.075;1
I1;30.01.2005;Brescia;Lecce;0;1;A;0;1;A;02.lut;3;03.sty;02.lut;03.sty;03.sty;lut.25;3;03.sty;02.lut;02.sie;03.sty;02.sty;3;03.lut;02.lut;3;03.lut;lut.25;3;03.sty;;;01.lip;02.sty;;;;sty.76;02.sie;-0.25;sty.85;02.maj;-0.25
I1;30.01.2005;Cagliari;Fiorentina;1;0;H;1;0;H;2;3;03.maj;2;lut.85;04.maj;2;02.wrz;03.wrz;2;02.sie;03.cze;1.833;2.875;4.333;1.909;2.875;04.maj;2;02.wrz;03.wrz;;;01.wrz;01.wrz;;;;02.lut;sty.82;-0.5;2.075;1.825;-0.5
I1;30.01.2005;Milan;Bologna;0;1;A;0;1;A;sty.25;04.maj;10;sty.25;kwi.75;11;sty.26;kwi.65;11;sty.35;4;7;01.mar;4;10;1.286;04.maj;10;sty.26;kwi.65;11;;;01.wrz;01.wrz;;;;sty.76;02.sie;-1.5;sty.85;02.maj;-1.5
I1;30.01.2005;Palermo;Inter;0;2;A;0;1;A;mar.39;lut.87;lut.29;03.mar;lut.95;02.lut;03.lut;02.wrz;lut.25;02.wrz;02.sie;02.mar;3;02.sie;02.mar;03.kwi;2.875;02.mar;03.lut;02.wrz;lut.25;;;02.maj;sty.75;;;;sty.88;sty.96;0.25;1.825;2.075;0.25
I1;30.01.2005;Reggina;Lazio;2;1;H;0;1;A;02.lut;3;03.sty;02.lut;02.wrz;mar.35;02.lut;02.wrz;03.mar;02.lut;02.sie;03.sty;02.sty;3;03.lut;02.lut;2.875;03.kwi;02.lut;02.wrz;03.mar;;;02.sty;01.lip;;;;02.sie;sty.76;-0.25;lut.15;sty.75;-0.25
I1;30.01.2005;Roma;Messina;3;2;H;0;2;A;sty.44;03.maj;07.maj;sty.45;mar.75;7;sty.45;mar.75;7;01.kwi;03.lip;06.maj;1.444;03.kwi;7;1.444;mar.75;7;sty.45;mar.75;7;;;01.lip;02.sty;;;;01.lip;lut.14;-1;1.925;1.975;-1.25
I1;30.01.2005;Sampdoria;Siena;1;1;D;0;0;D;sty.61;03.lut;05.maj;01.cze;mar.15;cze.25;sty.62;03.sty;cze.25;01.cze;03.lut;5;1.571;mar.25;05.maj;1.667;03.lut;05.maj;sty.62;03.sty;cze.25;;;02.mar;01.cze;;;;02.cze;sty.78;-0.75;01.wrz;2;-0.5
I1;02.02.2005;Fiorentina;Palermo;1;2;A;0;0;D;02.sty;02.sie;03.kwi;lut.25;lut.85;mar.25;02.lut;02.wrz;03.mar;02.lut;02.sie;03.sty;02.sty;02.sie;03.kwi;02.lut;lut.88;03.kwi;02.lut;lut.75;mar.25;lut.15;01.cze;02.mar;01.cze;02.lut;sty.54;-0.5;02.lut;sty.82;-0.25;1.975;1.925;-0.25
I1;02.02.2005;Inter;Atalanta;1;0;H;1;0;H;sty.25;04.maj;10;01.lut;maj.45;12;sty.25;5;10;sty.25;04.mar;10;sty.25;04.maj;10;sty.22;5;12;sty.22;5;09.maj;sty.65;02.maj;sty.75;02.maj;01.cze;sty.89;-1.5;01.sie;02.kwi;-1.5;1.825;2.075;-1.5
I1;02.02.2005;Juventus;Sampdoria;0;1;A;0;1;A;sty.36;4;7;01.kwi;mar.85;lip.95;sty.37;4;sie.25;sty.35;4;7;01.kwi;03.maj;8;01.kwi;4;08.maj;sty.36;mar.75;8;01.wrz;sty.79;02.maj;sty.75;sty.96;sty.55;-1.5;sty.96;sty.88;-1;1.975;1.925;-1
I1;02.02.2005;Lazio;Brescia;0;0;D;0;0;D;sty.72;03.lut;04.maj;01.sie;mar.15;04.kwi;01.sie;03.sty;04.maj;sty.65;03.sty;04.sie;sty.83;3;4;sty.75;mar.25;04.maj;01.lip;3;5;sty.85;sty.85;sty.95;sty.85;01.sie;sty.84;-0.5;sty.84;2;-0.5;1.875;2.025;-0.5
I1;02.02.2005;Lecce;Roma;1;1;D;0;0;D;02.sie;03.lut;02.lut;03.sty;03.sty;02.lut;03.lut;3;02.lut;3;02.wrz;02.lut;03.lut;3;02.sty;03.sty;3;lut.25;03.lut;02.sie;02.lut;sty.55;lut.25;sty.61;lut.25;sty.55;02.lut;0.5;2;sty.84;0.25;02.maj;sty.85;0.25
I1;02.02.2005;Livorno;Reggina;1;1;D;0;1;A;02.sty;lut.75;03.maj;lut.15;02.sie;03.cze;02.sty;02.wrz;03.cze;02.sty;02.wrz;03.lut;02.sty;02.sie;03.kwi;02.sty;lut.88;03.maj;02.sty;02.lip;03.cze;02.maj;sty.65;lut.37;sty.55;02.sty;sty.61;-0.5;sty.78;02.cze;-0.25;01.sie;02.sty;-0.25
I1;02.02.2005;Messina;Milan;1;4;A;1;2;A;kwi.33;03.lut;sty.72;kwi.75;mar.15;sty.75;5;03.sty;sty.73;04.cze;3;01.lip;5;lut.88;sty.73;5;03.sty;sty.73;5;3;01.lip;sty.95;sty.75;02.lut;sty.65;sty.91;sty.73;0.5;sty.76;02.sie;0.75;1.775;2.125;0.75
I1;02.02.2005;Siena;Cagliari;2;2;D;2;0;H;02.lut;lut.87;03.lut;lut.25;02.sie;mar.35;02.mar;02.wrz;03.sty;02.lut;02.sie;03.sty;02.lut;02.sie;03.lut;02.lut;lut.88;03.kwi;02.mar;02.sie;3;02.maj;sty.65;lut.37;sty.55;02.mar;01.maj;-0.5;01.sie;02.kwi;-0.25;01.sie;02.sty;-0.25
I1;02.02.2005;Udinese;Chievo;3;0;H;0;0;D;sty.72;03.lut;kwi.33;sty.75;3;05.sty;sty.73;03.sty;5;sty.75;3;04.kwi;sty.67;03.lut;5;sty.62;03.mar;05.maj;sty.57;03.mar;05.maj;2;sty.71;02.lut;sty.65;sty.73;sty.91;-0.5;sty.96;sty.88;-0.75;2.025;1.875;-0.75
I1;03.02.2005;Bologna;Parma;3;1;H;0;0;D;01.wrz;3;mar.75;lut.15;lut.85;03.maj;2;02.sie;04.sty;02.sty;02.sie;03.mar;sty.91;3;mar.75;2;lut.88;4;sty.83;lut.87;kwi.33;02.maj;sty.65;02.mar;01.cze;2;sty.66;-0.5;sty.92;sty.92;-0.25;sty.95;sty.95;-0.25
I1;05.02.2005;Palermo;Juventus;1;0;H;1;0;H;04.maj;3;01.sie;mar.65;03.maj;2;kwi.75;3;01.sie;03.cze;3;01.wrz;kwi.33;3;01.sie;04.maj;03.sty;01.sie;04.lut;3;01.sie;lut.15;01.cze;lut.38;sty.55;sty.84;01.sie;0.5;sty.82;02.lut;0.5;sty.85;02.maj;0.5
I1;05.02.2005;Sampdoria;Fiorentina;3;0;H;2;0;H;01.sie;03.sty;5;sty.95;lut.85;04.lut;sty.77;3;5;01.lip;03.sty;04.kwi;01.sie;3;kwi.33;01.sie;03.sty;5;sty.66;03.sty;5;lut.15;01.cze;02.mar;01.cze;sty.77;sty.88;-0.5;sty.98;sty.86;-0.5;1.975;1.925;-0.5
I1;06.02.2005;Atalanta;Livorno;1;0;H;1;0;H;lut.38;lut.88;lut.88;02.cze;03.maj;02.cze;02.maj;02.sie;02.wrz;02.maj;02.sie;02.lip;lut.75;3;lut.38;02.cze;lut.88;02.lip;02.maj;lut.75;02.sie;lut.15;01.cze;02.mar;01.cze;02.maj;sty.42;-0.5;01.sie;02.kwi;0;1.825;2.075;0
I1;06.02.2005;Brescia;Udinese;0;1;A;0;0;D;lut.88;lut.88;lut.38;02.wrz;lut.85;02.maj;3;02.sie;lut.45;02.lip;02.sie;02.maj;02.sie;lut.88;lut.38;3;lut.88;02.kwi;02.sie;lut.87;02.kwi;02.maj;sty.65;02.lut;sty.65;sty.45;lut.45;0.5;02.gru;sty.72;0;2.174;1.725;0
I1;06.02.2005;Cagliari;Lecce;3;1;H;1;1;D;sty.66;03.lut;5;sty.65;mar.45;kwi.85;sty.65;03.kwi;5;01.lip;03.sty;04.kwi;sty.67;03.sty;5;sty.62;03.mar;05.maj;sty.72;3;04.sie;sty.65;02.maj;01.lip;02.sty;sty.65;02.lut;-0.5;sty.78;02.cze;-0.75;1.875;2.025;-0.75
I1;06.02.2005;Chievo;Messina;1;0;H;1;0;H;2;lut.88;mar.75;sty.95;02.wrz;kwi.15;2;02.wrz;mar.95;01.sie;02.wrz;04.lut;sty.83;lut.88;kwi.33;sty.91;lut.88;kwi.33;sty.83;3;4;2;sty.71;02.lut;sty.65;2;sty.67;-0.5;sty.94;01.wrz;-0.5;2;01.wrz;-0.5
I1;06.02.2005;Milan;Lazio;2;1;H;0;0;D;01.kwi;4;9;01.mar;04.cze;9;sty.43;mar.65;8;01.kwi;03.lip;06.maj;01.kwi;mar.75;7;sty.36;04.lut;9;sty.36;mar.75;8;sty.71;2;01.wrz;01.wrz;02.sie;sty.48;-1.5;sty.88;sty.96;-1.25;1.875;2.025;-1.25
I1;06.02.2005;Parma;Inter;2;2;D;1;0;H;03.maj;3;2;03.maj;mar.15;2;03.cze;02.wrz;02.sty;03.kwi;02.wrz;2;03.lut;3;02.sty;4;lut.87;2;mar.75;02.wrz;sty.95;sty.95;sty.75;2;01.sie;sty.61;02.sty;0.5;sty.78;02.cze;0.5;02.sty;01.sie;0.25
I1;06.02.2005;Reggina;Siena;3;3;D;1;2;A;sty.72;3;5;sty.85;3;04.kwi;01.sie;3;kwi.75;sty.75;3;04.kwi;01.sie;lut.88;04.maj;01.sie;lut.88;5;01.lip;3;5;02.maj;sty.65;lut.38;sty.55;01.sie;sty.84;-0.5;sty.96;sty.88;-0.5;2;01.wrz;-0.5
I1;06.02.2005;Roma;Bologna;1;1;D;1;0;H;sty.61;03.lut;05.maj;sty.55;03.mar;06.cze;sty.63;03.mar;05.maj;01.cze;03.lut;5;sty.67;03.sty;5;sty.57;03.kwi;6;sty.61;03.sty;05.maj;sty.65;02.maj;sty.85;sty.95;sty.63;02.cze;-0.5;sty.86;sty.98;-0.75;1.875;2.025;-0.75
I1;12.02.2005;Inter;Roma;2;0;H;1;0;H;sty.83;03.sty;kwi.75;01.sie;mar.15;04.kwi;sty.85;03.sty;kwi.25;01.wrz;02.wrz;03.sie;sty.83;3;4;sty.85;03.sty;04.cze;01.wrz;lut.87;4;sty.65;02.maj;sty.75;02.maj;sty.85;sty.79;-0.5;sty.84;2;-0.5;1.925;1.975;-0.5
I1;12.02.2005;Lazio;Atalanta;2;1;H;1;1;D;sty.57;03.kwi;05.maj;01.maj;mar.45;7;sty.57;03.kwi;6;01.maj;03.kwi;05.cze;01.maj;03.kwi;6;sty.53;03.kwi;06.maj;01.maj;03.mar;06.maj;sty.85;sty.85;;;sty.57;lut.17;-0.5;02.kwi;01.sie;-1;2.125;1.775;-1
I1;13.02.2005;Bologna;Palermo;1;1;D;0;1;A;lut.25;02.sie;mar.25;02.kwi;lut.85;3;02.mar;02.sie;mar.25;02.lut;02.sie;03.sty;02.lut;02.sie;03.lut;lut.25;lut.88;mar.25;lut.15;lut.75;03.kwi;lut.15;01.cze;lut.37;sty.55;02.mar;01.maj;-0.5;2;sty.84;-0.25;02.maj;sty.85;-0.25
I1;13.02.2005;Brescia;Cagliari;2;0;H;1;0;H;02.mar;lut.87;3;lut.25;02.wrz;mar.25;lut.35;02.wrz;3;02.mar;02.sie;02.wrz;02.mar;02.sie;3;02.mar;02.sie;03.lut;lut.37;02.lip;3;02.maj;sty.65;02.lut;sty.65;lut.35;sty.47;-0.5;2;sty.84;-0.25;2.025;1.875;-0.25
I1;13.02.2005;Fiorentina;Parma;2;1;H;0;0;D;02.sty;3;mar.25;lut.15;lut.95;03.kwi;lut.15;02.wrz;mar.45;02.sty;02.sie;03.mar;02.sty;3;03.lut;02.sty;lut.88;03.cze;02.sty;lut.87;03.mar;2;sty.71;02.lut;sty.65;lut.15;sty.58;-0.5;sty.84;2;-0.25;01.wrz;2;-0.25
I1;13.02.2005;Juventus;Udinese;2;1;H;1;0;H;01.maj;03.maj;6;01.maj;03.maj;cze.75;01.maj;03.cze;06.maj;01.maj;03.maj;05.kwi;01.maj;03.kwi;6;01.maj;03.kwi;7;01.maj;03.mar;06.maj;sty.95;sty.75;sty.95;sty.85;01.maj;lut.32;-0.5;02.cze;sty.78;-1;02.sty;01.sie;-1
I1;13.02.2005;Lecce;Chievo;3;0;H;1;0;H;02.sty;3;mar.25;02.sty;03.sty;03.mar;02.sty;03.sty;03.mar;02.sty;02.sie;03.mar;02.sty;3;03.lut;02.sty;3;03.kwi;2;lut.87;03.cze;sty.65;02.maj;01.lip;02.sty;02.sty;01.cze;-0.5;01.sie;02.kwi;-0.25;1.825;2.075;-0.25
I1;13.02.2005;Livorno;Sampdoria;1;0;H;0;0;D;lut.62;02.sie;lut.62;lut.75;02.wrz;lut.55;lut.75;02.sie;lut.65;02.cze;02.sie;02.cze;02.maj;3;02.cze;lut.75;02.sie;lut.62;02.cze;02.sie;02.cze;lut.25;sty.55;lut.37;sty.55;sty.39;lut.65;0.5;sty.96;sty.88;0;2;01.wrz;0
I1;13.02.2005;Reggina;Milan;0;1;A;0;1;A;6;mar.25;sty.66;05.maj;03.lut;sty.65;maj.25;03.sty;01.lip;04.kwi;3;sty.75;5;03.lut;sty.67;6;03.lut;sty.67;05.maj;03.sty;sty.61;sty.95;sty.75;lut.16;sty.67;sty.95;01.lip;0.5;2;sty.84;0.75;02.maj;sty.85;0.75
I1;13.02.2005;Siena;Messina;2;2;D;0;1;A;02.sty;lut.87;03.kwi;2;02.wrz;mar.95;02.sty;02.wrz;03.cze;02.sty;02.sie;03.mar;02.sty;02.sie;03.maj;02.maj;lut.88;mar.75;02.sty;lut.75;03.maj;2;sty.71;lut.15;sty.67;02.sty;sty.61;-0.5;02.kwi;01.sie;-0.5;01.sie;02.sty;-0.25
I1;19.02.2005;Messina;Juventus;0;0;D;0;0;D;5;03.lut;sty.66;05.lut;03.mar;sty.65;5;03.mar;sty.68;04.kwi;03.sty;01.lip;5;03.lut;sty.67;05.maj;mar.25;sty.62;05.maj;03.sty;sty.61;01.wrz;sty.79;02.maj;sty.75;sty.99;sty.68;0.5;2;sty.84;0.75;02.maj;sty.85;0.75
I1;19.02.2005;Milan;Cagliari;1;0;H;0;0;D;01.mar;04.maj;12;sty.25;5;10;sty.25;5;10;01.mar;04.lut;8;01.mar;4;9;sty.29;kwi.75;10.maj;sty.28;kwi.33;08.maj;sty.65;02.maj;01.lip;02.sty;;;;sty.98;sty.86;-1.5;2.025;1.875;-1.5
I1;19.02.2005;Udinese;Inter;1;1;D;0;0;D;3;3;lut.25;mar.25;lut.95;02.lut;03.lut;02.wrz;lut.25;02.sie;02.sie;02.kwi;03.lut;02.sie;02.lut;3;lut.88;lut.38;02.wrz;02.wrz;02.mar;01.wrz;sty.79;2;01.sie;sty.52;lut.25;0.5;01.sie;02.kwi;0.25;1.775;2.125;0.25
I1;20.02.2005;Atalanta;Bologna;2;0;H;1;0;H;lut.87;lut.75;02.maj;02.sie;lut.85;lut.55;02.wrz;02.wrz;lut.45;02.sie;02.sie;02.kwi;lut.75;3;lut.38;02.sie;lut.88;02.maj;02.lip;3;lut.37;lut.15;01.cze;lut.37;sty.55;sty.45;lut.45;0.5;sty.74;02.sty;0.25;sty.75;lut.15;0.25
I1;20.02.2005;Chievo;Lazio;0;1;A;0;0;D;lut.25;lut.87;03.sty;02.kwi;02.wrz;lut.95;02.mar;lut.85;03.lut;02.mar;02.lip;3;02.lut;02.sie;03.lut;02.mar;02.wrz;03.sty;02.lut;lut.87;03.sty;sty.95;sty.75;02.maj;sty.75;02.mar;sty.51;-0.5;02.sie;sty.76;-0.25;02.sty;01.sie;-0.25
I1;20.02.2005;Palermo;Lecce;3;2;H;2;1;H;sty.72;03.lut;04.maj;01.lip;mar.25;04.wrz;01.lip;03.lut;5;01.lip;03.sty;04.kwi;sty.67;mar.25;04.maj;01.lip;03.lut;5;sty.72;3;04.sie;sty.75;sty.95;01.sie;2;01.lip;sty.95;-0.5;sty.72;02.gru;-0.5;1.975;1.925;-0.75
I1;20.02.2005;Parma;Brescia;2;1;H;1;0;H;01.sie;3;kwi.33;sty.85;mar.25;4;01.sie;3;kwi.75;sty.85;3;03.sie;01.sie;lut.88;04.maj;01.sie;3;kwi.75;sty.83;3;4;2;sty.71;02.mar;01.cze;01.sie;sty.84;-0.5;sty.78;02.cze;-0.5;01.sie;02.sty;-0.5
I1;20.02.2005;Roma;Livorno;3;0;H;1;0;H;01.kwi;mar.75;07.maj;01.kwi;03.wrz;07.sie;01.kwi;mar.85;07.sie;01.kwi;03.lip;06.maj;sty.44;03.kwi;7;sty.44;mar.75;7;sty.44;03.maj;7;sty.71;2;01.sie;2;02.lut;sty.52;-1.5;02.kwi;01.sie;-1.25;02.sty;01.sie;-1.25
I1;20.02.2005;Sampdoria;Reggina;3;2;H;2;0;H;01.sie;3;kwi.33;sty.75;3;05.sty;01.sie;3;04.sie;sty.75;3;04.kwi;sty.73;lut.88;5;sty.73;03.lut;kwi.75;sty.72;3;04.sie;lut.25;sty.55;lut.37;sty.55;01.sie;sty.85;-0.5;sty.84;2;-0.5;1.825;2.075;-0.5
I1;20.02.2005;Siena;Fiorentina;1;0;H;1;0;H;02.mar;02.sie;03.sty;02.kwi;02.sie;3;lut.45;02.sie;3;02.kwi;02.lip;02.wrz;lut.25;lut.75;03.lut;02.mar;02.wrz;03.sty;02.kwi;lut.75;02.wrz;2;sty.71;lut.25;sty.61;lut.45;sty.45;-0.5;02.sie;sty.76;-0.25;2.125;1.775;-0.25
I1;26.02.2005;Brescia;Sampdoria;0;1;A;0;0;D;lut.62;02.sie;lut.62;02.maj;lut.85;lut.85;lut.55;lut.85;02.sie;02.lip;02.wrz;02.kwi;lut.62;lut.88;02.maj;02.cze;lut.88;lut.75;02.cze;02.sie;02.cze;lut.15;01.cze;lut.37;sty.55;lut.55;sty.41;-0.5;sty.74;02.sty;0;1.775;2.125;0
I1;26.02.2005;Fiorentina;Udinese;2;2;D;2;1;H;02.kwi;3;lut.75;lut.45;02.wrz;lut.85;02.maj;lut.85;lut.85;02.maj;02.sie;02.lip;lut.38;lut.88;02.sie;02.maj;02.wrz;02.sie;02.kwi;lut.87;02.sie;02.maj;sty.65;02.lut;sty.65;02.maj;sty.43;-0.5;01.lip;lut.14;0;sty.75;lut.15;0
I1;27.02.2005;Bologna;Livorno;0;0;D;0;0;D;01.sie;3;kwi.33;sty.85;lut.95;04.maj;sty.85;3;04.maj;01.sie;02.sie;04.kwi;01.sie;lut.88;04.maj;01.sie;03.sty;04.maj;01.sie;02.wrz;04.maj;02.maj;sty.65;02.lut;sty.65;sty.85;01.sie;-0.5;sty.84;2;-0.5;1.875;2.025;-0.5
I1;27.02.2005;Cagliari;Atalanta;3;3;D;2;1;H;sty.53;03.kwi;6;01.maj;mar.75;06.sty;sty.53;03.kwi;06.maj;sty.45;03.maj;6;01.maj;03.kwi;6;sty.53;03.maj;6;01.maj;03.mar;06.maj;sty.85;sty.85;02.maj;sty.75;sty.53;lut.23;-0.5;02.cze;sty.78;-1;02.sty;01.sie;-1
I1;27.02.2005;Inter;Milan;0;1;A;0;0;D;lut.62;3;lut.75;02.cze;02.wrz;02.lip;lut.65;02.sie;lut.75;02.sie;02.lip;02.maj;02.cze;02.sie;lut.62;lut.62;02.wrz;02.sie;02.cze;02.lip;02.lip;sty.95;sty.75;02.lut;sty.65;lut.65;sty.39;-0.5;sty.94;01.wrz;0;1.975;1.925;0
I1;27.02.2005;Juventus;Siena;3;0;H;1;0;H;sty.25;04.maj;11;sty.25;5;10;sty.25;5;10;sty.22;04.sie;09.maj;sty.25;04.maj;10;sty.25;5;10;01.lut;5;11;sty.79;01.wrz;sty.75;02.maj;sty.25;mar.33;-0.5;sty.96;sty.88;-1.5;2;01.wrz;-1.5
I1;27.02.2005;Lazio;Parma;2;0;H;1;0;H;2;3;03.maj;2;lut.95;03.sie;2;02.wrz;03.wrz;01.wrz;02.wrz;03.sie;sty.91;3;mar.75;sty.91;03.sty;4;sty.83;3;4;sty.85;sty.85;02.sty;01.lip;2;sty.66;-0.5;02.kwi;01.sie;-0.5;02.maj;sty.85;-0.5
I1;27.02.2005;Lecce;Messina;1;0;H;0;0;D;01.sie;3;kwi.33;sty.83;03.lut;04.lut;sty.85;03.sty;04.kwi;sty.75;3;04.kwi;sty.83;3;4;sty.83;03.sty;kwi.33;sty.83;lut.87;kwi.33;sty.65;02.maj;sty.65;02.lut;sty.85;sty.82;-0.5;sty.76;02.sie;-0.5;01.sie;02.sty;-0.5
I1;27.02.2005;Palermo;Roma;2;0;H;0;0;D;lut.37;3;lut.75;02.mar;3;3;02.kwi;lut.95;lut.95;02.kwi;02.wrz;02.lip;lut.38;3;lut.75;02.kwi;3;lut.88;02.mar;02.wrz;02.wrz;sty.95;sty.75;02.maj;sty.75;02.kwi;sty.48;-0.5;01.lip;lut.14;0;01.lip;02.lut;0
I1;27.02.2005;Reggina;Chievo;1;0;H;1;0;H;01.sie;3;kwi.33;sty.85;3;04.kwi;sty.85;3;04.maj;sty.85;02.sie;04.lut;01.sie;3;kwi.33;sty.85;3;04.maj;01.sie;3;04.lut;02.maj;sty.65;02.lut;sty.65;sty.85;01.sie;-0.5;sty.86;sty.98;-0.5;sty.85;02.maj;-0.5
I1;05.03.2005;Atalanta;Milan;1;2;A;0;0;D;06.maj;03.kwi;01.maj;07.maj;03.cze;sty.45;07.maj;03.cze;sty.45;5;03.kwi;sty.55;06.maj;mar.25;01.maj;06.maj;03.cze;01.maj;7;03.maj;sty.44;sty.71;2;02.mar;01.cze;sty.47;02.gru;01.maj;sty.78;02.cze;1;01.sie;02.sty;1
I1;05.03.2005;Roma;Juventus;1;2;A;1;2;A;02.sie;3;02.cze;02.lip;02.wrz;02.cze;lut.75;02.wrz;lut.55;02.cze;02.sie;02.cze;lut.62;lut.88;02.maj;lut.75;3;02.cze;lut.62;02.wrz;02.maj;sty.79;01.wrz;02.lut;sty.65;sty.41;lut.55;0.5;01.wrz;sty.94;0;1.975;1.925;0
I1;06.03.2005;Fiorentina;Reggina;2;1;H;0;0;D;01.wrz;03.sty;mar.75;sty.85;03.maj;kwi.25;01.wrz;3;04.lut;01.wrz;02.wrz;03.sie;sty.91;3;mar.75;sty.85;3;kwi.33;01.wrz;lut.87;4;sty.65;02.maj;02.sty;01.lip;03.mar;sty.18;-1.5;sty.84;2;-0.5;01.wrz;2;-0.5
I1;06.03.2005;Inter;Lecce;2;1;H;1;1;D;01.kwi;4;9;sty.35;04.mar;8;sty.35;04.lut;sie.25;sty.35;4;7;sty.36;mar.75;8;01.kwi;4;08.maj;sty.33;mar.75;9;lut.25;sty.55;01.cze;02.mar;sty.91;sty.58;-1.5;02.cze;sty.78;-1.25;2.125;1.775;-1.25
I1;06.03.2005;Livorno;Palermo;2;2;D;0;1;A;lut.62;02.sie;lut.62;02.lip;lut.75;lut.75;lut.65;lut.75;02.sie;02.maj;02.lip;02.sie;02.maj;lut.75;02.sie;02.cze;lut.88;02.lip;02.kwi;lut.75;02.wrz;01.cze;lut.15;02.kwi;sty.53;lut.65;sty.39;-0.5;sty.78;02.cze;0;01.sie;02.sty;0
I1;06.03.2005;Messina;Lazio;1;0;H;1;0;H;lut.37;lut.87;lut.87;02.maj;02.wrz;lut.85;02.kwi;02.wrz;lut.95;02.mar;02.wrz;02.sie;lut.25;lut.88;3;lut.38;lut.88;3;02.mar;02.sie;3;sty.75;sty.95;02.lut;sty.65;kwi.85;01.maj;-1.5;02.kwi;01.sie;-0.25;02.maj;sty.85;-0.25
I1;06.03.2005;Parma;Cagliari;3;2;H;2;1;H;sty.72;03.lut;04.maj;01.sie;03.maj;kwi.65;01.sie;3;kwi.75;sty.75;03.sty;04.lut;sty.73;03.sty;04.maj;sty.73;03.sty;5;sty.83;3;4;sty.85;sty.85;sty.95;sty.85;3;sty.22;-1.5;sty.92;sty.92;-0.75;01.lip;02.lut;-0.5
I1;06.03.2005;Sampdoria;Chievo;1;0;H;0;0;D;sty.57;mar.25;6;01.cze;mar.25;6;01.cze;mar.25;6;01.cze;03.lut;5;sty.57;mar.25;05.maj;01.cze;mar.25;6;sty.57;03.sty;6;sty.65;02.maj;lut.37;sty.55;02.maj;sty.33;-1.5;sty.88;sty.96;-0.75;1.925;1.975;-0.75
I1;06.03.2005;Siena;Brescia;2;3;A;0;2;A;01.wrz;03.sty;mar.75;01.wrz;03.sty;4;sty.93;3;4;2;02.lip;03.sie;sty.83;3;4;2;lut.88;4;01.wrz;lut.87;4;sty.65;02.maj;02.kwi;sty.53;mar.45;sty.15;-1.5;02.cze;sty.78;-0.5;02.sty;01.sie;-0.5
I1;06.03.2005;Udinese;Bologna;0;1;A;0;1;A;sty.72;3;5;01.sie;3;kwi.75;01.sie;3;kwi.75;01.lip;3;04.cze;sty.73;lut.88;5;sty.75;03.sty;kwi.75;01.lip;3;5;sty.65;02.maj;lut.37;sty.55;3;sty.22;-1.5;02.sie;sty.76;-0.75;2.125;1.775;-0.75
I1;12.03.2005;Lazio;Inter;1;1;D;1;0;H;03.sty;3;lut.37;03.kwi;lut.95;lut.15;03.mar;02.wrz;02.lut;02.sie;02.sie;02.kwi;3;3;02.lut;03.lut;3;02.mar;03.sty;lut.87;02.lut;sty.95;sty.75;2;01.sie;sty.54;02.lut;0.5;sty.84;2;0.25;1.875;2.025;0.25
I1;12.03.2005;Lecce;Fiorentina;2;2;D;2;0;H;2;03.sty;03.kwi;02.maj;mar.25;mar.25;2;03.lut;03.maj;2;02.wrz;03.kwi;sty.91;03.lut;03.maj;2;03.sty;03.cze;01.wrz;3;mar.75;01.lip;2;01.sie;2;2;sty.67;-0.5;02.sie;sty.76;-0.5;lut.15;sty.75;-0.5
I1;13.03.2005;Atalanta;Parma;1;0;H;0;0;D;02.kwi;3;lut.75;lut.45;3;02.sie;02.maj;02.wrz;lut.75;02.kwi;02.sie;02.sie;lut.38;3;lut.75;02.kwi;3;lut.88;02.maj;02.sie;lut.75;02.maj;sty.65;02.lut;sty.65;lut.45;sty.45;-0.5;sty.78;02.cze;0;01.sie;02.sty;0
I1;13.03.2005;Bologna;Siena;1;1;D;0;0;D;sty.72;3;5;01.sie;03.sty;04.maj;01.lip;03.sty;05.sty;sty.75;02.wrz;04.cze;sty.73;lut.88;5;sty.73;03.sty;5;sty.72;3;04.sie;2;01.lip;02.lut;sty.65;sty.75;sty.89;-0.5;sty.86;sty.98;-0.5;01.wrz;2;-0.5
I1;13.03.2005;Brescia;Livorno;2;3;A;1;0;H;2;lut.87;mar.75;02.maj;lut.85;03.sie;02.sty;02.wrz;03.maj;2;02.sie;03.cze;2;lut.88;03.cze;2;lut.88;4;lut.15;02.wrz;03.lut;lut.15;01.cze;02.kwi;sty.53;02.sty;sty.59;-0.5;sty.98;sty.86;-0.5;2.025;1.875;-0.5
I1;13.03.2005;Cagliari;Roma;3;0;H;2;0;H;02.cze;lut.87;02.cze;02.cze;02.wrz;02.lip;lut.55;02.wrz;02.lip;lut.55;02.wrz;lut.55;02.maj;lut.88;lut.62;02.cze;lut.88;02.lip;02.maj;02.wrz;lut.62;sty.75;sty.95;01.sie;2;lut.55;01.kwi;-0.5;sty.88;sty.96;0;01.wrz;2;0
I1;13.03.2005;Chievo;Juventus;0;1;A;0;0;D;05.maj;03.kwi;sty.57;06.maj;mar.55;01.maj;05.wrz;03.lut;01.cze;5;03.lut;01.cze;6;03.kwi;01.maj;6;03.kwi;sty.57;6;03.sty;sty.57;2;01.lip;02.sty;01.lip;02.lip;01.cze;0.5;sty.96;sty.88;0.75;1.925;1.975;0.75
I1;13.03.2005;Milan;Sampdoria;1;0;H;0;0;D;01.maj;03.kwi;06.maj;sty.45;mar.65;07.maj;sty.45;03.maj;07.maj;sty.45;03.maj;6;sty.44;03.cze;06.maj;01.maj;03.kwi;7;sty.44;03.cze;06.maj;sty.95;sty.75;02.sty;01.lip;01.maj;lut.31;-0.5;02.lut;sty.82;-1;02.maj;sty.85;-1
I1;13.03.2005;Palermo;Udinese;1;5;A;0;3;A;02.lut;02.sie;02.cze;02.lut;lut.75;mar.55;lut.15;02.sie;03.maj;2;02.sie;03.cze;2;02.sie;mar.75;02.lut;lut.88;03.kwi;02.maj;02.sie;03.cze;lut.15;01.cze;02.kwi;sty.53;lut.15;sty.56;-0.5;01.wrz;sty.94;-0.25;01.wrz;2;-0.25
I1;13.03.2005;Reggina;Messina;0;2;A;0;2;A;01.wrz;02.wrz;4;2;lut.85;4;2;02.wrz;03.wrz;01.wrz;02.sie;4;sty.83;lut.88;kwi.33;sty.95;3;4;sty.95;lut.75;4;2;01.lip;lut.25;sty.62;2;sty.66;-0.5;sty.98;sty.86;-0.5;02.maj;sty.85;-0.5
I1;19.03.2005;Juventus;Reggina;1;0;H;0;0;D;sty.25;04.maj;11;sty.25;5;10;sty.22;maj.25;11;sty.25;04.maj;9;sty.25;04.maj;10;sty.25;5;10;sty.22;5;09.maj;sty.79;01.wrz;sty.85;sty.95;sty.22;mar.55;-0.5;01.wrz;sty.94;-1.5;sty.95;sty.95;-1.5
I1;19.03.2005;Siena;Lazio;1;0;H;0;0;D;lut.37;lut.87;lut.87;02.kwi;02.wrz;lut.95;lut.37;02.wrz;3;02.mar;02.lip;3;lut.38;02.sie;lut.88;lut.38;lut.88;3;02.kwi;lut.87;02.sie;2;sty.71;lut.15;sty.66;lut.37;sty.47;-0.5;sty.74;02.sty;0;sty.75;lut.15;0
I1;20.03.2005;Chievo;Brescia;3;1;H;0;1;A;01.wrz;03.sty;mar.75;01.wrz;mar.15;mar.95;sty.91;03.sty;mar.95;2;3;03.mar;sty.91;3;mar.75;sty.91;03.sty;4;sty.95;lut.87;03.sie;lut.15;01.cze;lut.25;sty.61;sty.91;sty.74;-0.5;sty.88;sty.96;-0.5;1.925;1.975;-0.5
I1;20.03.2005;Inter;Fiorentina;3;2;H;1;1;D;sty.44;03.sie;8;sty.45;mar.65;07.maj;sty.45;mar.75;7;sty.45;03.cze;05.sie;01.kwi;03.cze;07.maj;sty.44;4;07.maj;sty.36;mar.75;8;sty.79;01.wrz;01.sie;2;02.gru;sty.47;-1.5;02.sty;sty.74;-1.25;lut.15;sty.75;-1.25
I1;20.03.2005;Livorno;Cagliari;3;3;D;2;2;D;2;3;03.maj;02.sty;lut.85;03.lip;02.maj;02.wrz;mar.75;01.wrz;02.sie;4;sty.91;3;mar.75;02.maj;3;03.cze;sty.95;lut.87;03.sie;sty.95;sty.75;2;01.sie;02.maj;sty.64;-0.5;02.kwi;01.sie;-0.5;2;01.wrz;-0.5
I1;20.03.2005;Messina;Bologna;0;0;D;0;0;D;02.sty;lut.75;03.cze;02.lut;02.lip;mar.65;02.lut;lut.85;03.kwi;02.lut;02.cze;03.mar;02.sty;02.sie;03.kwi;02.lut;02.sie;03.maj;lut.15;lut.75;03.kwi;lut.15;01.cze;lut.37;sty.55;02.lut;sty.55;-0.5;2;sty.84;-0.25;02.maj;sty.85;-0.25
I1;20.03.2005;Parma;Palermo;3;3;D;1;2;A;02.mar;lut.87;3;lut.55;lut.75;02.wrz;02.maj;02.sie;02.wrz;02.mar;02.lip;3;lut.25;3;lut.88;02.maj;02.sie;02.wrz;02.mar;02.sie;3;sty.95;sty.75;02.sty;01.lip;02.maj;sty.42;-0.5;02.cze;sty.78;-0.25;02.sty;01.sie;-0.25
I1;20.03.2005;Roma;Milan;0;2;A;0;0;D;03.mar;03.sty;02.lut;mar.65;03.sty;2;mar.25;03.lut;02.sty;3;02.wrz;02.lut;03.kwi;3;2;03.maj;03.sty;02.sty;03.mar;02.sie;lut.15;2;sty.71;lut.15;sty.66;sty.61;02.sty;0.5;sty.96;sty.88;0.25;2;01.wrz;0.25
I1;20.03.2005;Sampdoria;Atalanta;1;2;A;1;1;D;01.maj;03.maj;6;sty.45;mar.75;7;sty.47;03.cze;7;sty.45;03.cze;05.sie;01.kwi;mar.75;7;01.maj;03.cze;06.maj;01.kwi;mar.75;7;lut.15;01.cze;02.lut;sty.65;lut.15;sty.45;-1.5;sty.74;02.sty;-0.75;1.725;2.175;-0.75
I1;20.03.2005;Udinese;Lecce;2;1;H;1;1;D;sty.66;03.lut;5;sty.65;mar.35;05.sty;sty.67;mar.25;05.lut;01.lip;03.sty;04.kwi;sty.67;03.lut;5;sty.67;03.mar;5;sty.66;03.sty;5;sty.55;lut.25;sty.65;02.lut;sty.67;2;-0.5;sty.84;2;-0.75;1.875;2.025;-0.75
I1;09.04.2005;Bologna;Inter;0;1;A;0;1;A;mar.25;3;02.sty;3;lut.85;02.kwi;lut.95;02.wrz;lut.35;02.sie;02.sie;02.kwi;03.lut;lut.75;lut.25;mar.25;lut.88;lut.25;3;02.sie;02.mar;2;sty.71;02.sty;01.lip;sty.46;lut.35;0.5;sty.78;02.cze;0.25;01.sie;02.sty;0.25
I1;09.04.2005;Fiorentina;Juventus;3;3;D;2;1;H;5;03.mar;sty.72;04.kwi;mar.15;01.sie;04.maj;03.lut;sty.75;4;3;01.sie;kwi.33;03.lut;sty.73;04.sie;03.mar;sty.75;5;3;01.lip;02.maj;sty.65;02.mar;01.cze;sty.87;sty.75;0.5;2;sty.84;0.5;02.maj;sty.85;0.5
I1;09.04.2005;Milan;Brescia;1;1;D;1;0;H;sty.22;05.maj;13;sty.17;05.cze;15;sty.18;maj.25;15;01.lut;5;10;sty.17;05.maj;12;sty.22;05.maj;12;01.lut;5;11;sty.85;sty.85;01.wrz;01.wrz;;;;sty.86;sty.98;-1.5;1.875;2.025;-1.5
I1;10.04.2005;Atalanta;Chievo;3;0;H;2;0;H;02.sty;lut.87;03.kwi;02.lut;3;03.lut;lut.15;3;mar.25;02.lut;02.wrz;3;2;03.lut;03.lut;02.sty;03.sty;03.mar;02.sty;02.sie;03.kwi;02.maj;sty.65;lut.37;sty.55;lut.15;sty.56;-0.5;sty.78;02.cze;-0.25;1.775;2.125;-0.25
I1;10.04.2005;Cagliari;Sampdoria;0;0;D;0;0;D;02.kwi;lut.87;lut.87;02.kwi;02.sie;03.sty;02.mar;02.wrz;03.maj;02.mar;02.wrz;02.sie;lut.25;lut.88;3;02.mar;02.wrz;03.sty;02.mar;02.sie;3;01.wrz;sty.75;2;01.sie;02.mar;sty.49;-0.5;02.cze;sty.78;-0.25;2.075;1.825;-0.25
I1;10.04.2005;Lazio;Livorno;3;1;H;2;0;H;sty.72;3;5;01.lip;03.sty;05.mar;01.lip;03.sty;5;sty.75;03.sty;04.lut;sty.73;03.lut;kwi.33;sty.73;03.sty;5;sty.72;3;04.sie;sty.95;sty.75;02.maj;sty.75;01.lip;sty.91;-0.5;sty.88;sty.96;-0.75;1.875;2.025;-0.75
I1;10.04.2005;Lecce;Siena;2;2;D;1;1;D;01.wrz;03.lut;03.cze;2;03.sty;03.cze;sty.95;03.sty;mar.65;2;03.sty;03.lut;sty.91;3;mar.75;sty.95;03.sty;mar.75;sty.83;03.lut;mar.75;sty.71;2;01.sie;2;sty.95;sty.68;-0.5;02.kwi;01.sie;-0.5;02.maj;sty.85;-0.5
I1;10.04.2005;Palermo;Messina;2;1;H;0;0;D;sty.72;03.lut;04.maj;01.sie;03.sty;kwi.55;sty.75;03.lut;04.maj;01.lip;03.sty;04.kwi;sty.73;03.lut;kwi.33;sty.73;03.sty;5;sty.72;3;04.sie;lut.15;01.cze;sty.75;02.maj;sty.75;sty.87;-0.5;sty.78;02.cze;-0.5;1.775;2.125;-0.5
I1;10.04.2005;Reggina;Parma;1;3;A;0;1;A;2;3;03.maj;lut.15;lut.75;03.lip;02.sty;02.sie;03.cze;02.lut;02.lip;03.lut;02.sty;02.sie;03.kwi;02.sty;lut.88;03.cze;2;lut.75;03.sie;02.maj;sty.65;lut.37;sty.55;02.sty;sty.58;-0.5;sty.82;02.lut;-0.25;01.wrz;2;-0.25
I1;10.04.2005;Udinese;Roma;3;3;D;2;3;A;sty.72;mar.25;kwi.33;sty.75;03.mar;kwi.45;sty.75;03.lut;04.maj;sty.75;03.sty;04.lut;sty.73;03.lut;kwi.33;sty.73;mar.25;kwi.75;01.lip;03.mar;kwi.33;sty.85;sty.85;sty.85;sty.95;sty.75;sty.87;-0.5;sty.88;sty.96;-0.75;sty.95;sty.95;-0.75
I1;16.04.2005;Messina;Udinese;1;0;H;0;0;D;lut.62;02.sie;lut.62;lut.75;02.sie;lut.65;02.cze;02.lip;02.sie;02.cze;02.lip;02.lip;02.maj;lut.75;02.sie;02.lip;02.sie;02.lip;lut.62;lut.75;lut.62;02.maj;sty.65;02.lut;sty.65;02.cze;sty.37;-0.5;02.kwi;01.sie;0;02.maj;sty.85;0
I1;16.04.2005;Roma;Reggina;1;2;A;1;0;H;sty.53;03.kwi;6;sty.55;03.kwi;06.mar;sty.55;mar.35;6;sty.55;03.kwi;5;01.maj;03.kwi;6;sty.53;03.maj;6;sty.53;mar.25;6;sty.79;01.wrz;01.wrz;01.wrz;sty.55;lut.15;-0.5;sty.92;sty.92;-1;sty.95;sty.95;-1
I1;16.04.2005;Sampdoria;Palermo;1;0;H;0;0;D;02.sty;02.lip;mar.75;lut.25;02.lip;mar.55;02.lut;lut.65;mar.55;02.sty;02.sie;03.mar;02.sty;lut.75;03.maj;02.lut;02.sie;03.maj;02.sty;02.lip;03.cze;lut.15;01.cze;02.mar;01.cze;02.lut;sty.52;-0.5;sty.86;sty.98;-0.25;01.wrz;2;-0.25
I1;17.04.2005;Bologna;Lazio;1;2;A;1;0;H;lut.25;02.lip;03.mar;lut.35;02.maj;mar.65;lut.25;02.cze;mar.55;02.lut;02.cze;03.mar;02.lut;lut.62;03.maj;lut.25;lut.75;03.kwi;lut.25;02.maj;03.cze;lut.15;01.cze;02.mar;01.cze;;;;02.lut;sty.82;-0.25;02.sty;01.sie;-0.25
I1;17.04.2005;Brescia;Atalanta;1;0;H;0;0;D;02.lut;03.lut;lut.87;lut.25;03.maj;03.maj;02.sty;mar.15;mar.15;02.lut;02.wrz;3;02.lut;3;3;02.lut;03.sty;03.sty;02.sty;03.lut;3;02.maj;sty.65;lut.15;sty.66;02.sty;sty.58;-0.5;sty.96;sty.88;-0.25;sty.95;sty.95;-0.25
I1;17.04.2005;Chievo;Parma;2;0;H;0;0;D;lut.25;lut.87;03.sty;lut.35;02.sie;03.lut;lut.25;02.sie;03.lut;02.mar;02.sie;02.wrz;lut.25;lut.88;3;02.mar;3;3;lut.25;lut.75;03.lut;02.maj;sty.65;02.lut;sty.65;lut.25;sty.49;-0.5;02.sie;sty.76;-0.25;2.125;1.775;-0.25
I1;17.04.2005;Inter;Cagliari;2;0;H;1;0;H;sty.36;4;07.maj;01.kwi;mar.85;8;sty.35;4;8;01.kwi;03.lip;06.maj;sty.36;mar.75;8;sty.36;4;08.maj;sty.33;mar.75;9;sty.71;2;sty.75;02.maj;2;sty.54;-1.5;sty.94;01.wrz;-1.25;2;01.wrz;-1.25
I1;17.04.2005;Juventus;Lecce;5;2;H;3;1;H;sty.25;5;08.maj;sty.25;maj.25;9;sty.25;5;9;sty.25;04.maj;9;sty.25;04.maj;10;sty.25;5;10;01.lut;5;11;sty.65;02.maj;01.lip;02.sty;;;;02.cze;sty.78;-1.5;2.075;1.825;-1.5
I1;17.04.2005;Livorno;Fiorentina;2;0;H;2;0;H;02.mar;lut.75;03.lut;lut.45;02.maj;mar.45;lut.35;02.lip;mar.15;02.mar;02.cze;03.sty;02.lut;02.sie;03.lut;02.mar;02.sie;03.lut;02.mar;02.cze;mar.25;02.maj;sty.65;02.lut;sty.65;lut.35;sty.45;-0.5;02.sie;sty.76;-0.25;2.125;1.775;-0.25
I1;17.04.2005;Siena;Milan;2;1;H;0;0;D;05.maj;03.kwi;sty.57;cze.25;03.kwi;sty.55;06.lut;03.kwi;sty.53;5;03.lut;01.cze;6;03.kwi;01.maj;6;03.kwi;sty.57;7;03.lut;01.maj;02.maj;sty.65;02.mar;01.cze;02.lut;sty.53;0.5;01.sie;02.kwi;1;01.sie;02.sty;1
I1;20.04.2005;Cagliari;Lazio;1;1;D;0;0;D;02.lut;02.cze;03.cze;02.kwi;02.cze;mar.35;02.mar;02.cze;03.kwi;02.lut;02.maj;03.maj;2;02.lip;4;02.sty;lut.88;03.cze;lut.25;lut.62;03.mar;2;sty.71;;;02.mar;sty.47;-0.5;sty.98;sty.86;-0.25;2.025;1.875;-0.25
I1;20.04.2005;Fiorentina;Messina;1;1;D;0;0;D;sty.72;3;5;01.sie;03.sty;04.cze;sty.75;03.sty;04.maj;sty.75;3;04.kwi;sty.73;lut.88;5;sty.91;3;04.lut;sty.72;03.sty;04.maj;sty.85;sty.85;;;lut.75;sty.22;-1.5;sty.88;sty.96;-0.75;01.wrz;2;-0.75
I1;20.04.2005;Juventus;Inter;0;1;A;0;1;A;2;lut.87;kwi.33;01.wrz;3;kwi.15;sty.91;3;kwi.33;sty.75;02.wrz;04.cze;01.sie;03.lut;4;sty.91;3;04.maj;01.wrz;lut.87;4;2;sty.71;;;sty.91;sty.77;-0.5;sty.98;sty.86;-0.5;1.975;1.925;-0.5
I1;20.04.2005;Lecce;Bologna;1;1;D;1;1;D;02.lut;02.cze;03.cze;02.kwi;02.cze;03.kwi;02.lut;02.lip;03.maj;02.lut;02.kwi;03.lip;lut.25;lut.75;03.lut;02.lut;lut.75;03.cze;lut.15;02.cze;03.cze;sty.85;sty.85;;;02.lut;sty.52;-0.5;sty.96;sty.88;-0.25;2;01.wrz;-0.25
I1;20.04.2005;Milan;Chievo;1;0;H;0;0;D;sty.22;5;11;sty.17;6;13;01.lut;5;12;sty.22;04.sie;09.maj;sty.17;05.maj;12;sty.22;maj.25;11;sty.22;5;09.maj;sty.71;2;;;;;;sty.96;sty.88;-1.5;2.025;1.875;-1.5
I1;20.04.2005;Palermo;Brescia;3;3;D;2;2;D;sty.57;03.mar;05.maj;sty.65;03.lut;05.maj;01.cze;03.lut;maj.75;sty.55;03.mar;05.lut;sty.62;mar.25;5;sty.62;03.mar;05.maj;sty.57;03.mar;05.maj;2;sty.71;;;01.cze;02.cze;-0.5;01.wrz;sty.94;-0.75;sty.95;sty.95;-0.75
I1;20.04.2005;Parma;Sampdoria;1;1;D;1;1;D;lut.37;lut.87;lut.87;02.maj;02.wrz;02.sie;02.maj;02.lip;02.wrz;02.kwi;02.lip;02.wrz;lut.38;lut.88;02.sie;lut.38;lut.88;3;lut.37;02.lip;3;02.maj;sty.65;;;02.maj;01.kwi;-0.5;sty.72;02.gru;0;01.lip;02.lut;0
I1;20.04.2005;Reggina;Atalanta;0;0;D;0;0;D;01.wrz;lut.87;4;01.wrz;03.sty;4;sty.87;3;04.sty;01.wrz;3;03.cze;2;03.lut;03.lut;2;03.sty;03.cze;sty.83;3;4;lut.15;01.cze;;;sty.87;sty.73;-0.5;02.kwi;01.sie;-0.5;2.075;1.825;-0.5
I1;20.04.2005;Roma;Siena;0;2;A;0;0;D;sty.66;03.lut;5;sty.65;03.kwi;5;sty.65;mar.25;5;sty.65;03.lut;04.cze;sty.62;mar.25;5;sty.62;03.mar;05.maj;sty.61;03.mar;5;sty.75;sty.95;;;sty.65;sty.97;-0.5;sty.88;sty.96;-0.75;01.wrz;2;-0.75
I1;20.04.2005;Udinese;Livorno;1;1;D;1;0;H;sty.61;03.lut;05.maj;sty.65;mar.25;05.kwi;01.cze;03.sty;6;01.cze;03.lut;5;sty.67;03.sty;5;sty.62;03.lut;6;sty.57;03.mar;05.maj;sty.75;sty.95;;;01.cze;02.kwi;-0.5;sty.78;02.cze;-0.75;1.775;2.125;-0.75
I1;23.04.2005;Milan;Parma;3;0;H;1;0;H;01.kwi;mar.75;07.maj;sty.35;4;9;sty.35;4;9;01.kwi;03.lip;06.maj;01.mar;4;9;01.mar;04.maj;9;sty.28;04.maj;8;sty.95;sty.75;2;01.sie;;;;02.kwi;01.sie;-1.25;2.125;sty.75;-1.25
I1;23.04.2005;Siena;Udinese;2;3;A;1;1;D;02.maj;lut.87;02.lip;02.maj;lut.75;lut.95;lut.45;02.sie;02.wrz;02.kwi;02.lip;02.wrz;lut.25;lut.88;3;02.maj;lut.75;3;02.maj;02.sie;lut.75;2;sty.71;02.maj;sty.75;lut.45;sty.42;-0.5;sty.76;02.sie;0;sty.85;02.maj;0
I1;24.04.2005;Atalanta;Palermo;1;0;H;0;0;D;02.maj;3;lut.62;02.lip;mar.15;lut.45;02.cze;3;02.maj;02.cze;02.sie;02.cze;02.maj;lut.88;lut.62;02.maj;3;02.lip;02.maj;02.wrz;lut.62;02.maj;sty.65;02.lut;sty.65;sty.39;02.maj;0.5;;;;01.wrz;2;0
I1;24.04.2005;Bologna;Fiorentina;0;0;D;0;0;D;lut.25;lut.62;03.kwi;lut.25;02.cze;mar.65;02.lut;02.cze;mar.75;02.sty;02.cze;03.cze;02.lut;lut.62;03.maj;02.lut;lut.75;03.cze;2;lut.87;03.cze;02.maj;sty.65;lut.15;sty.66;;;;02.kwi;01.sie;-0.25;02.maj;sty.85;-0.25
I1;24.04.2005;Brescia;Reggina;2;0;H;0;0;D;2;3;03.maj;2;3;03.lip;02.maj;02.wrz;mar.55;02.sty;02.lip;03.maj;2;3;03.kwi;2;lut.88;4;02.maj;lut.87;03.maj;sty.95;sty.75;lut.15;sty.66;02.maj;01.cze;-0.5;sty.74;02.sty;-0.25;sty.95;sty.95;-0.5
I1;24.04.2005;Chievo;Cagliari;1;1;D;1;0;H;01.wrz;02.wrz;4;2;3;03.sie;sty.95;3;mar.75;sty.85;02.wrz;4;sty.91;3;mar.75;sty.91;3;04.lut;sty.83;3;4;sty.95;sty.75;02.maj;sty.75;sty.95;sty.67;-0.5;sty.92;sty.92;-0.5;01.wrz;2;-0.5
I1;24.04.2005;Lazio;Juventus;0;1;A;0;0;D;mar.25;3;02.sty;03.lut;3;02.lut;mar.25;lut.85;02.lut;03.lut;02.wrz;02.sty;mar.75;3;sty.91;mar.75;3;02.sty;mar.75;3;01.wrz;2;sty.71;02.sty;01.lip;sty.52;02.lut;0.5;sty.74;02.sty;0.5;02.maj;sty.85;0.25
I1;24.04.2005;Livorno;Lecce;1;0;H;0;0;D;2;02.lip;4;2;02.sie;kwi.15;sty.95;lut.75;kwi.25;2;02.cze;4;sty.83;lut.88;kwi.33;2;lut.75;04.lut;2;lut.75;03.sie;sty.85;sty.85;sty.75;02.maj;sty.95;sty.67;-0.5;sty.78;02.cze;-0.25;01.sie;02.sty;-0.25
I1;24.04.2005;Messina;Inter;2;1;H;0;0;D;03.maj;3;2;mar.85;lut.95;2;03.wrz;02.sie;2;03.maj;02.lip;02.sty;mar.75;02.sie;2;04.lut;lut.75;2;04.lut;lut.75;01.wrz;sty.95;sty.75;02.maj;sty.75;sty.64;2;0.5;sty.74;02.sty;0.5;sty.75;2.125;0.5
I1;24.04.2005;Sampdoria;Roma;2;1;H;1;0;H;sty.72;mar.25;kwi.33;sty.85;mar.25;04.maj;01.sie;3;04.maj;01.lip;03.sty;04.kwi;sty.73;03.lut;kwi.33;sty.83;03.sty;kwi.33;01.sie;3;04.lut;sty.95;sty.75;2;01.sie;01.sie;01.sie;-0.5;sty.82;02.lut;-0.5;1.825;2.075;-0.5
I1;30.04.2005;Cagliari;Reggina;1;1;D;0;1;A;;;;;;;02.maj;sty.63;06.maj;;;;;;;;;;;;;;;;;;;;;;;;;
I1;30.04.2005;Fiorentina;Milan;1;2;A;1;0;H;04.maj;mar.25;sty.83;04.mar;mar.25;01.sie;4;03.lut;01.sie;04.lut;03.sty;sty.75;04.maj;03.lut;01.lip;04.maj;03.mar;01.sie;kwi.33;03.lut;sty.72;2;sty.71;02.lut;sty.65;;;;sty.92;sty.92;0.5;01.lip;02.lut;0.75
I1;01.05.2005;Inter;Siena;2;0;H;2;0;H;01.kwi;mar.75;7;sty.45;03.maj;8;01.kwi;mar.75;07.cze;sty.45;03.maj;6;01.kwi;mar.75;7;sty.44;mar.75;7;sty.33;4;8;sty.75;sty.95;01.sie;2;02.sie;sty.48;-1.5;02.sty;sty.74;-1.25;01.wrz;2;-1
I1;01.05.2005;Juventus;Bologna;2;1;H;2;1;H;01.mar;kwi.33;8;01.mar;kwi.45;09.maj;01.mar;kwi.35;9;sty.27;04.mar;08.maj;sty.29;4;10;01.mar;04.maj;9;sty.25;5;8;sty.95;sty.75;2;01.sie;sty.83;sty.64;-1.5;sty.82;02.lut;-1.25;1.875;2.025;-1.25
I1;01.05.2005;Lecce;Lazio;5;3;H;2;1;H;01.wrz;03.sty;mar.75;sty.95;03.maj;03.sie;sty.85;03.sty;4;01.sie;02.wrz;04.lut;2;3;03.kwi;sty.91;03.lut;mar.75;01.wrz;3;mar.75;sty.75;sty.95;01.sie;2;;;;sty.76;02.sie;-0.25;sty.75;lut.15;-0.25
I1;01.05.2005;Messina;Sampdoria;2;2;D;1;1;D;lut.75;02.maj;02.sie;3;02.mar;3;lut.75;lut.35;3;02.cze;02.kwi;3;lut.75;lut.38;3;lut.75;02.kwi;03.sty;lut.62;02.maj;lut.87;lut.25;sty.55;lut.35;sty.57;;;;sty.86;sty.98;0;01.wrz;2;0
I1;01.05.2005;Palermo;Chievo;2;2;D;2;1;H;sty.72;03.lut;kwi.33;sty.75;03.lut;04.lip;sty.72;mar.15;04.lip;sty.65;03.lut;04.cze;sty.73;03.lut;kwi.33;sty.75;mar.25;04.maj;sty.72;03.lut;kwi.33;2;sty.71;02.lut;sty.65;sty.72;sty.89;-0.5;sty.84;2;-0.5;sty.85;02.maj;-0.5
I1;01.05.2005;Parma;Livorno;6;4;H;3;2;H;sty.57;03.maj;5;01.maj;03.cze;06.kwi;sty.55;03.maj;05.maj;01.maj;03.maj;05.kwi;01.maj;03.kwi;6;sty.57;03.maj;05.maj;sty.57;03.maj;5;sty.95;sty.75;01.wrz;01.wrz;;;;01.lip;lut.14;-0.75;2;01.wrz;-1
I1;01.05.2005;Roma;Brescia;2;2;D;1;0;H;sty.66;03.lut;5;01.cze;03.kwi;05.maj;01.cze;03.mar;05.maj;sty.75;03.sty;04.lut;sty.67;mar.25;04.maj;sty.62;03.kwi;maj.25;sty.66;03.mar;04.maj;sty.79;01.wrz;sty.85;sty.95;01.cze;02.cze;-0.5;sty.92;sty.92;-0.75;sty.95;sty.95;-0.75
I1;01.05.2005;Udinese;Atalanta;2;1;H;2;1;H;sty.61;mar.25;5;01.cze;03.maj;maj.35;01.cze;03.kwi;maj.25;01.cze;03.mar;04.sie;sty.62;03.maj;04.maj;sty.62;03.maj;5;sty.57;03.maj;5;sty.95;sty.75;02.maj;sty.75;01.cze;02.cze;-0.5;;;;1.875;2.025;-0.75
I1;08.05.2005;Atalanta;Messina;2;1;H;0;1;A;sty.57;03.maj;5;sty.65;mar.65;04.maj;sty.65;03.kwi;04.lip;sty.65;03.mar;04.kwi;sty.62;mar.25;5;sty.62;03.maj;5;sty.53;03.cze;5;01.cze;lut.15;sty.75;02.maj;sty.65;sty.97;-0.5;;;;1.775;2.125;-0.75
I1;08.05.2005;Brescia;Inter;0;3;A;0;0;D;lut.87;3;02.mar;lut.95;02.wrz;02.kwi;lut.95;02.wrz;lut.35;3;02.lip;02.mar;3;lut.88;lut.25;3;lut.88;02.kwi;3;lut.87;lut.25;sty.85;sty.85;sty.85;sty.95;sty.46;lut.35;0.5;02.sie;sty.76;0;2.125;1.775;0
I1;08.05.2005;Cagliari;Palermo;0;0;D;0;0;D;03.sty;sty.66;5;mar.25;sty.65;maj.15;02.wrz;sty.65;5;;;;;;;;;;;;;;;02.sty;01.lip;;;;;;;1.825;2.075;0
I1;08.05.2005;Chievo;Fiorentina;1;2;A;0;1;A;02.mar;lut.62;03.mar;02.kwi;02.lip;mar.15;02.mar;02.lip;mar.25;02.lut;02.sie;03.sty;02.lut;02.sie;03.lut;lut.25;02.sie;03.mar;02.lut;02.sie;03.lut;02.maj;sty.65;02.lut;sty.65;02.mar;sty.47;-0.5;02.lut;sty.82;-0.25;2.025;1.875;-0.25
I1;08.05.2005;Lazio;Udinese;0;1;A;0;0;D;02.sie;02.maj;lut.75;02.lip;02.kwi;03.lut;02.cze;lut.45;03.sty;02.lip;02.kwi;02.wrz;lut.75;02.cze;02.lip;02.sie;02.maj;lut.88;lut.75;02.maj;lut.75;;;sty.65;02.lut;;;;sty.94;01.wrz;0;2;01.wrz;0
I1;08.05.2005;Livorno;Siena;3;6;A;1;2;A;mar.25;sty.83;mar.75;mar.35;sty.85;03.maj;3;01.sie;4;;;;;;;;;;;;;;;01.wrz;01.wrz;;;;;;;02.maj;sty.85;0
I1;08.05.2005;Milan;Juventus;0;1;A;0;1;A;02.lut;lut.87;03.cze;02.sty;lut.85;03.lip;02.sty;lut.85;mar.75;2;02.sie;03.cze;2;3;03.kwi;02.sty;lut.88;03.cze;02.sty;02.sie;03.kwi;lut.15;01.cze;02.lut;sty.65;02.sty;sty.62;-0.5;sty.94;01.wrz;-0.25;sty.95;sty.95;-0.25
I1;08.05.2005;Parma;Roma;2;1;H;0;1;A;02.sty;02.sie;03.maj;lut.35;02.lip;mar.25;lut.15;lut.65;03.cze;02.lut;02.cze;03.mar;02.sty;lut.62;mar.75;lut.25;02.lip;03.maj;02.sty;02.cze;mar.75;01.cze;lut.15;01.lip;02.sty;lut.15;sty.53;-0.5;;;;1.825;2.075;-0.25
I1;08.05.2005;Reggina;Bologna;1;1;D;1;1;D;;;;mar.45;sty.45;7;mar.25;sty.45;7;;;;;;;;;;;;;;;;;;;;;;;sty.55;lut.35;0
I1;08.05.2005;Sampdoria;Lecce;3;0;H;2;0;H;sty.53;03.cze;05.maj;01.maj;mar.55;06.kwi;01.maj;03.maj;cze.15;sty.45;03.cze;05.sie;01.maj;03.kwi;6;sty.53;03.maj;6;sty.44;03.cze;06.maj;sty.45;02.maj;sty.65;02.lut;01.maj;lut.23;-0.5;sty.88;sty.96;-1;sty.95;sty.95;-1
I1;15.05.2005;Bologna;Brescia;1;2;A;0;0;D;;;;02.sty;lut.65;mar.75;lut.15;02.cze;03.sie;;;;02.sty;02.lip;03.cze;lut.25;lut.62;03.cze;02.lut;02.cze;03.maj;;;;;lut.15;sty.54;-0.5;;;;;;
I1;15.05.2005;Fiorentina;Atalanta;0;0;D;0;0;D;sty.61;mar.25;5;01.cze;03.maj;05.lut;01.cze;03.maj;5;sty.65;03.mar;04.kwi;sty.57;03.maj;5;sty.62;03.kwi;maj.25;sty.66;03.maj;04.lut;sty.95;sty.71;;;01.cze;02.cze;-0.5;;;;sty.85;02.maj;-0.75
I1;15.05.2005;Inter;Livorno;1;0;H;1;0;H;sty.28;kwi.33;08.maj;01.mar;04.cze;9;01.mar;kwi.45;08.maj;sty.35;4;7;sty.25;04.maj;10;sty.33;kwi.33;08.maj;sty.28;kwi.33;08.maj;02.cze;01.kwi;;;sty.85;sty.63;-1.5;;;;01.sie;02.sty;-1.25
I1;15.05.2005;Juventus;Parma;2;0;H;2;0;H;01.mar;4;09.maj;sty.28;04.cze;10;sty.28;04.maj;9;sty.35;4;7;sty.22;5;10;01.mar;04.maj;9;sty.25;04.maj;10;sty.75;01.wrz;;;sty.81;sty.66;-1.5;;;;2;01.wrz;-1.25
I1;15.05.2005;Lecce;Milan;2;2;D;0;1;A;05.maj;03.kwi;sty.53;04.cze;kwi.25;sty.55;04.maj;4;sty.57;04.cze;03.kwi;01.cze;05.maj;03.maj;sty.53;05.maj;03.maj;sty.57;04.maj;03.maj;sty.61;02.mar;01.maj;;;02.gru;sty.57;0.5;;;;1.975;1.925;1
I1;15.05.2005;Messina;Cagliari;2;1;H;1;0;H;;;;2;2;06.maj;2;02.sty;06.maj;;;;;;;;;;sty.95;lut.15;7;;;;;;;;;;;;;
I1;15.05.2005;Palermo;Reggina;1;1;D;0;1;A;;;;02.cze;sty.65;05.sie;02.maj;sty.65;05.lip;;;;;;;;;;;;;;;;;;;;;;;;;
I1;15.05.2005;Roma;Lazio;0;0;D;0;0;D;;;;02.sie;01.wrz;4;02.lip;sty.85;03.lip;;;;;;;;;;lut.75;01.wrz;04.lut;;;;;;;;;;;;;
I1;15.05.2005;Siena;Chievo;0;1;A;0;0;D;2;lut.75;03.sie;02.maj;02.sie;03.wrz;02.maj;lut.75;03.sie;2;02.sie;03.cze;2;02.sie;mar.75;2;lut.88;4;01.wrz;lut.87;4;sty.79;sty.85;;;02.maj;01.cze;-0.5;;;;1.775;2.125;-0.25
I1;15.05.2005;Udinese;Sampdoria;1;1;D;1;1;D;02.lut;3;3;02.lut;lut.75;mar.55;lut.15;lut.85;03.maj;02.sty;02.sie;03.mar;02.sty;3;03.lut;02.lut;lut.88;03.kwi;02.sty;lut.87;03.mar;01.cze;02.sty;;;lut.15;sty.57;-0.5;;;;sty.95;sty.95;-0.25
I1;20.05.2005;Milan;Palermo;3;3;D;3;1;H;lut.25;02.maj;kwi.33;02.sty;02.maj;04.mar;lut.15;lut.45;4;02.sty;02.maj;03.cze;2;02.maj;04.maj;lut.15;02.maj;04.maj;02.sty;lut.37;kwi.33;2;sty.61;;;02.maj;sty.57;-0.5;;;;sty.95;sty.95;-0.25
I1;22.05.2005;Atalanta;Roma;0;1;A;0;0;D;lut.37;03.kwi;02.maj;02.maj;03.mar;02.maj;lut.45;03.mar;02.maj;02.kwi;03.lut;02.kwi;02.lut;mar.25;lut.75;02.kwi;03.kwi;02.cze;02.mar;03.kwi;02.maj;01.sie;01.sie;;;lut.45;sty.42;-0.5;;;;sty.95;sty.95;0
I1;22.05.2005;Brescia;Messina;2;1;H;0;0;D;sty.36;4;07.maj;sty.33;04.cze;07.maj;sty.31;kwi.25;07.maj;sty.35;04.kwi;6;sty.33;kwi.33;7;sty.36;04.lut;07.maj;sty.28;04.maj;8;;;;;;;;;;;2;01.wrz;-1
I1;22.05.2005;Cagliari;Udinese;1;1;D;0;0;D;04.maj;03.mar;sty.66;04.sty;03.mar;01.sie;4;03.mar;01.lip;03.kwi;03.lut;01.wrz;kwi.33;03.lut;sty.72;kwi.33;03.lut;01.sie;4;03.sty;01.sie;sty.85;sty.74;;;;;;;;;sty.75;lut.15;0.75
I1;22.05.2005;Chievo;Bologna;1;0;H;0;0;D;02.sty;lut.75;03.cze;02.sty;lut.75;03.sie;lut.15;02.lip;03.cze;02.sty;02.lip;03.maj;2;lut.62;4;02.lut;lut.75;03.maj;02.maj;02.lip;mar.75;2;sty.61;;;lut.15;sty.54;-0.5;;;;1.875;2.025;-0.25
I1;22.05.2005;Lazio;Fiorentina;1;1;D;1;1;D;03.maj;2;3;03.mar;02.maj;03.sty;mar.25;02.maj;3;;;;;;;03.maj;02.sty;02.wrz;03.lut;2;03.lut;;;;;sty.26;lut.95;0.5;;;;sty.75;lut.15;0.25
I1;22.05.2005;Livorno;Juventus;2;2;D;0;1;A;;;;06.lip;2;lut.15;cze.25;2;lut.15;5;01.wrz;02.lut;5;2;lut.37;7;2;02.mar;;;;;;;;sty.52;lut.15;0.5;;;;2;01.wrz;0.25
I1;22.05.2005;Parma;Siena;0;0;D;0;0;D;2;lut.37;5;sty.95;lut.37;6;01.wrz;lut.35;maj.75;sty.85;02.kwi;5;01.sie;02.cze;05.maj;2;lut.38;05.maj;sty.83;02.kwi;6;01.sie;01.sie;;;01.wrz;sty.67;-0.5;;;;2;01.wrz;-0.5
I1;22.05.2005;Reggina;Lecce;2;2;D;2;2;D;;;;mar.75;01.kwi;lip.65;;;;;;;;;;;;;;;;;;;;;;;;;;01.cze;02.mar;0
I1;22.05.2005;Sampdoria;Inter;0;1;A;0;1;A;sty.57;03.maj;5;01.cze;03.lip;04.sie;sty.55;03.maj;5;;;;sty.57;03.maj;5;01.cze;03.maj;maj.25;01.maj;03.kwi;6;;;;;sty.55;02.cze;-0.5;;;;02.sty;01.sie;-0.75
I1;29.05.2005;Bologna;Sampdoria;0;0;D;0;0;D;01.sie;4;mar.25;sty.75;4;mar.45;sty.77;4;mar.45;;;;sty.83;mar.75;03.lut;sty.75;4;03.cze;;;;sty.95;sty.65;;;sty.75;sty.85;-0.5;;;;01.sie;02.sty;-0.5
I1;29.05.2005;Fiorentina;Brescia;3;0;H;1;0;H;sty.61;4;4;sty.65;kwi.25;03.lip;sty.62;04.lut;4;01.sie;03.maj;03.kwi;sty.67;03.cze;4;1.727;mar.75;03.sie;01.lip;mar.75;mar.75;01.lip;01.wrz;;;01.cze;02.maj;-0.5;;;;lut.15;sty.75;-0.75
I1;29.05.2005;Inter;Reggina;0;0;D;0;0;D;sty.72;lut.37;08.maj;sty.75;lut.35;9;sty.75;02.mar;09.maj;01.lip;2;9;sty.73;lut.38;8;;;;;;;sty.65;sty.95;;;;;;;;;sty.95;sty.95;-0.5
I1;29.05.2005;Juventus;Cagliari;4;2;H;1;0;H;sty.39;03.maj;08.maj;01.kwi;03.maj;9;01.kwi;mar.55;08.maj;sty.45;03.maj;6;01.kwi;03.kwi;9;01.kwi;mar.75;8;sty.33;03.cze;10;sty.45;lut.35;;;;;;;;;1.975;1.925;-1.25
I1;29.05.2005;Lecce;Parma;3;3;D;2;2;D;05.maj;lut.87;sty.66;05.maj;03.sty;sty.65;05.maj;3;sty.73;;;;5;lut.88;sty.73;05.maj;2.875;1.667;;;;sty.45;lut.35;;;;;;;;;01.sie;02.sty;0.5
I1;29.05.2005;Messina;Livorno;1;1;D;0;0;D;lut.25;01.wrz;06.maj;02.mar;01.wrz;cze.75;lut.27;01.wrz;07.mar;2;2;6;;;;;;;;;;;;;;;;;;;;2.125;1.775;-0.25
I1;29.05.2005;Palermo;Lazio;3;3;D;1;1;D;;;;03.wrz;sty.45;6;03.sie;01.kwi;06.maj;;;;;;;;;;;;;;;;;;;;;;;;;
I1;29.05.2005;Roma;Chievo;0;0;D;0;0;D;kwi.33;sty.72;mar.25;03.lip;sty.75;03.lip;kwi.18;sty.75;mar.25;;;;;;;;;;;;;;;;;;;;;;;2.175;1.725;0
I1;29.05.2005;Siena;Atalanta;2;1;H;1;0;H;sty.14;06.maj;11;sty.15;cze.75;10.maj;sty.15;06.maj;13;01.lut;5;8;;;;;;;;;;;;;;;;;;;;2.125;1.775;-1.5
I1;29.05.2005;Udinese;Milan;1;1;D;0;0;D;01.maj;03.cze;05.maj;sty.65;mar.75;kwi.15;sty.52;mar.65;06.lut;;;;01.maj;03.cze;05.maj;1.615;03.maj;5;;;;;;;;;;;;;;1.875;2.025;-0.75
